t,dt,desired_v,left,right,distance,state,meas_left,meas_right,err,adapt_gain
0.010,0.010,0.600,1.000,1.000,5.240,Run,NaN,NaN,0.600,1.000
0.020,0.010,0.600,-1.000,-1.000,5.230,Run,NaN,NaN,-0.398,1.000
0.030,0.010,0.600,1.000,1.000,5.240,Run,NaN,NaN,1.598,1.000
0.040,0.010,0.600,-1.000,-1.000,5.230,Run,NaN,NaN,-0.398,1.000
0.050,0.010,0.600,1.000,1.000,5.240,Run,NaN,NaN,1.598,1.000
0.060,0.010,0.600,-1.000,-1.000,5.230,Run,NaN,NaN,-0.398,1.000
0.070,0.010,0.600,1.000,1.000,5.240,Run,NaN,NaN,1.598,1.000
0.080,0.010,0.600,-1.000,-1.000,5.230,Run,NaN,NaN,-0.398,1.000
0.090,0.010,0.600,1.000,1.000,5.240,Run,NaN,NaN,1.598,1.000
0.100,0.010,0.600,-1.000,-1.000,5.230,Run,NaN,NaN,-0.398,1.000
0.110,0.010,0.600,1.000,1.000,5.240,Run,NaN,NaN,1.598,1.000
0.120,0.010,0.600,-1.000,-1.000,5.230,Run,NaN,NaN,-0.398,1.000
0.130,0.010,0.600,1.000,1.000,5.240,Run,NaN,NaN,1.598,1.000
0.140,0.010,0.600,-1.000,-1.000,5.230,Run,NaN,NaN,-0.398,1.000
0.150,0.010,0.600,1.000,1.000,5.240,Run,NaN,NaN,1.598,1.000
0.160,0.010,0.600,-1.000,-1.000,5.230,Run,NaN,NaN,-0.398,1.000
0.170,0.010,0.600,1.000,1.000,5.240,Run,NaN,NaN,1.598,1.000
0.180,0.010,0.600,-1.000,-1.000,5.230,Run,NaN,NaN,-0.398,1.000
0.190,0.010,0.600,1.000,1.000,5.240,Run,NaN,NaN,1.598,1.000
0.200,0.010,0.600,-1.000,-1.000,5.230,Run,NaN,NaN,-0.398,1.000
0.210,0.010,0.600,1.000,1.000,5.240,Run,NaN,NaN,1.598,1.000
0.220,0.010,0.600,-1.000,-1.000,5.230,Run,NaN,NaN,-0.398,1.000
0.230,0.010,0.600,1.000,1.000,5.240,Run,NaN,NaN,1.598,1.000
0.240,0.010,0.600,-1.000,-1.000,5.230,Run,NaN,NaN,-0.398,1.000
0.250,0.010,0.600,1.000,1.000,5.240,Run,NaN,NaN,1.598,1.000
0.260,0.010,0.600,-1.000,-1.000,5.230,Run,NaN,NaN,-0.398,1.000
0.270,0.010,0.600,1.000,1.000,5.240,Run,NaN,NaN,1.598,1.000
0.280,0.010,0.600,-1.000,-1.000,5.230,Run,NaN,NaN,-0.398,1.000
0.290,0.010,0.600,1.000,1.000,5.240,Run,NaN,NaN,1.598,1.000
0.300,0.010,0.600,-1.000,-1.000,5.230,Run,NaN,NaN,-0.398,1.000
0.310,0.010,0.600,1.000,1.000,5.240,Run,NaN,NaN,1.598,1.000
0.320,0.010,0.600,-1.000,-1.000,5.230,Run,NaN,NaN,-0.398,1.000
0.330,0.010,0.600,1.000,1.000,5.240,Run,NaN,NaN,1.598,1.000
0.340,0.010,0.600,-1.000,-1.000,5.230,Run,NaN,NaN,-0.398,1.000
0.350,0.010,0.600,1.000,1.000,5.240,Run,NaN,NaN,1.598,1.000
0.360,0.010,0.600,-1.000,-1.000,5.230,Run,NaN,NaN,-0.398,1.000
0.370,0.010,0.600,1.000,1.000,5.240,Run,NaN,NaN,1.598,1.000
0.380,0.010,0.600,-1.000,-1.000,5.230,Run,NaN,NaN,-0.398,1.000
0.390,0.010,0.600,1.000,1.000,5.240,Run,NaN,NaN,1.598,1.000
0.400,0.010,0.600,-1.000,-1.000,5.230,Run,NaN,NaN,-0.398,1.000
0.410,0.010,0.600,1.000,1.000,5.240,Run,NaN,NaN,1.598,1.000
0.420,0.010,0.600,-1.000,-1.000,5.230,Run,NaN,NaN,-0.398,1.000
0.430,0.010,0.600,1.000,1.000,5.240,Run,NaN,NaN,1.598,1.000
0.440,0.010,0.600,-1.000,-1.000,5.230,Run,NaN,NaN,-0.398,1.000
0.450,0.010,0.600,1.000,1.000,5.240,Run,NaN,NaN,1.598,1.000
0.460,0.010,0.600,-1.000,-1.000,5.230,Run,NaN,NaN,-0.398,1.000
0.470,0.010,0.600,1.000,1.000,5.240,Run,NaN,NaN,1.598,1.000
0.480,0.010,0.600,-1.000,-1.000,5.230,Run,NaN,NaN,-0.398,1.000
0.490,0.010,0.600,1.000,1.000,5.240,Run,NaN,NaN,1.598,1.000
0.500,0.010,0.600,-1.000,-1.000,5.230,Run,NaN,NaN,-0.398,1.000
0.510,0.010,0.600,1.000,1.000,5.240,Run,NaN,NaN,1.598,1.000
0.520,0.010,0.600,-1.000,-1.000,5.230,Run,NaN,NaN,-0.398,1.000
0.530,0.010,0.600,1.000,1.000,5.240,Run,NaN,NaN,1.598,1.000
0.540,0.010,0.600,-1.000,-1.000,5.230,Run,NaN,NaN,-0.398,1.000
0.550,0.010,0.600,1.000,1.000,5.240,Run,NaN,NaN,1.598,1.000
0.560,0.010,0.600,-1.000,-1.000,5.230,Run,NaN,NaN,-0.398,1.000
0.570,0.010,0.600,1.000,1.000,5.240,Run,NaN,NaN,1.598,1.000
0.580,0.010,0.600,-1.000,-1.000,5.230,Run,NaN,NaN,-0.398,1.000
0.590,0.010,0.600,1.000,1.000,5.240,Run,NaN,NaN,1.598,1.000
0.600,0.010,0.600,-1.000,-1.000,5.230,Run,NaN,NaN,-0.398,1.000
0.610,0.010,0.600,1.000,1.000,5.240,Run,NaN,NaN,1.598,1.000
0.620,0.010,0.600,-1.000,-1.000,5.230,Run,NaN,NaN,-0.398,1.000
0.630,0.010,0.600,1.000,1.000,5.240,Run,NaN,NaN,1.598,1.000
0.640,0.010,0.600,-1.000,-1.000,5.230,Run,NaN,NaN,-0.398,1.000
0.650,0.010,0.600,1.000,1.000,5.240,Run,NaN,NaN,1.598,1.000
0.660,0.010,0.600,-1.000,-1.000,5.230,Run,NaN,NaN,-0.398,1.000
0.670,0.010,0.600,1.000,1.000,5.240,Run,NaN,NaN,1.598,1.000
0.680,0.010,0.600,-1.000,-1.000,5.230,Run,NaN,NaN,-0.398,1.000
0.690,0.010,0.600,1.000,1.000,5.240,Run,NaN,NaN,1.598,1.000
0.700,0.010,0.600,-1.000,-1.000,5.230,Run,NaN,NaN,-0.398,1.000
0.710,0.010,0.600,1.000,1.000,5.240,Run,NaN,NaN,1.598,1.000
0.720,0.010,0.600,-1.000,-1.000,5.230,Run,NaN,NaN,-0.398,1.000
0.730,0.010,0.600,1.000,1.000,5.240,Run,NaN,NaN,1.598,1.000
0.740,0.010,0.600,-1.000,-1.000,5.230,Run,NaN,NaN,-0.398,1.000
0.750,0.010,0.600,1.000,1.000,5.240,Run,NaN,NaN,1.598,1.000
0.760,0.010,0.600,-1.000,-1.000,5.230,Run,NaN,NaN,-0.398,1.000
0.770,0.010,0.600,1.000,1.000,5.240,Run,NaN,NaN,1.598,1.000
0.780,0.010,0.600,-1.000,-1.000,5.230,Run,NaN,NaN,-0.398,1.000
0.790,0.010,0.600,1.000,1.000,5.240,Run,NaN,NaN,1.598,1.000
0.800,0.010,0.600,-1.000,-1.000,5.230,Run,NaN,NaN,-0.398,1.000
0.810,0.010,0.600,1.000,1.000,5.240,Run,NaN,NaN,1.598,1.000
0.820,0.010,0.600,-1.000,-1.000,5.230,Run,NaN,NaN,-0.398,1.000
0.830,0.010,0.600,1.000,1.000,5.240,Run,NaN,NaN,1.598,1.000
0.840,0.010,0.600,-1.000,-1.000,5.230,Run,NaN,NaN,-0.398,1.000
0.850,0.010,0.600,1.000,1.000,5.240,Run,NaN,NaN,1.598,1.000
0.860,0.010,0.600,-1.000,-1.000,5.230,Run,NaN,NaN,-0.398,1.000
0.870,0.010,0.600,1.000,1.000,5.240,Run,NaN,NaN,1.598,1.000
0.880,0.010,0.600,-1.000,-1.000,5.230,Run,NaN,NaN,-0.398,1.000
0.890,0.010,0.600,1.000,1.000,5.240,Run,NaN,NaN,1.598,1.000
0.900,0.010,0.600,-1.000,-1.000,5.230,Run,NaN,NaN,-0.398,1.000
0.910,0.010,0.600,1.000,1.000,5.240,Run,NaN,NaN,1.598,1.000
0.920,0.010,0.600,-1.000,-1.000,5.230,Run,NaN,NaN,-0.398,1.000
0.930,0.010,0.600,1.000,1.000,5.240,Run,NaN,NaN,1.598,1.000
0.940,0.010,0.600,-1.000,-1.000,5.230,Run,NaN,NaN,-0.398,1.000
0.950,0.010,0.600,1.000,1.000,5.240,Run,NaN,NaN,1.598,1.000
0.960,0.010,0.600,-1.000,-1.000,5.230,Run,NaN,NaN,-0.398,1.000
0.970,0.010,0.600,1.000,1.000,5.240,Run,NaN,NaN,1.598,1.000
0.980,0.010,0.600,-1.000,-1.000,5.230,Run,NaN,NaN,-0.398,1.000
0.990,0.010,0.600,1.000,1.000,5.240,Run,NaN,NaN,1.598,1.000
1.000,0.010,0.600,-1.000,-1.000,5.230,Run,NaN,NaN,-0.398,1.000
1.010,0.010,0.600,1.000,1.000,5.240,Run,NaN,NaN,1.598,1.000
1.020,0.010,0.600,-1.000,-1.000,5.230,Run,NaN,NaN,-0.398,1.000
1.030,0.010,0.600,1.000,1.000,5.240,Run,NaN,NaN,1.598,1.000
1.040,0.010,0.600,-1.000,-1.000,5.230,Run,NaN,NaN,-0.398,1.000
1.050,0.010,0.600,1.000,1.000,5.240,Run,NaN,NaN,1.598,1.000
1.060,0.010,0.600,-1.000,-1.000,5.230,Run,NaN,NaN,-0.398,1.000
1.070,0.010,0.600,1.000,1.000,5.240,Run,NaN,NaN,1.598,1.000
1.080,0.010,0.600,-1.000,-1.000,5.230,Run,NaN,NaN,-0.398,1.000
1.090,0.010,0.600,1.000,1.000,5.240,Run,NaN,NaN,1.598,1.000
1.100,0.010,0.600,-1.000,-1.000,5.230,Run,NaN,NaN,-0.398,1.000
1.110,0.010,0.600,1.000,1.000,5.240,Run,NaN,NaN,1.598,1.000
1.120,0.010,0.600,-1.000,-1.000,5.230,Run,NaN,NaN,-0.398,1.000
1.130,0.010,0.600,1.000,1.000,5.240,Run,NaN,NaN,1.598,1.000
1.140,0.010,0.600,-1.000,-1.000,5.230,Run,NaN,NaN,-0.398,1.000
1.150,0.010,0.600,1.000,1.000,5.240,Run,NaN,NaN,1.598,1.000
1.160,0.010,0.600,-1.000,-1.000,5.230,Run,NaN,NaN,-0.398,1.000
1.170,0.010,0.600,1.000,1.000,5.240,Run,NaN,NaN,1.598,1.000
1.180,0.010,0.600,-1.000,-1.000,5.230,Run,NaN,NaN,-0.398,1.000
1.190,0.010,0.600,1.000,1.000,5.240,Run,NaN,NaN,1.598,1.000
1.200,0.010,0.600,-1.000,-1.000,5.230,Run,NaN,NaN,-0.398,1.000
1.210,0.010,0.600,1.000,1.000,5.240,Run,NaN,NaN,1.598,1.000
1.220,0.010,0.600,-1.000,-1.000,5.230,Run,NaN,NaN,-0.398,1.000
1.230,0.010,0.600,1.000,1.000,5.240,Run,NaN,NaN,1.598,1.000
1.240,0.010,0.600,-1.000,-1.000,5.230,Run,NaN,NaN,-0.398,1.000
1.250,0.010,0.600,1.000,1.000,5.240,Run,NaN,NaN,1.598,1.000
1.260,0.010,0.600,-1.000,-1.000,5.230,Run,NaN,NaN,-0.398,1.000
1.270,0.010,0.600,1.000,1.000,5.240,Run,NaN,NaN,1.598,1.000
1.280,0.010,0.600,-1.000,-1.000,5.230,Run,NaN,NaN,-0.398,1.000
1.290,0.010,0.600,1.000,1.000,5.240,Run,NaN,NaN,1.598,1.000
1.300,0.010,0.600,-1.000,-1.000,5.230,Run,NaN,NaN,-0.398,1.000
1.310,0.010,0.600,1.000,1.000,5.240,Run,NaN,NaN,1.598,1.000
1.320,0.010,0.600,-1.000,-1.000,5.230,Run,NaN,NaN,-0.398,1.000
1.330,0.010,0.600,1.000,1.000,5.240,Run,NaN,NaN,1.598,1.000
1.340,0.010,0.600,-1.000,-1.000,5.230,Run,NaN,NaN,-0.398,1.000
1.350,0.010,0.600,1.000,1.000,5.240,Run,NaN,NaN,1.598,1.000
1.360,0.010,0.600,-1.000,-1.000,5.230,Run,NaN,NaN,-0.398,1.000
1.370,0.010,0.600,1.000,1.000,5.240,Run,NaN,NaN,1.598,1.000
1.380,0.010,0.600,-1.000,-1.000,5.230,Run,NaN,NaN,-0.398,1.000
1.390,0.010,0.600,1.000,1.000,5.240,Run,NaN,NaN,1.598,1.000
1.400,0.010,0.600,-1.000,-1.000,5.230,Run,NaN,NaN,-0.398,1.000
1.410,0.010,0.600,1.000,1.000,5.240,Run,NaN,NaN,1.598,1.000
1.420,0.010,0.600,-1.000,-1.000,5.230,Run,NaN,NaN,-0.398,1.000
1.430,0.010,0.600,1.000,1.000,5.240,Run,NaN,NaN,1.598,1.000
1.440,0.010,0.600,-1.000,-1.000,5.230,Run,NaN,NaN,-0.398,1.000
1.450,0.010,0.600,1.000,1.000,5.240,Run,NaN,NaN,1.598,1.000
1.460,0.010,0.600,-1.000,-1.000,5.230,Run,NaN,NaN,-0.398,1.000
1.470,0.010,0.600,1.000,1.000,5.240,Run,NaN,NaN,1.598,1.000
1.480,0.010,0.600,-1.000,-1.000,5.230,Run,NaN,NaN,-0.398,1.000
1.490,0.010,0.600,1.000,1.000,5.240,Run,NaN,NaN,1.598,1.000
1.500,0.010,0.600,-1.000,-1.000,5.230,Run,NaN,NaN,-0.398,1.000
1.510,0.010,0.600,1.000,1.000,5.240,Run,NaN,NaN,1.598,1.000
1.520,0.010,0.600,-1.000,-1.000,5.230,Run,NaN,NaN,-0.398,1.000
1.530,0.010,0.600,1.000,1.000,5.240,Run,NaN,NaN,1.598,1.000
1.540,0.010,0.600,-1.000,-1.000,5.230,Run,NaN,NaN,-0.398,1.000
1.550,0.010,0.600,1.000,1.000,5.240,Run,NaN,NaN,1.598,1.000
1.560,0.010,0.600,-1.000,-1.000,5.230,Run,NaN,NaN,-0.398,1.000
1.570,0.010,0.600,1.000,1.000,5.240,Run,NaN,NaN,1.598,1.000
1.580,0.010,0.600,-1.000,-1.000,5.230,Run,NaN,NaN,-0.398,1.000
1.590,0.010,0.600,1.000,1.000,5.240,Run,NaN,NaN,1.598,1.000
1.600,0.010,0.600,-1.000,-1.000,5.230,Run,NaN,NaN,-0.398,1.000
1.610,0.010,0.600,1.000,1.000,5.240,Run,NaN,NaN,1.598,1.000
1.620,0.010,0.600,-1.000,-1.000,5.230,Run,NaN,NaN,-0.398,1.000
1.630,0.010,0.600,1.000,1.000,5.240,Run,NaN,NaN,1.598,1.000
1.640,0.010,0.600,-1.000,-1.000,5.230,Run,NaN,NaN,-0.398,1.000
1.650,0.010,0.600,1.000,1.000,5.240,Run,NaN,NaN,1.598,1.000
1.660,0.010,0.600,-1.000,-1.000,5.230,Run,NaN,NaN,-0.398,1.000
1.670,0.010,0.600,1.000,1.000,5.240,Run,NaN,NaN,1.598,1.000
1.680,0.010,0.600,-1.000,-1.000,5.230,Run,NaN,NaN,-0.398,1.000
1.690,0.010,0.600,1.000,1.000,5.240,Run,NaN,NaN,1.598,1.000
1.700,0.010,0.600,-1.000,-1.000,5.230,Run,NaN,NaN,-0.398,1.000
1.710,0.010,0.600,1.000,1.000,5.240,Run,NaN,NaN,1.598,1.000
1.720,0.010,0.600,-1.000,-1.000,5.230,Run,NaN,NaN,-0.398,1.000
1.730,0.010,0.600,1.000,1.000,5.240,Run,NaN,NaN,1.598,1.000
1.740,0.010,0.600,-1.000,-1.000,5.230,Run,NaN,NaN,-0.398,1.000
1.750,0.010,0.600,1.000,1.000,5.240,Run,NaN,NaN,1.598,1.000
1.760,0.010,0.600,-1.000,-1.000,5.230,Run,NaN,NaN,-0.398,1.000
1.770,0.010,0.600,1.000,1.000,5.240,Run,NaN,NaN,1.598,1.000
1.780,0.010,0.600,-1.000,-1.000,5.230,Run,NaN,NaN,-0.398,1.000
1.790,0.010,0.600,1.000,1.000,5.240,Run,NaN,NaN,1.598,1.000
1.800,0.010,0.600,-1.000,-1.000,5.230,Run,NaN,NaN,-0.398,1.000
1.810,0.010,0.600,1.000,1.000,5.240,Run,NaN,NaN,1.598,1.000
1.820,0.010,0.600,-1.000,-1.000,5.230,Run,NaN,NaN,-0.398,1.000
1.830,0.010,0.600,1.000,1.000,5.240,Run,NaN,NaN,1.598,1.000
1.840,0.010,0.600,-1.000,-1.000,5.230,Run,NaN,NaN,-0.398,1.000
1.850,0.010,0.600,1.000,1.000,5.240,Run,NaN,NaN,1.598,1.000
1.860,0.010,0.600,-1.000,-1.000,5.230,Run,NaN,NaN,-0.398,1.000
1.870,0.010,0.600,1.000,1.000,5.240,Run,NaN,NaN,1.598,1.000
1.880,0.010,0.600,-1.000,-1.000,5.230,Run,NaN,NaN,-0.398,1.000
1.890,0.010,0.600,1.000,1.000,5.240,Run,NaN,NaN,1.598,1.000
1.900,0.010,0.600,-1.000,-1.000,5.230,Run,NaN,NaN,-0.398,1.000
1.910,0.010,0.600,1.000,1.000,5.240,Run,NaN,NaN,1.598,1.000
1.920,0.010,0.600,-1.000,-1.000,5.230,Run,NaN,NaN,-0.398,1.000
1.930,0.010,0.600,1.000,1.000,5.240,Run,NaN,NaN,1.598,1.000
1.940,0.010,0.600,-1.000,-1.000,5.230,Run,NaN,NaN,-0.398,1.000
1.950,0.010,0.600,1.000,1.000,5.240,Run,NaN,NaN,1.598,1.000
1.960,0.010,0.600,-1.000,-1.000,5.230,Run,NaN,NaN,-0.398,1.000
1.970,0.010,0.600,1.000,1.000,5.240,Run,NaN,NaN,1.598,1.000
1.980,0.010,0.600,-1.000,-1.000,5.230,Run,NaN,NaN,-0.398,1.000
1.990,0.010,0.600,1.000,1.000,5.240,Run,NaN,NaN,1.598,1.000
2.000,0.010,0.600,-1.000,-1.000,5.230,Run,NaN,NaN,-0.398,1.000
2.010,0.010,0.600,1.000,1.000,5.240,Run,NaN,NaN,1.598,1.000
2.020,0.010,0.600,-1.000,-1.000,5.230,Run,NaN,NaN,-0.398,1.000
2.030,0.010,0.600,1.000,1.000,5.240,Run,NaN,NaN,1.598,1.000
2.040,0.010,0.600,-1.000,-1.000,5.230,Run,NaN,NaN,-0.398,1.000
2.050,0.010,0.600,1.000,1.000,5.240,Run,NaN,NaN,1.598,1.000
2.060,0.010,0.600,-1.000,-1.000,5.230,Run,NaN,NaN,-0.398,1.000
2.070,0.010,0.600,1.000,1.000,5.240,Run,NaN,NaN,1.598,1.000
2.080,0.010,0.600,-1.000,-1.000,5.230,Run,NaN,NaN,-0.398,1.000
2.090,0.010,0.600,1.000,1.000,5.240,Run,NaN,NaN,1.598,1.000
2.100,0.010,0.600,-1.000,-1.000,5.230,Run,NaN,NaN,-0.398,1.000
2.110,0.010,0.600,1.000,1.000,5.240,Run,NaN,NaN,1.598,1.000
2.120,0.010,0.600,-1.000,-1.000,5.230,Run,NaN,NaN,-0.398,1.000
2.130,0.010,0.600,1.000,1.000,5.240,Run,NaN,NaN,1.598,1.000
2.140,0.010,0.600,-1.000,-1.000,5.230,Run,NaN,NaN,-0.398,1.000
2.150,0.010,0.600,1.000,1.000,5.240,Run,NaN,NaN,1.598,1.000
2.160,0.010,0.600,-1.000,-1.000,5.230,Run,NaN,NaN,-0.398,1.000
2.170,0.010,0.600,1.000,1.000,5.240,Run,NaN,NaN,1.598,1.000
2.180,0.010,0.600,-1.000,-1.000,5.230,Run,NaN,NaN,-0.398,1.000
2.190,0.010,0.600,1.000,1.000,5.240,Run,NaN,NaN,1.598,1.000
2.200,0.010,0.600,-1.000,-1.000,5.230,Run,NaN,NaN,-0.398,1.000
2.210,0.010,0.600,1.000,1.000,5.240,Run,NaN,NaN,1.598,1.000
2.220,0.010,0.600,-1.000,-1.000,5.230,Run,NaN,NaN,-0.398,1.000
2.230,0.010,0.600,1.000,1.000,5.240,Run,NaN,NaN,1.598,1.000
2.240,0.010,0.600,-1.000,-1.000,5.230,Run,NaN,NaN,-0.398,1.000
2.250,0.010,0.600,1.000,1.000,5.240,Run,NaN,NaN,1.598,1.000
2.260,0.010,0.600,-1.000,-1.000,5.230,Run,NaN,NaN,-0.398,1.000
2.270,0.010,0.600,1.000,1.000,5.240,Run,NaN,NaN,1.598,1.000
2.280,0.010,0.600,-1.000,-1.000,5.230,Run,NaN,NaN,-0.398,1.000
2.290,0.010,0.600,1.000,1.000,5.240,Run,NaN,NaN,1.598,1.000
2.300,0.010,0.600,-1.000,-1.000,5.230,Run,NaN,NaN,-0.398,1.000
2.310,0.010,0.600,1.000,1.000,5.240,Run,NaN,NaN,1.598,1.000
2.320,0.010,0.600,-1.000,-1.000,5.230,Run,NaN,NaN,-0.398,1.000
2.330,0.010,0.600,1.000,1.000,5.240,Run,NaN,NaN,1.598,1.000
2.340,0.010,0.600,-1.000,-1.000,5.230,Run,NaN,NaN,-0.398,1.000
2.350,0.010,0.600,1.000,1.000,5.240,Run,NaN,NaN,1.598,1.000
2.360,0.010,0.600,-1.000,-1.000,5.230,Run,NaN,NaN,-0.398,1.000
2.370,0.010,0.600,1.000,1.000,5.240,Run,NaN,NaN,1.598,1.000
2.380,0.010,0.600,-1.000,-1.000,5.230,Run,NaN,NaN,-0.398,1.000
2.390,0.010,0.600,1.000,1.000,5.240,Run,NaN,NaN,1.598,1.000
2.400,0.010,0.600,-1.000,-1.000,5.230,Run,NaN,NaN,-0.398,1.000
2.410,0.010,0.600,1.000,1.000,5.240,Run,NaN,NaN,1.598,1.000
2.420,0.010,0.600,-1.000,-1.000,5.230,Run,NaN,NaN,-0.398,1.000
2.430,0.010,0.600,1.000,1.000,5.240,Run,NaN,NaN,1.598,1.000
2.440,0.010,0.600,-1.000,-1.000,5.230,Run,NaN,NaN,-0.398,1.000
2.450,0.010,0.600,1.000,1.000,5.240,Run,NaN,NaN,1.598,1.000
2.460,0.010,0.600,-1.000,-1.000,5.230,Run,NaN,NaN,-0.398,1.000
2.470,0.010,0.600,1.000,1.000,5.240,Run,NaN,NaN,1.598,1.000
2.480,0.010,0.600,-1.000,-1.000,5.230,Run,NaN,NaN,-0.398,1.000
2.490,0.010,0.600,1.000,1.000,5.240,Run,NaN,NaN,1.598,1.000
2.500,0.010,0.600,-1.000,-1.000,5.230,Run,NaN,NaN,-0.398,1.000
2.510,0.010,0.600,1.000,1.000,5.240,Run,NaN,NaN,1.598,1.000
2.520,0.010,0.600,-1.000,-1.000,5.230,Run,NaN,NaN,-0.398,1.000
2.530,0.010,0.600,1.000,1.000,5.240,Run,NaN,NaN,1.598,1.000
2.540,0.010,0.600,-1.000,-1.000,5.230,Run,NaN,NaN,-0.398,1.000
2.550,0.010,0.600,1.000,1.000,5.240,Run,NaN,NaN,1.598,1.000
2.560,0.010,0.600,-1.000,-1.000,5.230,Run,NaN,NaN,-0.398,1.000
2.570,0.010,0.600,1.000,1.000,5.240,Run,NaN,NaN,1.598,1.000
2.580,0.010,0.600,-1.000,-1.000,5.230,Run,NaN,NaN,-0.398,1.000
2.590,0.010,0.600,1.000,1.000,5.240,Run,NaN,NaN,1.598,1.000
2.600,0.010,0.600,-1.000,-1.000,5.230,Run,NaN,NaN,-0.398,1.000
2.610,0.010,0.600,1.000,1.000,5.240,Run,NaN,NaN,1.598,1.000
2.620,0.010,0.600,-1.000,-1.000,5.230,Run,NaN,NaN,-0.398,1.000
2.630,0.010,0.600,1.000,1.000,5.240,Run,NaN,NaN,1.598,1.000
2.640,0.010,0.600,-1.000,-1.000,5.230,Run,NaN,NaN,-0.398,1.000
2.650,0.010,0.600,1.000,1.000,5.240,Run,NaN,NaN,1.598,1.000
2.660,0.010,0.600,-1.000,-1.000,5.230,Run,NaN,NaN,-0.398,1.000
2.670,0.010,0.600,1.000,1.000,5.240,Run,NaN,NaN,1.598,1.000
2.680,0.010,0.600,-1.000,-1.000,5.230,Run,NaN,NaN,-0.398,1.000
2.690,0.010,0.600,1.000,1.000,5.240,Run,NaN,NaN,1.598,1.000
2.700,0.010,0.600,-1.000,-1.000,5.230,Run,NaN,NaN,-0.398,1.000
2.710,0.010,0.600,1.000,1.000,5.240,Run,NaN,NaN,1.598,1.000
2.720,0.010,0.600,-1.000,-1.000,5.230,Run,NaN,NaN,-0.398,1.000
2.730,0.010,0.600,1.000,1.000,5.240,Run,NaN,NaN,1.598,1.000
2.740,0.010,0.600,-1.000,-1.000,5.230,Run,NaN,NaN,-0.398,1.000
2.750,0.010,0.600,1.000,1.000,5.240,Run,NaN,NaN,1.598,1.000
2.760,0.010,0.600,-1.000,-1.000,5.230,Run,NaN,NaN,-0.398,1.000
2.770,0.010,0.600,1.000,1.000,5.240,Run,NaN,NaN,1.598,1.000
2.780,0.010,0.600,-1.000,-1.000,5.230,Run,NaN,NaN,-0.398,1.000
2.790,0.010,0.600,1.000,1.000,5.240,Run,NaN,NaN,1.598,1.000
2.800,0.010,0.600,-1.000,-1.000,5.230,Run,NaN,NaN,-0.398,1.000
2.810,0.010,0.600,1.000,1.000,5.240,Run,NaN,NaN,1.598,1.000
2.820,0.010,0.600,-1.000,-1.000,5.230,Run,NaN,NaN,-0.398,1.000
2.830,0.010,0.600,1.000,1.000,5.240,Run,NaN,NaN,1.598,1.000
2.840,0.010,0.600,-1.000,-1.000,5.230,Run,NaN,NaN,-0.398,1.000
2.850,0.010,0.600,1.000,1.000,5.240,Run,NaN,NaN,1.598,1.000
2.860,0.010,0.600,-1.000,-1.000,5.230,Run,NaN,NaN,-0.398,1.000
2.870,0.010,0.600,1.000,1.000,5.240,Run,NaN,NaN,1.598,1.000
2.880,0.010,0.600,-1.000,-1.000,5.230,Run,NaN,NaN,-0.398,1.000
2.890,0.010,0.600,1.000,1.000,5.240,Run,NaN,NaN,1.598,1.000
2.900,0.010,0.600,-1.000,-1.000,5.230,Run,NaN,NaN,-0.398,1.000
2.910,0.010,0.600,1.000,1.000,5.240,Run,NaN,NaN,1.598,1.000
2.920,0.010,0.600,-1.000,-1.000,5.230,Run,NaN,NaN,-0.398,1.000
2.930,0.010,0.600,1.000,1.000,5.240,Run,NaN,NaN,1.598,1.000
2.940,0.010,0.600,-1.000,-1.000,5.230,Run,NaN,NaN,-0.398,1.000
2.950,0.010,0.600,1.000,1.000,5.240,Run,NaN,NaN,1.598,1.000
2.960,0.010,0.600,-1.000,-1.000,5.230,Run,NaN,NaN,-0.398,1.000
2.970,0.010,0.600,1.000,1.000,5.240,Run,NaN,NaN,1.598,1.000
2.980,0.010,0.600,-1.000,-1.000,5.230,Run,NaN,NaN,-0.398,1.000
2.990,0.010,0.600,1.000,1.000,5.240,Run,NaN,NaN,1.598,1.000
3.000,0.010,0.600,-1.000,-1.000,5.230,Run,NaN,NaN,-0.398,1.000
3.010,0.010,0.600,1.000,1.000,5.240,Run,NaN,NaN,1.598,1.000
3.020,0.010,0.600,-1.000,-1.000,5.230,Run,NaN,NaN,-0.398,1.000
3.030,0.010,0.600,1.000,1.000,5.240,Run,NaN,NaN,1.598,1.000
3.040,0.010,0.600,-1.000,-1.000,5.230,Run,NaN,NaN,-0.398,1.000
3.050,0.010,0.600,1.000,1.000,5.240,Run,NaN,NaN,1.598,1.000
3.060,0.010,0.600,-1.000,-1.000,5.230,Run,NaN,NaN,-0.398,1.000
3.070,0.010,0.600,1.000,1.000,5.240,Run,NaN,NaN,1.598,1.000
3.080,0.010,0.600,-1.000,-1.000,5.230,Run,NaN,NaN,-0.398,1.000
3.090,0.010,0.600,1.000,1.000,5.240,Run,NaN,NaN,1.598,1.000
3.100,0.010,0.600,-1.000,-1.000,5.230,Run,NaN,NaN,-0.398,1.000
3.110,0.010,0.600,1.000,1.000,5.240,Run,NaN,NaN,1.598,1.000
3.120,0.010,0.600,-1.000,-1.000,5.230,Run,NaN,NaN,-0.398,1.000
3.130,0.010,0.600,1.000,1.000,5.240,Run,NaN,NaN,1.598,1.000
3.140,0.010,0.600,-1.000,-1.000,5.230,Run,NaN,NaN,-0.398,1.000
3.150,0.010,0.600,1.000,1.000,5.240,Run,NaN,NaN,1.598,1.000
3.160,0.010,0.600,-1.000,-1.000,5.230,Run,NaN,NaN,-0.398,1.000
3.170,0.010,0.600,1.000,1.000,5.240,Run,NaN,NaN,1.598,1.000
3.180,0.010,0.600,-1.000,-1.000,5.230,Run,NaN,NaN,-0.398,1.000
3.190,0.010,0.600,1.000,1.000,5.240,Run,NaN,NaN,1.598,1.000
3.200,0.010,0.600,-1.000,-1.000,5.230,Run,NaN,NaN,-0.398,1.000
3.210,0.010,0.600,1.000,1.000,5.240,Run,NaN,NaN,1.598,1.000
3.220,0.010,0.600,-1.000,-1.000,5.230,Run,NaN,NaN,-0.398,1.000
3.230,0.010,0.600,1.000,1.000,5.240,Run,NaN,NaN,1.598,1.000
3.240,0.010,0.600,-1.000,-1.000,5.230,Run,NaN,NaN,-0.398,1.000
3.250,0.010,0.600,1.000,1.000,5.240,Run,NaN,NaN,1.598,1.000
3.260,0.010,0.600,-1.000,-1.000,5.230,Run,NaN,NaN,-0.398,1.000
3.270,0.010,0.600,1.000,1.000,5.240,Run,NaN,NaN,1.598,1.000
3.280,0.010,0.600,-1.000,-1.000,5.230,Run,NaN,NaN,-0.398,1.000
3.290,0.010,0.600,1.000,1.000,5.240,Run,NaN,NaN,1.598,1.000
3.300,0.010,0.600,-1.000,-1.000,5.230,Run,NaN,NaN,-0.398,1.000
3.310,0.010,0.600,1.000,1.000,5.240,Run,NaN,NaN,1.598,1.000
3.320,0.010,0.600,-1.000,-1.000,5.230,Run,NaN,NaN,-0.398,1.000
3.330,0.010,0.600,1.000,1.000,5.240,Run,NaN,NaN,1.598,1.000
3.340,0.010,0.600,-1.000,-1.000,5.230,Run,NaN,NaN,-0.398,1.000
3.350,0.010,0.600,1.000,1.000,5.240,Run,NaN,NaN,1.598,1.000
3.360,0.010,0.600,-1.000,-1.000,5.230,Run,NaN,NaN,-0.398,1.000
3.370,0.010,0.600,1.000,1.000,5.240,Run,NaN,NaN,1.598,1.000
3.380,0.010,0.600,-1.000,-1.000,5.230,Run,NaN,NaN,-0.398,1.000
3.390,0.010,0.600,1.000,1.000,5.240,Run,NaN,NaN,1.598,1.000
3.400,0.010,0.600,-1.000,-1.000,5.230,Run,NaN,NaN,-0.398,1.000
3.410,0.010,0.600,1.000,1.000,5.240,Run,NaN,NaN,1.598,1.000
3.420,0.010,0.600,-1.000,-1.000,5.230,Run,NaN,NaN,-0.398,1.000
3.430,0.010,0.600,1.000,1.000,5.240,Run,NaN,NaN,1.598,1.000
3.440,0.010,0.600,-1.000,-1.000,5.230,Run,NaN,NaN,-0.398,1.000
3.450,0.010,0.600,1.000,1.000,5.240,Run,NaN,NaN,1.598,1.000
3.460,0.010,0.600,-1.000,-1.000,5.230,Run,NaN,NaN,-0.398,1.000
3.470,0.010,0.600,1.000,1.000,5.240,Run,NaN,NaN,1.598,1.000
3.480,0.010,0.600,-1.000,-1.000,5.230,Run,NaN,NaN,-0.398,1.000
3.490,0.010,0.600,1.000,1.000,5.240,Run,NaN,NaN,1.598,1.000
3.500,0.010,0.600,-1.000,-1.000,5.230,Run,NaN,NaN,-0.398,1.000
3.510,0.010,0.600,1.000,1.000,5.240,Run,NaN,NaN,1.598,1.000
3.520,0.010,0.600,-1.000,-1.000,5.230,Run,NaN,NaN,-0.398,1.000
3.530,0.010,0.600,1.000,1.000,5.240,Run,NaN,NaN,1.598,1.000
3.540,0.010,0.600,-1.000,-1.000,5.230,Run,NaN,NaN,-0.398,1.000
3.550,0.010,0.600,1.000,1.000,5.240,Run,NaN,NaN,1.598,1.000
3.560,0.010,0.600,-1.000,-1.000,5.230,Run,NaN,NaN,-0.398,1.000
3.570,0.010,0.600,1.000,1.000,5.240,Run,NaN,NaN,1.598,1.000
3.580,0.010,0.600,-1.000,-1.000,5.230,Run,NaN,NaN,-0.398,1.000
3.590,0.010,0.600,1.000,1.000,5.240,Run,NaN,NaN,1.598,1.000
3.600,0.010,0.600,-1.000,-1.000,5.230,Run,NaN,NaN,-0.398,1.000
3.610,0.010,0.600,1.000,1.000,5.240,Run,NaN,NaN,1.598,1.000
3.620,0.010,0.600,-1.000,-1.000,5.230,Run,NaN,NaN,-0.398,1.000
3.630,0.010,0.600,1.000,1.000,5.240,Run,NaN,NaN,1.598,1.000
3.640,0.010,0.600,-1.000,-1.000,5.230,Run,NaN,NaN,-0.398,1.000
3.650,0.010,0.600,1.000,1.000,5.240,Run,NaN,NaN,1.598,1.000
3.660,0.010,0.600,-1.000,-1.000,5.230,Run,NaN,NaN,-0.398,1.000
3.670,0.010,0.600,1.000,1.000,5.240,Run,NaN,NaN,1.598,1.000
3.680,0.010,0.600,-1.000,-1.000,5.230,Run,NaN,NaN,-0.398,1.000
3.690,0.010,0.600,1.000,1.000,5.240,Run,NaN,NaN,1.598,1.000
3.700,0.010,0.600,-1.000,-1.000,5.230,Run,NaN,NaN,-0.398,1.000
3.710,0.010,0.600,1.000,1.000,5.240,Run,NaN,NaN,1.598,1.000
3.720,0.010,0.600,-1.000,-1.000,5.230,Run,NaN,NaN,-0.398,1.000
3.730,0.010,0.600,1.000,1.000,5.240,Run,NaN,NaN,1.598,1.000
3.740,0.010,0.600,-1.000,-1.000,5.230,Run,NaN,NaN,-0.398,1.000
3.750,0.010,0.600,1.000,1.000,5.240,Run,NaN,NaN,1.598,1.000
3.760,0.010,0.600,-1.000,-1.000,5.230,Run,NaN,NaN,-0.398,1.000
3.770,0.010,0.600,1.000,1.000,5.240,Run,NaN,NaN,1.598,1.000
3.780,0.010,0.600,-1.000,-1.000,5.230,Run,NaN,NaN,-0.398,1.000
3.790,0.010,0.600,1.000,1.000,5.240,Run,NaN,NaN,1.598,1.000
3.800,0.010,0.600,-1.000,-1.000,5.230,Run,NaN,NaN,-0.398,1.000
3.810,0.010,0.600,1.000,1.000,5.240,Run,NaN,NaN,1.598,1.000
3.820,0.010,0.600,-1.000,-1.000,5.230,Run,NaN,NaN,-0.398,1.000
3.830,0.010,0.600,1.000,1.000,5.240,Run,NaN,NaN,1.598,1.000
3.840,0.010,0.600,-1.000,-1.000,5.230,Run,NaN,NaN,-0.398,1.000
3.850,0.010,0.600,1.000,1.000,5.240,Run,NaN,NaN,1.598,1.000
3.860,0.010,0.600,-1.000,-1.000,5.230,Run,NaN,NaN,-0.398,1.000
3.870,0.010,0.600,1.000,1.000,5.240,Run,NaN,NaN,1.598,1.000
3.880,0.010,0.600,-1.000,-1.000,5.230,Run,NaN,NaN,-0.398,1.000
3.890,0.010,0.600,1.000,1.000,5.240,Run,NaN,NaN,1.598,1.000
3.900,0.010,0.600,-1.000,-1.000,5.230,Run,NaN,NaN,-0.398,1.000
3.910,0.010,0.600,1.000,1.000,5.240,Run,NaN,NaN,1.598,1.000
3.920,0.010,0.600,-1.000,-1.000,5.230,Run,NaN,NaN,-0.398,1.000
3.930,0.010,0.600,1.000,1.000,5.240,Run,NaN,NaN,1.598,1.000
3.940,0.010,0.600,-1.000,-1.000,5.230,Run,NaN,NaN,-0.398,1.000
3.950,0.010,0.600,1.000,1.000,5.240,Run,NaN,NaN,1.598,1.000
3.960,0.010,0.600,-1.000,-1.000,5.230,Run,NaN,NaN,-0.398,1.000
3.970,0.010,0.600,1.000,1.000,5.240,Run,NaN,NaN,1.598,1.000
3.980,0.010,0.600,-1.000,-1.000,5.230,Run,NaN,NaN,-0.398,1.000
3.990,0.010,0.600,1.000,1.000,5.240,Run,NaN,NaN,1.598,1.000
4.000,0.010,0.600,-1.000,-1.000,5.230,Run,NaN,NaN,-0.398,1.000
4.010,0.010,0.600,1.000,1.000,5.240,Run,NaN,NaN,1.598,1.000
4.020,0.010,0.600,-1.000,-1.000,5.230,Run,NaN,NaN,-0.398,1.000
4.030,0.010,0.600,1.000,1.000,5.240,Run,NaN,NaN,1.598,1.000
4.040,0.010,0.600,-1.000,-1.000,5.230,Run,NaN,NaN,-0.398,1.000
4.050,0.010,0.600,1.000,1.000,5.240,Run,NaN,NaN,1.598,1.000
4.060,0.010,0.600,-1.000,-1.000,5.230,Run,NaN,NaN,-0.398,1.000
4.070,0.010,0.600,1.000,1.000,5.240,Run,NaN,NaN,1.598,1.000
4.080,0.010,0.600,-1.000,-1.000,5.230,Run,NaN,NaN,-0.398,1.000
4.090,0.010,0.600,1.000,1.000,5.240,Run,NaN,NaN,1.598,1.000
4.100,0.010,0.600,-1.000,-1.000,5.230,Run,NaN,NaN,-0.398,1.000
4.110,0.010,0.600,1.000,1.000,5.240,Run,NaN,NaN,1.598,1.000
4.120,0.010,0.600,-1.000,-1.000,5.230,Run,NaN,NaN,-0.398,1.000
4.130,0.010,0.600,1.000,1.000,5.240,Run,NaN,NaN,1.598,1.000
4.140,0.010,0.600,-1.000,-1.000,5.230,Run,NaN,NaN,-0.398,1.000
4.150,0.010,0.600,1.000,1.000,5.240,Run,NaN,NaN,1.598,1.000
4.160,0.010,0.600,-1.000,-1.000,5.230,Run,NaN,NaN,-0.398,1.000
4.170,0.010,0.600,1.000,1.000,5.240,Run,NaN,NaN,1.598,1.000
4.180,0.010,0.600,-1.000,-1.000,5.230,Run,NaN,NaN,-0.398,1.000
4.190,0.010,0.600,1.000,1.000,5.240,Run,NaN,NaN,1.598,1.000
4.200,0.010,0.600,-1.000,-1.000,5.230,Run,NaN,NaN,-0.398,1.000
4.210,0.010,0.600,1.000,1.000,5.240,Run,NaN,NaN,1.598,1.000
4.220,0.010,0.600,-1.000,-1.000,5.230,Run,NaN,NaN,-0.398,1.000
4.230,0.010,0.600,1.000,1.000,5.240,Run,NaN,NaN,1.598,1.000
4.240,0.010,0.600,-1.000,-1.000,5.230,Run,NaN,NaN,-0.398,1.000
4.250,0.010,0.600,1.000,1.000,5.240,Run,NaN,NaN,1.598,1.000
4.260,0.010,0.600,-1.000,-1.000,5.230,Run,NaN,NaN,-0.398,1.000
4.270,0.010,0.600,1.000,1.000,5.240,Run,NaN,NaN,1.598,1.000
4.280,0.010,0.600,-1.000,-1.000,5.230,Run,NaN,NaN,-0.398,1.000
4.290,0.010,0.600,1.000,1.000,5.240,Run,NaN,NaN,1.598,1.000
4.300,0.010,0.600,-1.000,-1.000,5.230,Run,NaN,NaN,-0.398,1.000
4.310,0.010,0.600,1.000,1.000,5.240,Run,NaN,NaN,1.598,1.000
4.320,0.010,0.600,-1.000,-1.000,5.230,Run,NaN,NaN,-0.398,1.000
4.330,0.010,0.600,1.000,1.000,5.240,Run,NaN,NaN,1.598,1.000
4.340,0.010,0.600,-1.000,-1.000,5.230,Run,NaN,NaN,-0.398,1.000
4.350,0.010,0.600,1.000,1.000,5.240,Run,NaN,NaN,1.598,1.000
4.360,0.010,0.600,-1.000,-1.000,5.230,Run,NaN,NaN,-0.398,1.000
4.370,0.010,0.600,1.000,1.000,5.240,Run,NaN,NaN,1.598,1.000
4.380,0.010,0.600,-1.000,-1.000,5.230,Run,NaN,NaN,-0.398,1.000
4.390,0.010,0.600,1.000,1.000,5.240,Run,NaN,NaN,1.598,1.000
4.400,0.010,0.600,-1.000,-1.000,5.230,Run,NaN,NaN,-0.398,1.000
4.410,0.010,0.600,1.000,1.000,5.240,Run,NaN,NaN,1.598,1.000
4.420,0.010,0.600,-1.000,-1.000,5.230,Run,NaN,NaN,-0.398,1.000
4.430,0.010,0.600,1.000,1.000,5.240,Run,NaN,NaN,1.598,1.000
4.440,0.010,0.600,-1.000,-1.000,5.230,Run,NaN,NaN,-0.398,1.000
4.450,0.010,0.600,1.000,1.000,5.240,Run,NaN,NaN,1.598,1.000
4.460,0.010,0.600,-1.000,-1.000,5.230,Run,NaN,NaN,-0.398,1.000
4.470,0.010,0.600,1.000,1.000,5.240,Run,NaN,NaN,1.598,1.000
4.480,0.010,0.600,-1.000,-1.000,5.230,Run,NaN,NaN,-0.398,1.000
4.490,0.010,0.600,1.000,1.000,5.240,Run,NaN,NaN,1.598,1.000
4.500,0.010,0.600,-1.000,-1.000,5.230,Run,NaN,NaN,-0.398,1.000
4.510,0.010,0.600,1.000,1.000,5.240,Run,NaN,NaN,1.598,1.000
4.520,0.010,0.600,-1.000,-1.000,5.230,Run,NaN,NaN,-0.398,1.000
4.530,0.010,0.600,1.000,1.000,5.240,Run,NaN,NaN,1.598,1.000
4.540,0.010,0.600,-1.000,-1.000,5.230,Run,NaN,NaN,-0.398,1.000
4.550,0.010,0.600,1.000,1.000,5.240,Run,NaN,NaN,1.598,1.000
4.560,0.010,0.600,-1.000,-1.000,5.230,Run,NaN,NaN,-0.398,1.000
4.570,0.010,0.600,1.000,1.000,5.240,Run,NaN,NaN,1.598,1.000
4.580,0.010,0.600,-1.000,-1.000,5.230,Run,NaN,NaN,-0.398,1.000
4.590,0.010,0.600,1.000,1.000,5.240,Run,NaN,NaN,1.598,1.000
4.600,0.010,0.600,-1.000,-1.000,5.230,Run,NaN,NaN,-0.398,1.000
4.610,0.010,0.600,1.000,1.000,5.240,Run,NaN,NaN,1.598,1.000
4.620,0.010,0.600,-1.000,-1.000,5.230,Run,NaN,NaN,-0.398,1.000
4.630,0.010,0.600,1.000,1.000,5.240,Run,NaN,NaN,1.598,1.000
4.640,0.010,0.600,-1.000,-1.000,5.230,Run,NaN,NaN,-0.398,1.000
4.650,0.010,0.600,1.000,1.000,5.240,Run,NaN,NaN,1.598,1.000
4.660,0.010,0.600,-1.000,-1.000,5.230,Run,NaN,NaN,-0.398,1.000
4.670,0.010,0.600,1.000,1.000,5.240,Run,NaN,NaN,1.598,1.000
4.680,0.010,0.600,-1.000,-1.000,5.230,Run,NaN,NaN,-0.398,1.000
4.690,0.010,0.600,1.000,1.000,5.240,Run,NaN,NaN,1.598,1.000
4.700,0.010,0.600,-1.000,-1.000,5.230,Run,NaN,NaN,-0.398,1.000
4.710,0.010,0.600,1.000,1.000,5.240,Run,NaN,NaN,1.598,1.000
4.720,0.010,0.600,-1.000,-1.000,5.230,Run,NaN,NaN,-0.398,1.000
4.730,0.010,0.600,1.000,1.000,5.240,Run,NaN,NaN,1.598,1.000
4.740,0.010,0.600,-1.000,-1.000,5.230,Run,NaN,NaN,-0.398,1.000
4.750,0.010,0.600,1.000,1.000,5.240,Run,NaN,NaN,1.598,1.000
4.760,0.010,0.600,-1.000,-1.000,5.230,Run,NaN,NaN,-0.398,1.000
4.770,0.010,0.600,1.000,1.000,5.240,Run,NaN,NaN,1.598,1.000
4.780,0.010,0.600,-1.000,-1.000,5.230,Run,NaN,NaN,-0.398,1.000
4.790,0.010,0.600,1.000,1.000,5.240,Run,NaN,NaN,1.598,1.000
4.800,0.010,0.600,-1.000,-1.000,5.230,Run,NaN,NaN,-0.398,1.000
4.810,0.010,0.600,1.000,1.000,5.240,Run,NaN,NaN,1.598,1.000
4.820,0.010,0.600,-1.000,-1.000,5.230,Run,NaN,NaN,-0.398,1.000
4.830,0.010,0.600,1.000,1.000,5.240,Run,NaN,NaN,1.598,1.000
4.840,0.010,0.600,-1.000,-1.000,5.230,Run,NaN,NaN,-0.398,1.000
4.850,0.010,0.600,1.000,1.000,5.240,Run,NaN,NaN,1.598,1.000
4.860,0.010,0.600,-1.000,-1.000,5.230,Run,NaN,NaN,-0.398,1.000
4.870,0.010,0.600,1.000,1.000,5.240,Run,NaN,NaN,1.598,1.000
4.880,0.010,0.600,-1.000,-1.000,5.230,Run,NaN,NaN,-0.398,1.000
4.890,0.010,0.600,1.000,1.000,5.240,Run,NaN,NaN,1.598,1.000
4.900,0.010,0.600,-1.000,-1.000,5.230,Run,NaN,NaN,-0.398,1.000
4.910,0.010,0.600,1.000,1.000,5.240,Run,NaN,NaN,1.598,1.000
4.920,0.010,0.600,-1.000,-1.000,5.230,Run,NaN,NaN,-0.398,1.000
4.930,0.010,0.600,1.000,1.000,5.240,Run,NaN,NaN,1.598,1.000
4.940,0.010,0.600,-1.000,-1.000,5.230,Run,NaN,NaN,-0.398,1.000
4.950,0.010,0.600,1.000,1.000,5.240,Run,NaN,NaN,1.598,1.000
4.960,0.010,0.600,-1.000,-1.000,5.230,Run,NaN,NaN,-0.398,1.000
4.970,0.010,0.600,1.000,1.000,5.240,Run,NaN,NaN,1.598,1.000
4.980,0.010,0.600,-1.000,-1.000,5.230,Run,NaN,NaN,-0.398,1.000
4.990,0.010,0.600,1.000,1.000,5.240,Run,NaN,NaN,1.598,1.000
5.000,0.010,0.600,-1.000,-1.000,5.230,Run,NaN,NaN,-0.398,1.000
5.010,0.010,0.600,1.000,1.000,5.240,Run,NaN,NaN,1.598,1.000
5.020,0.010,0.600,-1.000,-1.000,5.230,Run,NaN,NaN,-0.398,1.000
5.030,0.010,0.600,1.000,1.000,5.240,Run,NaN,NaN,1.598,1.000
5.040,0.010,0.600,-1.000,-1.000,5.230,Run,NaN,NaN,-0.398,1.000
5.050,0.010,0.600,1.000,1.000,5.240,Run,NaN,NaN,1.598,1.000
5.060,0.010,0.600,-1.000,-1.000,5.230,Run,NaN,NaN,-0.398,1.000
5.070,0.010,0.600,1.000,1.000,5.240,Run,NaN,NaN,1.598,1.000
5.080,0.010,0.600,-1.000,-1.000,5.230,Run,NaN,NaN,-0.398,1.000
5.090,0.010,0.600,1.000,1.000,5.240,Run,NaN,NaN,1.598,1.000
5.100,0.010,0.600,-1.000,-1.000,5.230,Run,NaN,NaN,-0.398,1.000
5.110,0.010,0.600,1.000,1.000,5.240,Run,NaN,NaN,1.598,1.000
5.120,0.010,0.600,-1.000,-1.000,5.230,Run,NaN,NaN,-0.398,1.000
5.130,0.010,0.600,1.000,1.000,5.240,Run,NaN,NaN,1.598,1.000
5.140,0.010,0.600,-1.000,-1.000,5.230,Run,NaN,NaN,-0.398,1.000
5.150,0.010,0.600,1.000,1.000,5.240,Run,NaN,NaN,1.598,1.000
5.160,0.010,0.600,-1.000,-1.000,5.230,Run,NaN,NaN,-0.398,1.000
5.170,0.010,0.600,1.000,1.000,5.240,Run,NaN,NaN,1.598,1.000
5.180,0.010,0.600,-1.000,-1.000,5.230,Run,NaN,NaN,-0.398,1.000
5.190,0.010,0.600,1.000,1.000,5.240,Run,NaN,NaN,1.598,1.000
5.200,0.010,0.600,-1.000,-1.000,5.230,Run,NaN,NaN,-0.398,1.000
5.210,0.010,0.600,1.000,1.000,5.240,Run,NaN,NaN,1.598,1.000
5.220,0.010,0.600,-1.000,-1.000,5.230,Run,NaN,NaN,-0.398,1.000
5.230,0.010,0.600,1.000,1.000,5.240,Run,NaN,NaN,1.598,1.000
5.240,0.010,0.600,-1.000,-1.000,5.230,Run,NaN,NaN,-0.398,1.000
5.250,0.010,0.600,1.000,1.000,5.240,Run,NaN,NaN,1.598,1.000
5.260,0.010,0.600,-1.000,-1.000,5.230,Run,NaN,NaN,-0.398,1.000
5.270,0.010,0.600,1.000,1.000,5.240,Run,NaN,NaN,1.598,1.000
5.280,0.010,0.600,-1.000,-1.000,5.230,Run,NaN,NaN,-0.398,1.000
5.290,0.010,0.600,1.000,1.000,5.240,Run,NaN,NaN,1.598,1.000
5.300,0.010,0.600,-1.000,-1.000,5.230,Run,NaN,NaN,-0.398,1.000
5.310,0.010,0.600,1.000,1.000,5.240,Run,NaN,NaN,1.598,1.000
5.320,0.010,0.600,-1.000,-1.000,5.230,Run,NaN,NaN,-0.398,1.000
5.330,0.010,0.600,1.000,1.000,5.240,Run,NaN,NaN,1.598,1.000
5.340,0.010,0.600,-1.000,-1.000,5.230,Run,NaN,NaN,-0.398,1.000
5.350,0.010,0.600,1.000,1.000,5.240,Run,NaN,NaN,1.598,1.000
5.360,0.010,0.600,-1.000,-1.000,5.230,Run,NaN,NaN,-0.398,1.000
5.370,0.010,0.600,1.000,1.000,5.240,Run,NaN,NaN,1.598,1.000
5.380,0.010,0.600,-1.000,-1.000,5.230,Run,NaN,NaN,-0.398,1.000
5.390,0.010,0.600,1.000,1.000,5.240,Run,NaN,NaN,1.598,1.000
5.400,0.010,0.600,-1.000,-1.000,5.230,Run,NaN,NaN,-0.398,1.000
5.410,0.010,0.600,1.000,1.000,5.240,Run,NaN,NaN,1.598,1.000
5.420,0.010,0.600,-1.000,-1.000,5.230,Run,NaN,NaN,-0.398,1.000
5.430,0.010,0.600,1.000,1.000,5.240,Run,NaN,NaN,1.598,1.000
5.440,0.010,0.600,-1.000,-1.000,5.230,Run,NaN,NaN,-0.398,1.000
5.450,0.010,0.600,1.000,1.000,5.240,Run,NaN,NaN,1.598,1.000
5.460,0.010,0.600,-1.000,-1.000,5.230,Run,NaN,NaN,-0.398,1.000
5.470,0.010,0.600,1.000,1.000,5.240,Run,NaN,NaN,1.598,1.000
5.480,0.010,0.600,-1.000,-1.000,5.230,Run,NaN,NaN,-0.398,1.000
5.490,0.010,0.600,1.000,1.000,5.240,Run,NaN,NaN,1.598,1.000
5.500,0.010,0.600,-1.000,-1.000,5.230,Run,NaN,NaN,-0.398,1.000
5.510,0.010,0.600,1.000,1.000,5.240,Run,NaN,NaN,1.598,1.000
5.520,0.010,0.600,-1.000,-1.000,5.230,Run,NaN,NaN,-0.398,1.000
5.530,0.010,0.600,1.000,1.000,5.240,Run,NaN,NaN,1.598,1.000
5.540,0.010,0.600,-1.000,-1.000,5.230,Run,NaN,NaN,-0.398,1.000
5.550,0.010,0.600,1.000,1.000,5.240,Run,NaN,NaN,1.598,1.000
5.560,0.010,0.600,-1.000,-1.000,5.230,Run,NaN,NaN,-0.398,1.000
5.570,0.010,0.600,1.000,1.000,5.240,Run,NaN,NaN,1.598,1.000
5.580,0.010,0.600,-1.000,-1.000,5.230,Run,NaN,NaN,-0.398,1.000
5.590,0.010,0.600,1.000,1.000,5.240,Run,NaN,NaN,1.598,1.000
5.600,0.010,0.600,-1.000,-1.000,5.230,Run,NaN,NaN,-0.398,1.000
5.610,0.010,0.600,1.000,1.000,5.240,Run,NaN,NaN,1.598,1.000
5.620,0.010,0.600,-1.000,-1.000,5.230,Run,NaN,NaN,-0.398,1.000
5.630,0.010,0.600,1.000,1.000,5.240,Run,NaN,NaN,1.598,1.000
5.640,0.010,0.600,-1.000,-1.000,5.230,Run,NaN,NaN,-0.398,1.000
5.650,0.010,0.600,1.000,1.000,5.240,Run,NaN,NaN,1.598,1.000
5.660,0.010,0.600,-1.000,-1.000,5.230,Run,NaN,NaN,-0.398,1.000
5.670,0.010,0.600,1.000,1.000,5.240,Run,NaN,NaN,1.598,1.000
5.680,0.010,0.600,-1.000,-1.000,5.230,Run,NaN,NaN,-0.398,1.000
5.690,0.010,0.600,1.000,1.000,5.240,Run,NaN,NaN,1.598,1.000
5.700,0.010,0.600,-1.000,-1.000,5.230,Run,NaN,NaN,-0.398,1.000
5.710,0.010,0.600,1.000,1.000,5.240,Run,NaN,NaN,1.598,1.000
5.720,0.010,0.600,-1.000,-1.000,5.230,Run,NaN,NaN,-0.398,1.000
5.730,0.010,0.600,1.000,1.000,5.240,Run,NaN,NaN,1.598,1.000
5.740,0.010,0.600,-1.000,-1.000,5.230,Run,NaN,NaN,-0.398,1.000
5.750,0.010,0.600,1.000,1.000,5.240,Run,NaN,NaN,1.598,1.000
5.760,0.010,0.600,-1.000,-1.000,5.230,Run,NaN,NaN,-0.398,1.000
5.770,0.010,0.600,1.000,1.000,5.240,Run,NaN,NaN,1.598,1.000
5.780,0.010,0.600,-1.000,-1.000,5.230,Run,NaN,NaN,-0.398,1.000
5.790,0.010,0.600,1.000,1.000,5.240,Run,NaN,NaN,1.598,1.000
5.800,0.010,0.600,-1.000,-1.000,5.230,Run,NaN,NaN,-0.398,1.000
5.810,0.010,0.600,1.000,1.000,5.240,Run,NaN,NaN,1.598,1.000
5.820,0.010,0.600,-1.000,-1.000,5.230,Run,NaN,NaN,-0.398,1.000
5.830,0.010,0.600,1.000,1.000,5.240,Run,NaN,NaN,1.598,1.000
5.840,0.010,0.600,-1.000,-1.000,5.230,Run,NaN,NaN,-0.398,1.000
5.850,0.010,0.600,1.000,1.000,5.240,Run,NaN,NaN,1.598,1.000
5.860,0.010,0.600,-1.000,-1.000,5.230,Run,NaN,NaN,-0.398,1.000
5.870,0.010,0.600,1.000,1.000,5.240,Run,NaN,NaN,1.598,1.000
5.880,0.010,0.600,-1.000,-1.000,5.230,Run,NaN,NaN,-0.398,1.000
5.890,0.010,0.600,1.000,1.000,5.240,Run,NaN,NaN,1.598,1.000
5.900,0.010,0.600,-1.000,-1.000,5.230,Run,NaN,NaN,-0.398,1.000
5.910,0.010,0.600,1.000,1.000,5.240,Run,NaN,NaN,1.598,1.000
5.920,0.010,0.600,-1.000,-1.000,5.230,Run,NaN,NaN,-0.398,1.000
5.930,0.010,0.600,1.000,1.000,5.240,Run,NaN,NaN,1.598,1.000
5.940,0.010,0.600,-1.000,-1.000,5.230,Run,NaN,NaN,-0.398,1.000
5.950,0.010,0.600,1.000,1.000,5.240,Run,NaN,NaN,1.598,1.000
5.960,0.010,0.600,-1.000,-1.000,5.230,Run,NaN,NaN,-0.398,1.000
5.970,0.010,0.600,1.000,1.000,5.240,Run,NaN,NaN,1.598,1.000
5.980,0.010,0.600,-1.000,-1.000,5.230,Run,NaN,NaN,-0.398,1.000
5.990,0.010,0.600,1.000,1.000,5.240,Run,NaN,NaN,1.598,1.000
6.000,0.010,0.600,-1.000,-1.000,5.230,Run,NaN,NaN,-0.398,1.000
6.010,0.010,0.600,1.000,1.000,5.240,Run,NaN,NaN,1.598,1.000
6.020,0.010,0.600,-1.000,-1.000,5.230,Run,NaN,NaN,-0.398,1.000
6.030,0.010,0.600,1.000,1.000,5.240,Run,NaN,NaN,1.598,1.000
6.040,0.010,0.600,-1.000,-1.000,5.230,Run,NaN,NaN,-0.398,1.000
6.050,0.010,0.600,1.000,1.000,5.240,Run,NaN,NaN,1.598,1.000
6.060,0.010,0.600,-1.000,-1.000,5.230,Run,NaN,NaN,-0.398,1.000
6.070,0.010,0.600,1.000,1.000,5.240,Run,NaN,NaN,1.598,1.000
6.080,0.010,0.600,-1.000,-1.000,5.230,Run,NaN,NaN,-0.398,1.000
6.090,0.010,0.600,1.000,1.000,5.240,Run,NaN,NaN,1.598,1.000
6.100,0.010,0.600,-1.000,-1.000,5.230,Run,NaN,NaN,-0.398,1.000
6.110,0.010,0.600,1.000,1.000,5.240,Run,NaN,NaN,1.598,1.000
6.120,0.010,0.600,-1.000,-1.000,5.230,Run,NaN,NaN,-0.398,1.000
6.130,0.010,0.600,1.000,1.000,5.240,Run,NaN,NaN,1.598,1.000
6.140,0.010,0.600,-1.000,-1.000,5.230,Run,NaN,NaN,-0.398,1.000
6.150,0.010,0.600,1.000,1.000,5.240,Run,NaN,NaN,1.598,1.000
6.160,0.010,0.600,-1.000,-1.000,5.230,Run,NaN,NaN,-0.398,1.000
6.170,0.010,0.600,1.000,1.000,5.240,Run,NaN,NaN,1.598,1.000
6.180,0.010,0.600,-1.000,-1.000,5.230,Run,NaN,NaN,-0.398,1.000
6.190,0.010,0.600,1.000,1.000,5.240,Run,NaN,NaN,1.598,1.000
6.200,0.010,0.600,-1.000,-1.000,5.230,Run,NaN,NaN,-0.398,1.000
6.210,0.010,0.600,1.000,1.000,5.240,Run,NaN,NaN,1.598,1.000
6.220,0.010,0.600,-1.000,-1.000,5.230,Run,NaN,NaN,-0.398,1.000
6.230,0.010,0.600,1.000,1.000,5.240,Run,NaN,NaN,1.598,1.000
6.240,0.010,0.600,-1.000,-1.000,5.230,Run,NaN,NaN,-0.398,1.000
6.250,0.010,0.600,1.000,1.000,5.240,Run,NaN,NaN,1.598,1.000
6.260,0.010,0.600,-1.000,-1.000,5.230,Run,NaN,NaN,-0.398,1.000
6.270,0.010,0.600,1.000,1.000,5.240,Run,NaN,NaN,1.598,1.000
6.280,0.010,0.600,-1.000,-1.000,5.230,Run,NaN,NaN,-0.398,1.000
6.290,0.010,0.600,1.000,1.000,5.240,Run,NaN,NaN,1.598,1.000
6.300,0.010,0.600,-1.000,-1.000,5.230,Run,NaN,NaN,-0.398,1.000
6.310,0.010,0.600,1.000,1.000,5.240,Run,NaN,NaN,1.598,1.000
6.320,0.010,0.600,-1.000,-1.000,5.230,Run,NaN,NaN,-0.398,1.000
6.330,0.010,0.600,1.000,1.000,5.240,Run,NaN,NaN,1.598,1.000
6.340,0.010,0.600,-1.000,-1.000,5.230,Run,NaN,NaN,-0.398,1.000
6.350,0.010,0.600,1.000,1.000,5.240,Run,NaN,NaN,1.598,1.000
6.360,0.010,0.600,-1.000,-1.000,5.230,Run,NaN,NaN,-0.398,1.000
6.370,0.010,0.600,1.000,1.000,5.240,Run,NaN,NaN,1.598,1.000
6.380,0.010,0.600,-1.000,-1.000,5.230,Run,NaN,NaN,-0.398,1.000
6.390,0.010,0.600,1.000,1.000,5.240,Run,NaN,NaN,1.598,1.000
6.400,0.010,0.600,-1.000,-1.000,5.230,Run,NaN,NaN,-0.398,1.000
6.410,0.010,0.600,1.000,1.000,5.240,Run,NaN,NaN,1.598,1.000
6.420,0.010,0.600,-1.000,-1.000,5.230,Run,NaN,NaN,-0.398,1.000
6.430,0.010,0.600,1.000,1.000,5.240,Run,NaN,NaN,1.598,1.000
6.440,0.010,0.600,-1.000,-1.000,5.230,Run,NaN,NaN,-0.398,1.000
6.450,0.010,0.600,1.000,1.000,5.240,Run,NaN,NaN,1.598,1.000
6.460,0.010,0.600,-1.000,-1.000,5.230,Run,NaN,NaN,-0.398,1.000
6.470,0.010,0.600,1.000,1.000,5.240,Run,NaN,NaN,1.598,1.000
6.480,0.010,0.600,-1.000,-1.000,5.230,Run,NaN,NaN,-0.398,1.000
6.490,0.010,0.600,1.000,1.000,5.240,Run,NaN,NaN,1.598,1.000
6.500,0.010,0.600,-1.000,-1.000,5.230,Run,NaN,NaN,-0.398,1.000
6.510,0.010,0.600,1.000,1.000,5.240,Run,NaN,NaN,1.598,1.000
6.520,0.010,0.600,-1.000,-1.000,5.230,Run,NaN,NaN,-0.398,1.000
6.530,0.010,0.600,1.000,1.000,5.240,Run,NaN,NaN,1.598,1.000
6.540,0.010,0.600,-1.000,-1.000,5.230,Run,NaN,NaN,-0.398,1.000
6.550,0.010,0.600,1.000,1.000,5.240,Run,NaN,NaN,1.598,1.000
6.560,0.010,0.600,-1.000,-1.000,5.230,Run,NaN,NaN,-0.398,1.000
6.570,0.010,0.600,1.000,1.000,5.240,Run,NaN,NaN,1.598,1.000
6.580,0.010,0.600,-1.000,-1.000,5.230,Run,NaN,NaN,-0.398,1.000
6.590,0.010,0.600,1.000,1.000,5.240,Run,NaN,NaN,1.598,1.000
6.600,0.010,0.600,-1.000,-1.000,5.230,Run,NaN,NaN,-0.398,1.000
6.610,0.010,0.600,1.000,1.000,5.240,Run,NaN,NaN,1.598,1.000
6.620,0.010,0.600,-1.000,-1.000,5.230,Run,NaN,NaN,-0.398,1.000
6.630,0.010,0.600,1.000,1.000,5.240,Run,NaN,NaN,1.598,1.000
6.640,0.010,0.600,-1.000,-1.000,5.230,Run,NaN,NaN,-0.398,1.000
6.650,0.010,0.600,1.000,1.000,5.240,Run,NaN,NaN,1.598,1.000
6.660,0.010,0.600,-1.000,-1.000,5.230,Run,NaN,NaN,-0.398,1.000
6.670,0.010,0.600,1.000,1.000,5.240,Run,NaN,NaN,1.598,1.000
6.680,0.010,0.600,-1.000,-1.000,5.230,Run,NaN,NaN,-0.398,1.000
6.690,0.010,0.600,1.000,1.000,5.240,Run,NaN,NaN,1.598,1.000
6.700,0.010,0.600,-1.000,-1.000,5.230,Run,NaN,NaN,-0.398,1.000
6.710,0.010,0.600,1.000,1.000,5.240,Run,NaN,NaN,1.598,1.000
6.720,0.010,0.600,-1.000,-1.000,5.230,Run,NaN,NaN,-0.398,1.000
6.730,0.010,0.600,1.000,1.000,5.240,Run,NaN,NaN,1.598,1.000
6.740,0.010,0.600,-1.000,-1.000,5.230,Run,NaN,NaN,-0.398,1.000
6.750,0.010,0.600,1.000,1.000,5.240,Run,NaN,NaN,1.598,1.000
6.760,0.010,0.600,-1.000,-1.000,5.230,Run,NaN,NaN,-0.398,1.000
6.770,0.010,0.600,1.000,1.000,5.240,Run,NaN,NaN,1.598,1.000
6.780,0.010,0.600,-1.000,-1.000,5.230,Run,NaN,NaN,-0.398,1.000
6.790,0.010,0.600,1.000,1.000,5.240,Run,NaN,NaN,1.598,1.000
6.800,0.010,0.600,-1.000,-1.000,5.230,Run,NaN,NaN,-0.398,1.000
6.810,0.010,0.600,1.000,1.000,5.240,Run,NaN,NaN,1.598,1.000
6.820,0.010,0.600,-1.000,-1.000,5.230,Run,NaN,NaN,-0.398,1.000
6.830,0.010,0.600,1.000,1.000,5.240,Run,NaN,NaN,1.598,1.000
6.840,0.010,0.600,-1.000,-1.000,5.230,Run,NaN,NaN,-0.398,1.000
6.850,0.010,0.600,1.000,1.000,5.240,Run,NaN,NaN,1.598,1.000
6.860,0.010,0.600,-1.000,-1.000,5.230,Run,NaN,NaN,-0.398,1.000
6.870,0.010,0.600,1.000,1.000,5.240,Run,NaN,NaN,1.598,1.000
6.880,0.010,0.600,-1.000,-1.000,5.230,Run,NaN,NaN,-0.398,1.000
6.890,0.010,0.600,1.000,1.000,5.240,Run,NaN,NaN,1.598,1.000
6.900,0.010,0.600,-1.000,-1.000,5.230,Run,NaN,NaN,-0.398,1.000
6.910,0.010,0.600,1.000,1.000,5.240,Run,NaN,NaN,1.598,1.000
6.920,0.010,0.600,-1.000,-1.000,5.230,Run,NaN,NaN,-0.398,1.000
6.930,0.010,0.600,1.000,1.000,5.240,Run,NaN,NaN,1.598,1.000
6.940,0.010,0.600,-1.000,-1.000,5.230,Run,NaN,NaN,-0.398,1.000
6.950,0.010,0.600,1.000,1.000,5.240,Run,NaN,NaN,1.598,1.000
6.960,0.010,0.600,-1.000,-1.000,5.230,Run,NaN,NaN,-0.398,1.000
6.970,0.010,0.600,1.000,1.000,5.240,Run,NaN,NaN,1.598,1.000
6.980,0.010,0.600,-1.000,-1.000,5.230,Run,NaN,NaN,-0.398,1.000
6.990,0.010,0.600,1.000,1.000,5.240,Run,NaN,NaN,1.598,1.000
7.000,0.010,0.600,-1.000,-1.000,5.230,Run,NaN,NaN,-0.398,1.000
7.010,0.010,0.600,1.000,1.000,5.240,Run,NaN,NaN,1.598,1.000
7.020,0.010,0.600,-1.000,-1.000,5.230,Run,NaN,NaN,-0.398,1.000
7.030,0.010,0.600,1.000,1.000,5.240,Run,NaN,NaN,1.598,1.000
7.040,0.010,0.600,-1.000,-1.000,5.230,Run,NaN,NaN,-0.398,1.000
7.050,0.010,0.600,1.000,1.000,5.240,Run,NaN,NaN,1.598,1.000
7.060,0.010,0.600,-1.000,-1.000,5.230,Run,NaN,NaN,-0.398,1.000
7.070,0.010,0.600,1.000,1.000,5.240,Run,NaN,NaN,1.598,1.000
7.080,0.010,0.600,-1.000,-1.000,5.230,Run,NaN,NaN,-0.398,1.000
7.090,0.010,0.600,1.000,1.000,5.240,Run,NaN,NaN,1.598,1.000
7.100,0.010,0.600,-1.000,-1.000,5.230,Run,NaN,NaN,-0.398,1.000
7.110,0.010,0.600,1.000,1.000,5.240,Run,NaN,NaN,1.598,1.000
7.120,0.010,0.600,-1.000,-1.000,5.230,Run,NaN,NaN,-0.398,1.000
7.130,0.010,0.600,1.000,1.000,5.240,Run,NaN,NaN,1.598,1.000
7.140,0.010,0.600,-1.000,-1.000,5.230,Run,NaN,NaN,-0.398,1.000
7.150,0.010,0.600,1.000,1.000,5.240,Run,NaN,NaN,1.598,1.000
7.160,0.010,0.600,-1.000,-1.000,5.230,Run,NaN,NaN,-0.398,1.000
7.170,0.010,0.600,1.000,1.000,5.240,Run,NaN,NaN,1.598,1.000
7.180,0.010,0.600,-1.000,-1.000,5.230,Run,NaN,NaN,-0.398,1.000
7.190,0.010,0.600,1.000,1.000,5.240,Run,NaN,NaN,1.598,1.000
7.200,0.010,0.600,-1.000,-1.000,5.230,Run,NaN,NaN,-0.398,1.000
7.210,0.010,0.600,1.000,1.000,5.240,Run,NaN,NaN,1.598,1.000
7.220,0.010,0.600,-1.000,-1.000,5.230,Run,NaN,NaN,-0.398,1.000
7.230,0.010,0.600,1.000,1.000,5.240,Run,NaN,NaN,1.598,1.000
7.240,0.010,0.600,-1.000,-1.000,5.230,Run,NaN,NaN,-0.398,1.000
7.250,0.010,0.600,1.000,1.000,5.240,Run,NaN,NaN,1.598,1.000
7.260,0.010,0.600,-1.000,-1.000,5.230,Run,NaN,NaN,-0.398,1.000
7.270,0.010,0.600,1.000,1.000,5.240,Run,NaN,NaN,1.598,1.000
7.280,0.010,0.600,-1.000,-1.000,5.230,Run,NaN,NaN,-0.398,1.000
7.290,0.010,0.600,1.000,1.000,5.240,Run,NaN,NaN,1.598,1.000
7.300,0.010,0.600,-1.000,-1.000,5.230,Run,NaN,NaN,-0.398,1.000
7.310,0.010,0.600,1.000,1.000,5.240,Run,NaN,NaN,1.598,1.000
7.320,0.010,0.600,-1.000,-1.000,5.230,Run,NaN,NaN,-0.398,1.000
7.330,0.010,0.600,1.000,1.000,5.240,Run,NaN,NaN,1.598,1.000
7.340,0.010,0.600,-1.000,-1.000,5.230,Run,NaN,NaN,-0.398,1.000
7.350,0.010,0.600,1.000,1.000,5.240,Run,NaN,NaN,1.598,1.000
7.360,0.010,0.600,-1.000,-1.000,5.230,Run,NaN,NaN,-0.398,1.000
7.370,0.010,0.600,1.000,1.000,5.240,Run,NaN,NaN,1.598,1.000
7.380,0.010,0.600,-1.000,-1.000,5.230,Run,NaN,NaN,-0.398,1.000
7.390,0.010,0.600,1.000,1.000,5.240,Run,NaN,NaN,1.598,1.000
7.400,0.010,0.600,-1.000,-1.000,5.230,Run,NaN,NaN,-0.398,1.000
7.410,0.010,0.600,1.000,1.000,5.240,Run,NaN,NaN,1.598,1.000
7.420,0.010,0.600,-1.000,-1.000,5.230,Run,NaN,NaN,-0.398,1.000
7.430,0.010,0.600,1.000,1.000,5.240,Run,NaN,NaN,1.598,1.000
7.440,0.010,0.600,-1.000,-1.000,5.230,Run,NaN,NaN,-0.398,1.000
7.450,0.010,0.600,1.000,1.000,5.240,Run,NaN,NaN,1.598,1.000
7.460,0.010,0.600,-1.000,-1.000,5.230,Run,NaN,NaN,-0.398,1.000
7.470,0.010,0.600,1.000,1.000,5.240,Run,NaN,NaN,1.598,1.000
7.480,0.010,0.600,-1.000,-1.000,5.230,Run,NaN,NaN,-0.398,1.000
7.490,0.010,0.600,1.000,1.000,5.240,Run,NaN,NaN,1.598,1.000
7.500,0.010,0.600,-1.000,-1.000,5.230,Run,NaN,NaN,-0.398,1.000
7.510,0.010,0.600,1.000,1.000,5.240,Run,NaN,NaN,1.598,1.000
7.520,0.010,0.600,-1.000,-1.000,5.230,Run,NaN,NaN,-0.398,1.000
7.530,0.010,0.600,1.000,1.000,5.240,Run,NaN,NaN,1.598,1.000
7.540,0.010,0.600,-1.000,-1.000,5.230,Run,NaN,NaN,-0.398,1.000
7.550,0.010,0.600,1.000,1.000,5.240,Run,NaN,NaN,1.598,1.000
7.560,0.010,0.600,-1.000,-1.000,5.230,Run,NaN,NaN,-0.398,1.000
7.570,0.010,0.600,1.000,1.000,5.240,Run,NaN,NaN,1.598,1.000
7.580,0.010,0.600,-1.000,-1.000,5.230,Run,NaN,NaN,-0.398,1.000
7.590,0.010,0.600,1.000,1.000,5.240,Run,NaN,NaN,1.598,1.000
7.600,0.010,0.600,-1.000,-1.000,5.230,Run,NaN,NaN,-0.398,1.000
7.610,0.010,0.600,1.000,1.000,5.240,Run,NaN,NaN,1.598,1.000
7.620,0.010,0.600,-1.000,-1.000,5.230,Run,NaN,NaN,-0.398,1.000
7.630,0.010,0.600,1.000,1.000,5.240,Run,NaN,NaN,1.598,1.000
7.640,0.010,0.600,-1.000,-1.000,5.230,Run,NaN,NaN,-0.398,1.000
7.650,0.010,0.600,1.000,1.000,5.240,Run,NaN,NaN,1.598,1.000
7.660,0.010,0.600,-1.000,-1.000,5.230,Run,NaN,NaN,-0.398,1.000
7.670,0.010,0.600,1.000,1.000,5.240,Run,NaN,NaN,1.598,1.000
7.680,0.010,0.600,-1.000,-1.000,5.230,Run,NaN,NaN,-0.398,1.000
7.690,0.010,0.600,1.000,1.000,5.240,Run,NaN,NaN,1.598,1.000
7.700,0.010,0.600,-1.000,-1.000,5.230,Run,NaN,NaN,-0.398,1.000
7.710,0.010,0.600,1.000,1.000,5.240,Run,NaN,NaN,1.598,1.000
7.720,0.010,0.600,-1.000,-1.000,5.230,Run,NaN,NaN,-0.398,1.000
7.730,0.010,0.600,1.000,1.000,5.240,Run,NaN,NaN,1.598,1.000
7.740,0.010,0.600,-1.000,-1.000,5.230,Run,NaN,NaN,-0.398,1.000
7.750,0.010,0.600,1.000,1.000,5.240,Run,NaN,NaN,1.598,1.000
7.760,0.010,0.600,-1.000,-1.000,5.230,Run,NaN,NaN,-0.398,1.000
7.770,0.010,0.600,1.000,1.000,5.240,Run,NaN,NaN,1.598,1.000
7.780,0.010,0.600,-1.000,-1.000,5.230,Run,NaN,NaN,-0.398,1.000
7.790,0.010,0.600,1.000,1.000,5.240,Run,NaN,NaN,1.598,1.000
7.800,0.010,0.600,-1.000,-1.000,5.230,Run,NaN,NaN,-0.398,1.000
7.810,0.010,0.600,1.000,1.000,5.240,Run,NaN,NaN,1.598,1.000
7.820,0.010,0.600,-1.000,-1.000,5.230,Run,NaN,NaN,-0.398,1.000
7.830,0.010,0.600,1.000,1.000,5.240,Run,NaN,NaN,1.598,1.000
7.840,0.010,0.600,-1.000,-1.000,5.230,Run,NaN,NaN,-0.398,1.000
7.850,0.010,0.600,1.000,1.000,5.240,Run,NaN,NaN,1.598,1.000
7.860,0.010,0.600,-1.000,-1.000,5.230,Run,NaN,NaN,-0.398,1.000
7.870,0.010,0.600,1.000,1.000,5.240,Run,NaN,NaN,1.598,1.000
7.880,0.010,0.600,-1.000,-1.000,5.230,Run,NaN,NaN,-0.398,1.000
7.890,0.010,0.600,1.000,1.000,5.240,Run,NaN,NaN,1.598,1.000
7.900,0.010,0.600,-1.000,-1.000,5.230,Run,NaN,NaN,-0.398,1.000
7.910,0.010,0.600,1.000,1.000,5.240,Run,NaN,NaN,1.598,1.000
7.920,0.010,0.600,-1.000,-1.000,5.230,Run,NaN,NaN,-0.398,1.000
7.930,0.010,0.600,1.000,1.000,5.240,Run,NaN,NaN,1.598,1.000
7.940,0.010,0.600,-1.000,-1.000,5.230,Run,NaN,NaN,-0.398,1.000
7.950,0.010,0.600,1.000,1.000,5.240,Run,NaN,NaN,1.598,1.000
7.960,0.010,0.600,-1.000,-1.000,5.230,Run,NaN,NaN,-0.398,1.000
7.970,0.010,0.600,1.000,1.000,5.240,Run,NaN,NaN,1.598,1.000
7.980,0.010,0.600,-1.000,-1.000,5.230,Run,NaN,NaN,-0.398,1.000
7.990,0.010,0.600,1.000,1.000,5.240,Run,NaN,NaN,1.598,1.000
8.000,0.010,0.600,-1.000,-1.000,5.230,Run,NaN,NaN,-0.398,1.000
8.010,0.010,0.600,1.000,1.000,5.240,Run,NaN,NaN,1.598,1.000
8.020,0.010,0.600,-1.000,-1.000,5.230,Run,NaN,NaN,-0.398,1.000
8.030,0.010,0.600,1.000,1.000,5.240,Run,NaN,NaN,1.598,1.000
8.040,0.010,0.600,-1.000,-1.000,5.230,Run,NaN,NaN,-0.398,1.000
8.050,0.010,0.600,1.000,1.000,5.240,Run,NaN,NaN,1.598,1.000
8.060,0.010,0.600,-1.000,-1.000,5.230,Run,NaN,NaN,-0.398,1.000
8.070,0.010,0.600,1.000,1.000,5.240,Run,NaN,NaN,1.598,1.000
8.080,0.010,0.600,-1.000,-1.000,5.230,Run,NaN,NaN,-0.398,1.000
8.090,0.010,0.600,1.000,1.000,5.240,Run,NaN,NaN,1.598,1.000
8.100,0.010,0.600,-1.000,-1.000,5.230,Run,NaN,NaN,-0.398,1.000
8.110,0.010,0.600,1.000,1.000,5.240,Run,NaN,NaN,1.598,1.000
8.120,0.010,0.600,-1.000,-1.000,5.230,Run,NaN,NaN,-0.398,1.000
8.130,0.010,0.600,1.000,1.000,5.240,Run,NaN,NaN,1.598,1.000
8.140,0.010,0.600,-1.000,-1.000,5.230,Run,NaN,NaN,-0.398,1.000
8.150,0.010,0.600,1.000,1.000,5.240,Run,NaN,NaN,1.598,1.000
8.160,0.010,0.600,-1.000,-1.000,5.230,Run,NaN,NaN,-0.398,1.000
8.170,0.010,0.600,1.000,1.000,5.240,Run,NaN,NaN,1.598,1.000
8.180,0.010,0.600,-1.000,-1.000,5.230,Run,NaN,NaN,-0.398,1.000
8.190,0.010,0.600,1.000,1.000,5.240,Run,NaN,NaN,1.598,1.000
8.200,0.010,0.600,-1.000,-1.000,5.230,Run,NaN,NaN,-0.398,1.000
8.210,0.010,0.600,1.000,1.000,5.240,Run,NaN,NaN,1.598,1.000
8.220,0.010,0.600,-1.000,-1.000,5.230,Run,NaN,NaN,-0.398,1.000
8.230,0.010,0.600,1.000,1.000,5.240,Run,NaN,NaN,1.598,1.000
8.240,0.010,0.600,-1.000,-1.000,5.230,Run,NaN,NaN,-0.398,1.000
8.250,0.010,0.600,1.000,1.000,5.240,Run,NaN,NaN,1.598,1.000
8.260,0.010,0.600,-1.000,-1.000,5.230,Run,NaN,NaN,-0.398,1.000
8.270,0.010,0.600,1.000,1.000,5.240,Run,NaN,NaN,1.598,1.000
8.280,0.010,0.600,-1.000,-1.000,5.230,Run,NaN,NaN,-0.398,1.000
8.290,0.010,0.600,1.000,1.000,5.240,Run,NaN,NaN,1.598,1.000
8.300,0.010,0.600,-1.000,-1.000,5.230,Run,NaN,NaN,-0.398,1.000
8.310,0.010,0.600,1.000,1.000,5.240,Run,NaN,NaN,1.598,1.000
8.320,0.010,0.600,-1.000,-1.000,5.230,Run,NaN,NaN,-0.398,1.000
8.330,0.010,0.600,1.000,1.000,5.240,Run,NaN,NaN,1.598,1.000
8.340,0.010,0.600,-1.000,-1.000,5.230,Run,NaN,NaN,-0.398,1.000
8.350,0.010,0.600,1.000,1.000,5.240,Run,NaN,NaN,1.598,1.000
8.360,0.010,0.600,-1.000,-1.000,5.230,Run,NaN,NaN,-0.398,1.000
8.370,0.010,0.600,1.000,1.000,5.240,Run,NaN,NaN,1.598,1.000
8.380,0.010,0.600,-1.000,-1.000,5.230,Run,NaN,NaN,-0.398,1.000
8.390,0.010,0.600,1.000,1.000,5.240,Run,NaN,NaN,1.598,1.000
8.400,0.010,0.600,-1.000,-1.000,5.230,Run,NaN,NaN,-0.398,1.000
8.410,0.010,0.600,1.000,1.000,5.240,Run,NaN,NaN,1.598,1.000
8.420,0.010,0.600,-1.000,-1.000,5.230,Run,NaN,NaN,-0.398,1.000
8.430,0.010,0.600,1.000,1.000,5.240,Run,NaN,NaN,1.598,1.000
8.440,0.010,0.600,-1.000,-1.000,5.230,Run,NaN,NaN,-0.398,1.000
8.450,0.010,0.600,1.000,1.000,5.240,Run,NaN,NaN,1.598,1.000
8.460,0.010,0.600,-1.000,-1.000,5.230,Run,NaN,NaN,-0.398,1.000
8.470,0.010,0.600,1.000,1.000,5.240,Run,NaN,NaN,1.598,1.000
8.480,0.010,0.600,-1.000,-1.000,5.230,Run,NaN,NaN,-0.398,1.000
8.490,0.010,0.600,1.000,1.000,5.240,Run,NaN,NaN,1.598,1.000
8.500,0.010,0.600,-1.000,-1.000,5.230,Run,NaN,NaN,-0.398,1.000
8.510,0.010,0.600,1.000,1.000,5.240,Run,NaN,NaN,1.598,1.000
8.520,0.010,0.600,-1.000,-1.000,5.230,Run,NaN,NaN,-0.398,1.000
8.530,0.010,0.600,1.000,1.000,5.240,Run,NaN,NaN,1.598,1.000
8.540,0.010,0.600,-1.000,-1.000,5.230,Run,NaN,NaN,-0.398,1.000
8.550,0.010,0.600,1.000,1.000,5.240,Run,NaN,NaN,1.598,1.000
8.560,0.010,0.600,-1.000,-1.000,5.230,Run,NaN,NaN,-0.398,1.000
8.570,0.010,0.600,1.000,1.000,5.240,Run,NaN,NaN,1.598,1.000
8.580,0.010,0.600,-1.000,-1.000,5.230,Run,NaN,NaN,-0.398,1.000
8.590,0.010,0.600,1.000,1.000,5.240,Run,NaN,NaN,1.598,1.000
8.600,0.010,0.600,-1.000,-1.000,5.230,Run,NaN,NaN,-0.398,1.000
8.610,0.010,0.600,1.000,1.000,5.240,Run,NaN,NaN,1.598,1.000
8.620,0.010,0.600,-1.000,-1.000,5.230,Run,NaN,NaN,-0.398,1.000
8.630,0.010,0.600,1.000,1.000,5.240,Run,NaN,NaN,1.598,1.000
8.640,0.010,0.600,-1.000,-1.000,5.230,Run,NaN,NaN,-0.398,1.000
8.650,0.010,0.600,1.000,1.000,5.240,Run,NaN,NaN,1.598,1.000
8.660,0.010,0.600,-1.000,-1.000,5.230,Run,NaN,NaN,-0.398,1.000
8.670,0.010,0.600,1.000,1.000,5.240,Run,NaN,NaN,1.598,1.000
8.680,0.010,0.600,-1.000,-1.000,5.230,Run,NaN,NaN,-0.398,1.000
8.690,0.010,0.600,1.000,1.000,5.240,Run,NaN,NaN,1.598,1.000
8.700,0.010,0.600,-1.000,-1.000,5.230,Run,NaN,NaN,-0.398,1.000
8.710,0.010,0.600,1.000,1.000,5.240,Run,NaN,NaN,1.598,1.000
8.720,0.010,0.600,-1.000,-1.000,5.230,Run,NaN,NaN,-0.398,1.000
8.730,0.010,0.600,1.000,1.000,5.240,Run,NaN,NaN,1.598,1.000
8.740,0.010,0.600,-1.000,-1.000,5.230,Run,NaN,NaN,-0.398,1.000
8.750,0.010,0.600,1.000,1.000,5.240,Run,NaN,NaN,1.598,1.000
8.760,0.010,0.600,-1.000,-1.000,5.230,Run,NaN,NaN,-0.398,1.000
8.770,0.010,0.600,1.000,1.000,5.240,Run,NaN,NaN,1.598,1.000
8.780,0.010,0.600,-1.000,-1.000,5.230,Run,NaN,NaN,-0.398,1.000
8.790,0.010,0.600,1.000,1.000,5.240,Run,NaN,NaN,1.598,1.000
8.800,0.010,0.600,-1.000,-1.000,5.230,Run,NaN,NaN,-0.398,1.000
8.810,0.010,0.600,1.000,1.000,5.240,Run,NaN,NaN,1.598,1.000
8.820,0.010,0.600,-1.000,-1.000,5.230,Run,NaN,NaN,-0.398,1.000
8.830,0.010,0.600,1.000,1.000,5.240,Run,NaN,NaN,1.598,1.000
8.840,0.010,0.600,-1.000,-1.000,5.230,Run,NaN,NaN,-0.398,1.000
8.850,0.010,0.600,1.000,1.000,5.240,Run,NaN,NaN,1.598,1.000
8.860,0.010,0.600,-1.000,-1.000,5.230,Run,NaN,NaN,-0.398,1.000
8.870,0.010,0.600,1.000,1.000,5.240,Run,NaN,NaN,1.598,1.000
8.880,0.010,0.600,-1.000,-1.000,5.230,Run,NaN,NaN,-0.398,1.000
8.890,0.010,0.600,1.000,1.000,5.240,Run,NaN,NaN,1.598,1.000
8.900,0.010,0.600,-1.000,-1.000,5.230,Run,NaN,NaN,-0.398,1.000
8.910,0.010,0.600,1.000,1.000,5.240,Run,NaN,NaN,1.598,1.000
8.920,0.010,0.600,-1.000,-1.000,5.230,Run,NaN,NaN,-0.398,1.000
8.930,0.010,0.600,1.000,1.000,5.240,Run,NaN,NaN,1.598,1.000
8.940,0.010,0.600,-1.000,-1.000,5.230,Run,NaN,NaN,-0.398,1.000
8.950,0.010,0.600,1.000,1.000,5.240,Run,NaN,NaN,1.598,1.000
8.960,0.010,0.600,-1.000,-1.000,5.230,Run,NaN,NaN,-0.398,1.000
8.970,0.010,0.600,1.000,1.000,5.240,Run,NaN,NaN,1.598,1.000
8.980,0.010,0.600,-1.000,-1.000,5.230,Run,NaN,NaN,-0.398,1.000
8.990,0.010,0.600,1.000,1.000,5.240,Run,NaN,NaN,1.598,1.000
9.000,0.010,0.600,-1.000,-1.000,5.230,Run,NaN,NaN,-0.398,1.000
9.010,0.010,0.600,1.000,1.000,5.240,Run,NaN,NaN,1.598,1.000
9.020,0.010,0.600,-1.000,-1.000,5.230,Run,NaN,NaN,-0.398,1.000
9.030,0.010,0.600,1.000,1.000,5.240,Run,NaN,NaN,1.598,1.000
9.040,0.010,0.600,-1.000,-1.000,5.230,Run,NaN,NaN,-0.398,1.000
9.050,0.010,0.600,1.000,1.000,5.240,Run,NaN,NaN,1.598,1.000
9.060,0.010,0.600,-1.000,-1.000,5.230,Run,NaN,NaN,-0.398,1.000
9.070,0.010,0.600,1.000,1.000,5.240,Run,NaN,NaN,1.598,1.000
9.080,0.010,0.600,-1.000,-1.000,5.230,Run,NaN,NaN,-0.398,1.000
9.090,0.010,0.600,1.000,1.000,5.240,Run,NaN,NaN,1.598,1.000
9.100,0.010,0.600,-1.000,-1.000,5.230,Run,NaN,NaN,-0.398,1.000
9.110,0.010,0.600,1.000,1.000,5.240,Run,NaN,NaN,1.598,1.000
9.120,0.010,0.600,-1.000,-1.000,5.230,Run,NaN,NaN,-0.398,1.000
9.130,0.010,0.600,1.000,1.000,5.240,Run,NaN,NaN,1.598,1.000
9.140,0.010,0.600,-1.000,-1.000,5.230,Run,NaN,NaN,-0.398,1.000
9.150,0.010,0.600,1.000,1.000,5.240,Run,NaN,NaN,1.598,1.000
9.160,0.010,0.600,-1.000,-1.000,5.230,Run,NaN,NaN,-0.398,1.000
9.170,0.010,0.600,1.000,1.000,5.240,Run,NaN,NaN,1.598,1.000
9.180,0.010,0.600,-1.000,-1.000,5.230,Run,NaN,NaN,-0.398,1.000
9.190,0.010,0.600,1.000,1.000,5.240,Run,NaN,NaN,1.598,1.000
9.200,0.010,0.600,-1.000,-1.000,5.230,Run,NaN,NaN,-0.398,1.000
9.210,0.010,0.600,1.000,1.000,5.240,Run,NaN,NaN,1.598,1.000
9.220,0.010,0.600,-1.000,-1.000,5.230,Run,NaN,NaN,-0.398,1.000
9.230,0.010,0.600,1.000,1.000,5.240,Run,NaN,NaN,1.598,1.000
9.240,0.010,0.600,-1.000,-1.000,5.230,Run,NaN,NaN,-0.398,1.000
9.250,0.010,0.600,1.000,1.000,5.240,Run,NaN,NaN,1.598,1.000
9.260,0.010,0.600,-1.000,-1.000,5.230,Run,NaN,NaN,-0.398,1.000
9.270,0.010,0.600,1.000,1.000,5.240,Run,NaN,NaN,1.598,1.000
9.280,0.010,0.600,-1.000,-1.000,5.230,Run,NaN,NaN,-0.398,1.000
9.290,0.010,0.600,1.000,1.000,5.240,Run,NaN,NaN,1.598,1.000
9.300,0.010,0.600,-1.000,-1.000,5.230,Run,NaN,NaN,-0.398,1.000
9.310,0.010,0.600,1.000,1.000,5.240,Run,NaN,NaN,1.598,1.000
9.320,0.010,0.600,-1.000,-1.000,5.230,Run,NaN,NaN,-0.398,1.000
9.330,0.010,0.600,1.000,1.000,5.240,Run,NaN,NaN,1.598,1.000
9.340,0.010,0.600,-1.000,-1.000,5.230,Run,NaN,NaN,-0.398,1.000
9.350,0.010,0.600,1.000,1.000,5.240,Run,NaN,NaN,1.598,1.000
9.360,0.010,0.600,-1.000,-1.000,5.230,Run,NaN,NaN,-0.398,1.000
9.370,0.010,0.600,1.000,1.000,5.240,Run,NaN,NaN,1.598,1.000
9.380,0.010,0.600,-1.000,-1.000,5.230,Run,NaN,NaN,-0.398,1.000
9.390,0.010,0.600,1.000,1.000,5.240,Run,NaN,NaN,1.598,1.000
9.400,0.010,0.600,-1.000,-1.000,5.230,Run,NaN,NaN,-0.398,1.000
9.410,0.010,0.600,1.000,1.000,5.240,Run,NaN,NaN,1.598,1.000
9.420,0.010,0.600,-1.000,-1.000,5.230,Run,NaN,NaN,-0.398,1.000
9.430,0.010,0.600,1.000,1.000,5.240,Run,NaN,NaN,1.598,1.000
9.440,0.010,0.600,-1.000,-1.000,5.230,Run,NaN,NaN,-0.398,1.000
9.450,0.010,0.600,1.000,1.000,5.240,Run,NaN,NaN,1.598,1.000
9.460,0.010,0.600,-1.000,-1.000,5.230,Run,NaN,NaN,-0.398,1.000
9.470,0.010,0.600,1.000,1.000,5.240,Run,NaN,NaN,1.598,1.000
9.480,0.010,0.600,-1.000,-1.000,5.230,Run,NaN,NaN,-0.398,1.000
9.490,0.010,0.600,1.000,1.000,5.240,Run,NaN,NaN,1.598,1.000
9.500,0.010,0.600,-1.000,-1.000,5.230,Run,NaN,NaN,-0.398,1.000
9.510,0.010,0.600,1.000,1.000,5.240,Run,NaN,NaN,1.598,1.000
9.520,0.010,0.600,-1.000,-1.000,5.230,Run,NaN,NaN,-0.398,1.000
9.530,0.010,0.600,1.000,1.000,5.240,Run,NaN,NaN,1.598,1.000
9.540,0.010,0.600,-1.000,-1.000,5.230,Run,NaN,NaN,-0.398,1.000
9.550,0.010,0.600,1.000,1.000,5.240,Run,NaN,NaN,1.598,1.000
9.560,0.010,0.600,-1.000,-1.000,5.230,Run,NaN,NaN,-0.398,1.000
9.570,0.010,0.600,1.000,1.000,5.240,Run,NaN,NaN,1.598,1.000
9.580,0.010,0.600,-1.000,-1.000,5.230,Run,NaN,NaN,-0.398,1.000
9.590,0.010,0.600,1.000,1.000,5.240,Run,NaN,NaN,1.598,1.000
9.600,0.010,0.600,-1.000,-1.000,5.230,Run,NaN,NaN,-0.398,1.000
9.610,0.010,0.600,1.000,1.000,5.240,Run,NaN,NaN,1.598,1.000
9.620,0.010,0.600,-1.000,-1.000,5.230,Run,NaN,NaN,-0.398,1.000
9.630,0.010,0.600,1.000,1.000,5.240,Run,NaN,NaN,1.598,1.000
9.640,0.010,0.600,-1.000,-1.000,5.230,Run,NaN,NaN,-0.398,1.000
9.650,0.010,0.600,1.000,1.000,5.240,Run,NaN,NaN,1.598,1.000
9.660,0.010,0.600,-1.000,-1.000,5.230,Run,NaN,NaN,-0.398,1.000
9.670,0.010,0.600,1.000,1.000,5.240,Run,NaN,NaN,1.598,1.000
9.680,0.010,0.600,-1.000,-1.000,5.230,Run,NaN,NaN,-0.398,1.000
9.690,0.010,0.600,1.000,1.000,5.240,Run,NaN,NaN,1.598,1.000
9.700,0.010,0.600,-1.000,-1.000,5.230,Run,NaN,NaN,-0.398,1.000
9.710,0.010,0.600,1.000,1.000,5.240,Run,NaN,NaN,1.598,1.000
9.720,0.010,0.600,-1.000,-1.000,5.230,Run,NaN,NaN,-0.398,1.000
9.730,0.010,0.600,1.000,1.000,5.240,Run,NaN,NaN,1.598,1.000
9.740,0.010,0.600,-1.000,-1.000,5.230,Run,NaN,NaN,-0.398,1.000
9.750,0.010,0.600,1.000,1.000,5.240,Run,NaN,NaN,1.598,1.000
9.760,0.010,0.600,-1.000,-1.000,5.230,Run,NaN,NaN,-0.398,1.000
9.770,0.010,0.600,1.000,1.000,5.240,Run,NaN,NaN,1.598,1.000
9.780,0.010,0.600,-1.000,-1.000,5.230,Run,NaN,NaN,-0.398,1.000
9.790,0.010,0.600,1.000,1.000,5.240,Run,NaN,NaN,1.598,1.000
9.800,0.010,0.600,-1.000,-1.000,5.230,Run,NaN,NaN,-0.398,1.000
9.810,0.010,0.600,1.000,1.000,5.240,Run,NaN,NaN,1.598,1.000
9.820,0.010,0.600,-1.000,-1.000,5.230,Run,NaN,NaN,-0.398,1.000
9.830,0.010,0.600,1.000,1.000,5.240,Run,NaN,NaN,1.598,1.000
9.840,0.010,0.600,-1.000,-1.000,5.230,Run,NaN,NaN,-0.398,1.000
9.850,0.010,0.600,1.000,1.000,5.240,Run,NaN,NaN,1.598,1.000
9.860,0.010,0.600,-1.000,-1.000,5.230,Run,NaN,NaN,-0.398,1.000
9.870,0.010,0.600,1.000,1.000,5.240,Run,NaN,NaN,1.598,1.000
9.880,0.010,0.600,-1.000,-1.000,5.230,Run,NaN,NaN,-0.398,1.000
9.890,0.010,0.600,1.000,1.000,5.240,Run,NaN,NaN,1.598,1.000
9.900,0.010,0.600,-1.000,-1.000,5.230,Run,NaN,NaN,-0.398,1.000
9.910,0.010,0.600,1.000,1.000,5.240,Run,NaN,NaN,1.598,1.000
9.920,0.010,0.600,-1.000,-1.000,5.230,Run,NaN,NaN,-0.398,1.000
9.930,0.010,0.600,1.000,1.000,5.240,Run,NaN,NaN,1.598,1.000
9.940,0.010,0.600,-1.000,-1.000,5.230,Run,NaN,NaN,-0.398,1.000
9.950,0.010,0.600,1.000,1.000,5.240,Run,NaN,NaN,1.598,1.000
9.960,0.010,0.600,-1.000,-1.000,5.230,Run,NaN,NaN,-0.398,1.000
9.970,0.010,0.600,1.000,1.000,5.240,Run,NaN,NaN,1.598,1.000
9.980,0.010,0.600,-1.000,-1.000,5.230,Run,NaN,NaN,-0.398,1.000
9.990,0.010,0.600,1.000,1.000,5.240,Run,NaN,NaN,1.598,1.000
10.000,0.010,0.600,-1.000,-1.000,5.230,Run,NaN,NaN,-0.398,1.000
10.010,0.010,0.600,1.000,1.000,5.240,Run,NaN,NaN,1.598,1.000
10.020,0.010,0.600,-1.000,-1.000,5.230,Run,NaN,NaN,-0.398,1.000
10.030,0.010,0.600,1.000,1.000,5.240,Run,NaN,NaN,1.598,1.000
10.040,0.010,0.600,-1.000,-1.000,5.230,Run,NaN,NaN,-0.398,1.000
10.050,0.010,0.600,1.000,1.000,5.240,Run,NaN,NaN,1.598,1.000
10.060,0.010,0.600,-1.000,-1.000,5.230,Run,NaN,NaN,-0.398,1.000
10.070,0.010,0.600,1.000,1.000,5.240,Run,NaN,NaN,1.598,1.000
10.080,0.010,0.600,-1.000,-1.000,5.230,Run,NaN,NaN,-0.398,1.000
10.090,0.010,0.600,1.000,1.000,5.240,Run,NaN,NaN,1.598,1.000
10.100,0.010,0.600,-1.000,-1.000,5.230,Run,NaN,NaN,-0.398,1.000
10.110,0.010,0.600,1.000,1.000,5.240,Run,NaN,NaN,1.598,1.000
10.120,0.010,0.600,-1.000,-1.000,5.230,Run,NaN,NaN,-0.398,1.000
10.130,0.010,0.600,1.000,1.000,5.240,Run,NaN,NaN,1.598,1.000
10.140,0.010,0.600,-1.000,-1.000,5.230,Run,NaN,NaN,-0.398,1.000
10.150,0.010,0.600,1.000,1.000,5.240,Run,NaN,NaN,1.598,1.000
10.160,0.010,0.600,-1.000,-1.000,5.230,Run,NaN,NaN,-0.398,1.000
10.170,0.010,0.600,1.000,1.000,5.240,Run,NaN,NaN,1.598,1.000
10.180,0.010,0.600,-1.000,-1.000,5.230,Run,NaN,NaN,-0.398,1.000
10.190,0.010,0.600,1.000,1.000,5.240,Run,NaN,NaN,1.598,1.000
10.200,0.010,0.600,-1.000,-1.000,5.230,Run,NaN,NaN,-0.398,1.000
10.210,0.010,0.600,1.000,1.000,5.240,Run,NaN,NaN,1.598,1.000
10.220,0.010,0.600,-1.000,-1.000,5.230,Run,NaN,NaN,-0.398,1.000
10.230,0.010,0.600,1.000,1.000,5.240,Run,NaN,NaN,1.598,1.000
10.240,0.010,0.600,-1.000,-1.000,5.230,Run,NaN,NaN,-0.398,1.000
10.250,0.010,0.600,1.000,1.000,5.240,Run,NaN,NaN,1.598,1.000
10.260,0.010,0.600,-1.000,-1.000,5.230,Run,NaN,NaN,-0.398,1.000
10.270,0.010,0.600,1.000,1.000,5.240,Run,NaN,NaN,1.598,1.000
10.280,0.010,0.600,-1.000,-1.000,5.230,Run,NaN,NaN,-0.398,1.000
10.290,0.010,0.600,1.000,1.000,5.240,Run,NaN,NaN,1.598,1.000
10.300,0.010,0.600,-1.000,-1.000,5.230,Run,NaN,NaN,-0.398,1.000
10.310,0.010,0.600,1.000,1.000,5.240,Run,NaN,NaN,1.598,1.000
10.320,0.010,0.600,-1.000,-1.000,5.230,Run,NaN,NaN,-0.398,1.000
10.330,0.010,0.600,1.000,1.000,5.240,Run,NaN,NaN,1.598,1.000
10.340,0.010,0.600,-1.000,-1.000,5.230,Run,NaN,NaN,-0.398,1.000
10.350,0.010,0.600,1.000,1.000,5.240,Run,NaN,NaN,1.598,1.000
10.360,0.010,0.600,-1.000,-1.000,5.230,Run,NaN,NaN,-0.398,1.000
10.370,0.010,0.600,1.000,1.000,5.240,Run,NaN,NaN,1.598,1.000
10.380,0.010,0.600,-1.000,-1.000,5.230,Run,NaN,NaN,-0.398,1.000
10.390,0.010,0.600,1.000,1.000,5.240,Run,NaN,NaN,1.598,1.000
10.400,0.010,0.600,-1.000,-1.000,5.230,Run,NaN,NaN,-0.398,1.000
10.410,0.010,0.600,1.000,1.000,5.240,Run,NaN,NaN,1.598,1.000
10.420,0.010,0.600,-1.000,-1.000,5.230,Run,NaN,NaN,-0.398,1.000
10.430,0.010,0.600,1.000,1.000,5.240,Run,NaN,NaN,1.598,1.000
10.440,0.010,0.600,-1.000,-1.000,5.230,Run,NaN,NaN,-0.398,1.000
10.450,0.010,0.600,1.000,1.000,5.240,Run,NaN,NaN,1.598,1.000
10.460,0.010,0.600,-1.000,-1.000,5.230,Run,NaN,NaN,-0.398,1.000
10.470,0.010,0.600,1.000,1.000,5.240,Run,NaN,NaN,1.598,1.000
10.480,0.010,0.600,-1.000,-1.000,5.230,Run,NaN,NaN,-0.398,1.000
10.490,0.010,0.600,1.000,1.000,5.240,Run,NaN,NaN,1.598,1.000
10.500,0.010,0.600,-1.000,-1.000,5.230,Run,NaN,NaN,-0.398,1.000
10.510,0.010,0.600,1.000,1.000,5.240,Run,NaN,NaN,1.598,1.000
10.520,0.010,0.600,-1.000,-1.000,5.230,Run,NaN,NaN,-0.398,1.000
10.530,0.010,0.600,1.000,1.000,5.240,Run,NaN,NaN,1.598,1.000
10.540,0.010,0.600,-1.000,-1.000,5.230,Run,NaN,NaN,-0.398,1.000
10.550,0.010,0.600,1.000,1.000,5.240,Run,NaN,NaN,1.598,1.000
10.560,0.010,0.600,-1.000,-1.000,5.230,Run,NaN,NaN,-0.398,1.000
10.570,0.010,0.600,1.000,1.000,5.240,Run,NaN,NaN,1.598,1.000
10.580,0.010,0.600,-1.000,-1.000,5.230,Run,NaN,NaN,-0.398,1.000
10.590,0.010,0.600,1.000,1.000,5.240,Run,NaN,NaN,1.598,1.000
10.600,0.010,0.600,-1.000,-1.000,5.230,Run,NaN,NaN,-0.398,1.000
10.610,0.010,0.600,1.000,1.000,5.240,Run,NaN,NaN,1.598,1.000
10.620,0.010,0.600,-1.000,-1.000,5.230,Run,NaN,NaN,-0.398,1.000
10.630,0.010,0.600,1.000,1.000,5.240,Run,NaN,NaN,1.598,1.000
10.640,0.010,0.600,-1.000,-1.000,5.230,Run,NaN,NaN,-0.398,1.000
10.650,0.010,0.600,1.000,1.000,5.240,Run,NaN,NaN,1.598,1.000
10.660,0.010,0.600,-1.000,-1.000,5.230,Run,NaN,NaN,-0.398,1.000
10.670,0.010,0.600,1.000,1.000,5.240,Run,NaN,NaN,1.598,1.000
10.680,0.010,0.600,-1.000,-1.000,5.230,Run,NaN,NaN,-0.398,1.000
10.690,0.010,0.600,1.000,1.000,5.240,Run,NaN,NaN,1.598,1.000
10.700,0.010,0.600,-1.000,-1.000,5.230,Run,NaN,NaN,-0.398,1.000
10.710,0.010,0.600,1.000,1.000,5.240,Run,NaN,NaN,1.598,1.000
10.720,0.010,0.600,-1.000,-1.000,5.230,Run,NaN,NaN,-0.398,1.000
10.730,0.010,0.600,1.000,1.000,5.240,Run,NaN,NaN,1.598,1.000
10.740,0.010,0.600,-1.000,-1.000,5.230,Run,NaN,NaN,-0.398,1.000
10.750,0.010,0.600,1.000,1.000,5.240,Run,NaN,NaN,1.598,1.000
10.760,0.010,0.600,-1.000,-1.000,5.230,Run,NaN,NaN,-0.398,1.000
10.770,0.010,0.600,1.000,1.000,5.240,Run,NaN,NaN,1.598,1.000
10.780,0.010,0.600,-1.000,-1.000,5.230,Run,NaN,NaN,-0.398,1.000
10.790,0.010,0.600,1.000,1.000,5.240,Run,NaN,NaN,1.598,1.000
10.800,0.010,0.600,-1.000,-1.000,5.230,Run,NaN,NaN,-0.398,1.000
10.810,0.010,0.600,1.000,1.000,5.240,Run,NaN,NaN,1.598,1.000
10.820,0.010,0.600,-1.000,-1.000,5.230,Run,NaN,NaN,-0.398,1.000
10.830,0.010,0.600,1.000,1.000,5.240,Run,NaN,NaN,1.598,1.000
10.840,0.010,0.600,-1.000,-1.000,5.230,Run,NaN,NaN,-0.398,1.000
10.850,0.010,0.600,1.000,1.000,5.240,Run,NaN,NaN,1.598,1.000
10.860,0.010,0.600,-1.000,-1.000,5.230,Run,NaN,NaN,-0.398,1.000
10.870,0.010,0.600,1.000,1.000,5.240,Run,NaN,NaN,1.598,1.000
10.880,0.010,0.600,-1.000,-1.000,5.230,Run,NaN,NaN,-0.398,1.000
10.890,0.010,0.600,1.000,1.000,5.240,Run,NaN,NaN,1.598,1.000
10.900,0.010,0.600,-1.000,-1.000,5.230,Run,NaN,NaN,-0.398,1.000
10.910,0.010,0.600,1.000,1.000,5.240,Run,NaN,NaN,1.598,1.000
10.920,0.010,0.600,-1.000,-1.000,5.230,Run,NaN,NaN,-0.398,1.000
10.930,0.010,0.600,1.000,1.000,5.240,Run,NaN,NaN,1.598,1.000
10.940,0.010,0.600,-1.000,-1.000,5.230,Run,NaN,NaN,-0.398,1.000
10.950,0.010,0.600,1.000,1.000,5.240,Run,NaN,NaN,1.598,1.000
10.960,0.010,0.600,-1.000,-1.000,5.230,Run,NaN,NaN,-0.398,1.000
10.970,0.010,0.600,1.000,1.000,5.240,Run,NaN,NaN,1.598,1.000
10.980,0.010,0.600,-1.000,-1.000,5.230,Run,NaN,NaN,-0.398,1.000
10.990,0.010,0.600,1.000,1.000,5.240,Run,NaN,NaN,1.598,1.000
11.000,0.010,0.600,-1.000,-1.000,5.230,Run,NaN,NaN,-0.398,1.000
11.010,0.010,0.600,1.000,1.000,5.240,Run,NaN,NaN,1.598,1.000
11.020,0.010,0.600,-1.000,-1.000,5.230,Run,NaN,NaN,-0.398,1.000
11.030,0.010,0.600,1.000,1.000,5.240,Run,NaN,NaN,1.598,1.000
11.040,0.010,0.600,-1.000,-1.000,5.230,Run,NaN,NaN,-0.398,1.000
11.050,0.010,0.600,1.000,1.000,5.240,Run,NaN,NaN,1.598,1.000
11.060,0.010,0.600,-1.000,-1.000,5.230,Run,NaN,NaN,-0.398,1.000
11.070,0.010,0.600,1.000,1.000,5.240,Run,NaN,NaN,1.598,1.000
11.080,0.010,0.600,-1.000,-1.000,5.230,Run,NaN,NaN,-0.398,1.000
11.090,0.010,0.600,1.000,1.000,5.240,Run,NaN,NaN,1.598,1.000
11.100,0.010,0.600,-1.000,-1.000,5.230,Run,NaN,NaN,-0.398,1.000
11.110,0.010,0.600,1.000,1.000,5.240,Run,NaN,NaN,1.598,1.000
11.120,0.010,0.600,-1.000,-1.000,5.230,Run,NaN,NaN,-0.398,1.000
11.130,0.010,0.600,1.000,1.000,5.240,Run,NaN,NaN,1.598,1.000
11.140,0.010,0.600,-1.000,-1.000,5.230,Run,NaN,NaN,-0.398,1.000
11.150,0.010,0.600,1.000,1.000,5.240,Run,NaN,NaN,1.598,1.000
11.160,0.010,0.600,-1.000,-1.000,5.230,Run,NaN,NaN,-0.398,1.000
11.170,0.010,0.600,1.000,1.000,5.240,Run,NaN,NaN,1.598,1.000
11.180,0.010,0.600,-1.000,-1.000,5.230,Run,NaN,NaN,-0.398,1.000
11.190,0.010,0.600,1.000,1.000,5.240,Run,NaN,NaN,1.598,1.000
11.200,0.010,0.600,-1.000,-1.000,5.230,Run,NaN,NaN,-0.398,1.000
11.210,0.010,0.600,1.000,1.000,5.240,Run,NaN,NaN,1.598,1.000
11.220,0.010,0.600,-1.000,-1.000,5.230,Run,NaN,NaN,-0.398,1.000
11.230,0.010,0.600,1.000,1.000,5.240,Run,NaN,NaN,1.598,1.000
11.240,0.010,0.600,-1.000,-1.000,5.230,Run,NaN,NaN,-0.398,1.000
11.250,0.010,0.600,1.000,1.000,5.240,Run,NaN,NaN,1.598,1.000
11.260,0.010,0.600,-1.000,-1.000,5.230,Run,NaN,NaN,-0.398,1.000
11.270,0.010,0.600,1.000,1.000,5.240,Run,NaN,NaN,1.598,1.000
11.280,0.010,0.600,-1.000,-1.000,5.230,Run,NaN,NaN,-0.398,1.000
11.290,0.010,0.600,1.000,1.000,5.240,Run,NaN,NaN,1.598,1.000
11.300,0.010,0.600,-1.000,-1.000,5.230,Run,NaN,NaN,-0.398,1.000
11.310,0.010,0.600,1.000,1.000,5.240,Run,NaN,NaN,1.598,1.000
11.320,0.010,0.600,-1.000,-1.000,5.230,Run,NaN,NaN,-0.398,1.000
11.330,0.010,0.600,1.000,1.000,5.240,Run,NaN,NaN,1.598,1.000
11.340,0.010,0.600,-1.000,-1.000,5.230,Run,NaN,NaN,-0.398,1.000
11.350,0.010,0.600,1.000,1.000,5.240,Run,NaN,NaN,1.598,1.000
11.360,0.010,0.600,-1.000,-1.000,5.230,Run,NaN,NaN,-0.398,1.000
11.370,0.010,0.600,1.000,1.000,5.240,Run,NaN,NaN,1.598,1.000
11.380,0.010,0.600,-1.000,-1.000,5.230,Run,NaN,NaN,-0.398,1.000
11.390,0.010,0.600,1.000,1.000,5.240,Run,NaN,NaN,1.598,1.000
11.400,0.010,0.600,-1.000,-1.000,5.230,Run,NaN,NaN,-0.398,1.000
11.410,0.010,0.600,1.000,1.000,5.240,Run,NaN,NaN,1.598,1.000
11.420,0.010,0.600,-1.000,-1.000,5.230,Run,NaN,NaN,-0.398,1.000
11.430,0.010,0.600,1.000,1.000,5.240,Run,NaN,NaN,1.598,1.000
11.440,0.010,0.600,-1.000,-1.000,5.230,Run,NaN,NaN,-0.398,1.000
11.450,0.010,0.600,1.000,1.000,5.240,Run,NaN,NaN,1.598,1.000
11.460,0.010,0.600,-1.000,-1.000,5.230,Run,NaN,NaN,-0.398,1.000
11.470,0.010,0.600,1.000,1.000,5.240,Run,NaN,NaN,1.598,1.000
11.480,0.010,0.600,-1.000,-1.000,5.230,Run,NaN,NaN,-0.398,1.000
11.490,0.010,0.600,1.000,1.000,5.240,Run,NaN,NaN,1.598,1.000
11.500,0.010,0.600,-1.000,-1.000,5.230,Run,NaN,NaN,-0.398,1.000
11.510,0.010,0.600,1.000,1.000,5.240,Run,NaN,NaN,1.598,1.000
11.520,0.010,0.600,-1.000,-1.000,5.230,Run,NaN,NaN,-0.398,1.000
11.530,0.010,0.600,1.000,1.000,5.240,Run,NaN,NaN,1.598,1.000
11.540,0.010,0.600,-1.000,-1.000,5.230,Run,NaN,NaN,-0.398,1.000
11.550,0.010,0.600,1.000,1.000,5.240,Run,NaN,NaN,1.598,1.000
11.560,0.010,0.600,-1.000,-1.000,5.230,Run,NaN,NaN,-0.398,1.000
11.570,0.010,0.600,1.000,1.000,5.240,Run,NaN,NaN,1.598,1.000
11.580,0.010,0.600,-1.000,-1.000,5.230,Run,NaN,NaN,-0.398,1.000
11.590,0.010,0.600,1.000,1.000,5.240,Run,NaN,NaN,1.598,1.000
11.600,0.010,0.600,-1.000,-1.000,5.230,Run,NaN,NaN,-0.398,1.000
11.610,0.010,0.600,1.000,1.000,5.240,Run,NaN,NaN,1.598,1.000
11.620,0.010,0.600,-1.000,-1.000,5.230,Run,NaN,NaN,-0.398,1.000
11.630,0.010,0.600,1.000,1.000,5.240,Run,NaN,NaN,1.598,1.000
11.640,0.010,0.600,-1.000,-1.000,5.230,Run,NaN,NaN,-0.398,1.000
11.650,0.010,0.600,1.000,1.000,5.240,Run,NaN,NaN,1.598,1.000
11.660,0.010,0.600,-1.000,-1.000,5.230,Run,NaN,NaN,-0.398,1.000
11.670,0.010,0.600,1.000,1.000,5.240,Run,NaN,NaN,1.598,1.000
11.680,0.010,0.600,-1.000,-1.000,5.230,Run,NaN,NaN,-0.398,1.000
11.690,0.010,0.600,1.000,1.000,5.240,Run,NaN,NaN,1.598,1.000
11.700,0.010,0.600,-1.000,-1.000,5.230,Run,NaN,NaN,-0.398,1.000
11.710,0.010,0.600,1.000,1.000,5.240,Run,NaN,NaN,1.598,1.000
11.720,0.010,0.600,-1.000,-1.000,5.230,Run,NaN,NaN,-0.398,1.000
11.730,0.010,0.600,1.000,1.000,5.240,Run,NaN,NaN,1.598,1.000
11.740,0.010,0.600,-1.000,-1.000,5.230,Run,NaN,NaN,-0.398,1.000
11.750,0.010,0.600,1.000,1.000,5.240,Run,NaN,NaN,1.598,1.000
11.760,0.010,0.600,-1.000,-1.000,5.230,Run,NaN,NaN,-0.398,1.000
11.770,0.010,0.600,1.000,1.000,5.240,Run,NaN,NaN,1.598,1.000
11.780,0.010,0.600,-1.000,-1.000,5.230,Run,NaN,NaN,-0.398,1.000
11.790,0.010,0.600,1.000,1.000,5.240,Run,NaN,NaN,1.598,1.000
11.800,0.010,0.600,-1.000,-1.000,5.230,Run,NaN,NaN,-0.398,1.000
11.810,0.010,0.600,1.000,1.000,5.240,Run,NaN,NaN,1.598,1.000
11.820,0.010,0.600,-1.000,-1.000,5.230,Run,NaN,NaN,-0.398,1.000
11.830,0.010,0.600,1.000,1.000,5.240,Run,NaN,NaN,1.598,1.000
11.840,0.010,0.600,-1.000,-1.000,5.230,Run,NaN,NaN,-0.398,1.000
11.850,0.010,0.600,1.000,1.000,5.240,Run,NaN,NaN,1.598,1.000
11.860,0.010,0.600,-1.000,-1.000,5.230,Run,NaN,NaN,-0.398,1.000
11.870,0.010,0.600,1.000,1.000,5.240,Run,NaN,NaN,1.598,1.000
11.880,0.010,0.600,-1.000,-1.000,5.230,Run,NaN,NaN,-0.398,1.000
11.890,0.010,0.600,1.000,1.000,5.240,Run,NaN,NaN,1.598,1.000
11.900,0.010,0.600,-1.000,-1.000,5.230,Run,NaN,NaN,-0.398,1.000
11.910,0.010,0.600,1.000,1.000,5.240,Run,NaN,NaN,1.598,1.000
11.920,0.010,0.600,-1.000,-1.000,5.230,Run,NaN,NaN,-0.398,1.000
11.930,0.010,0.600,1.000,1.000,5.240,Run,NaN,NaN,1.598,1.000
11.940,0.010,0.600,-1.000,-1.000,5.230,Run,NaN,NaN,-0.398,1.000
11.950,0.010,0.600,1.000,1.000,5.240,Run,NaN,NaN,1.598,1.000
11.960,0.010,0.600,-1.000,-1.000,5.230,Run,NaN,NaN,-0.398,1.000
11.970,0.010,0.600,1.000,1.000,5.240,Run,NaN,NaN,1.598,1.000
11.980,0.010,0.600,-1.000,-1.000,5.230,Run,NaN,NaN,-0.398,1.000
11.990,0.010,0.600,1.000,1.000,5.240,Run,NaN,NaN,1.598,1.000
12.000,0.010,0.600,-1.000,-1.000,5.230,Run,NaN,NaN,-0.398,1.000
12.010,0.010,0.600,1.000,1.000,5.240,Run,NaN,NaN,1.598,1.000
12.020,0.010,0.600,-1.000,-1.000,5.230,Run,NaN,NaN,-0.398,1.000
12.030,0.010,0.600,1.000,1.000,5.240,Run,NaN,NaN,1.598,1.000
12.040,0.010,0.600,-1.000,-1.000,5.230,Run,NaN,NaN,-0.398,1.000
12.050,0.010,0.600,1.000,1.000,5.240,Run,NaN,NaN,1.598,1.000
12.060,0.010,0.600,-1.000,-1.000,5.230,Run,NaN,NaN,-0.398,1.000
12.070,0.010,0.600,1.000,1.000,5.240,Run,NaN,NaN,1.598,1.000
12.080,0.010,0.600,-1.000,-1.000,5.230,Run,NaN,NaN,-0.398,1.000
12.090,0.010,0.600,1.000,1.000,5.240,Run,NaN,NaN,1.598,1.000
12.100,0.010,0.600,-1.000,-1.000,5.230,Run,NaN,NaN,-0.398,1.000
12.110,0.010,0.600,1.000,1.000,5.240,Run,NaN,NaN,1.598,1.000
12.120,0.010,0.600,-1.000,-1.000,5.230,Run,NaN,NaN,-0.398,1.000
12.130,0.010,0.600,1.000,1.000,5.240,Run,NaN,NaN,1.598,1.000
12.140,0.010,0.600,-1.000,-1.000,5.230,Run,NaN,NaN,-0.398,1.000
12.150,0.010,0.600,1.000,1.000,5.240,Run,NaN,NaN,1.598,1.000
12.160,0.010,0.600,-1.000,-1.000,5.230,Run,NaN,NaN,-0.398,1.000
12.170,0.010,0.600,1.000,1.000,5.240,Run,NaN,NaN,1.598,1.000
12.180,0.010,0.600,-1.000,-1.000,5.230,Run,NaN,NaN,-0.398,1.000
12.190,0.010,0.600,1.000,1.000,5.240,Run,NaN,NaN,1.598,1.000
12.200,0.010,0.600,-1.000,-1.000,5.230,Run,NaN,NaN,-0.398,1.000
12.210,0.010,0.600,1.000,1.000,5.240,Run,NaN,NaN,1.598,1.000
12.220,0.010,0.600,-1.000,-1.000,5.230,Run,NaN,NaN,-0.398,1.000
12.230,0.010,0.600,1.000,1.000,5.240,Run,NaN,NaN,1.598,1.000
12.240,0.010,0.600,-1.000,-1.000,5.230,Run,NaN,NaN,-0.398,1.000
12.250,0.010,0.600,1.000,1.000,5.240,Run,NaN,NaN,1.598,1.000
12.260,0.010,0.600,-1.000,-1.000,5.230,Run,NaN,NaN,-0.398,1.000
12.270,0.010,0.600,1.000,1.000,5.240,Run,NaN,NaN,1.598,1.000
12.280,0.010,0.600,-1.000,-1.000,5.230,Run,NaN,NaN,-0.398,1.000
12.290,0.010,0.600,1.000,1.000,5.240,Run,NaN,NaN,1.598,1.000
12.300,0.010,0.600,-1.000,-1.000,5.230,Run,NaN,NaN,-0.398,1.000
12.310,0.010,0.600,1.000,1.000,5.240,Run,NaN,NaN,1.598,1.000
12.320,0.010,0.600,-1.000,-1.000,5.230,Run,NaN,NaN,-0.398,1.000
12.330,0.010,0.600,1.000,1.000,5.240,Run,NaN,NaN,1.598,1.000
12.340,0.010,0.600,-1.000,-1.000,5.230,Run,NaN,NaN,-0.398,1.000
12.350,0.010,0.600,1.000,1.000,5.240,Run,NaN,NaN,1.598,1.000
12.360,0.010,0.600,-1.000,-1.000,5.230,Run,NaN,NaN,-0.398,1.000
12.370,0.010,0.600,1.000,1.000,5.240,Run,NaN,NaN,1.598,1.000
12.380,0.010,0.600,-1.000,-1.000,5.230,Run,NaN,NaN,-0.398,1.000
12.390,0.010,0.600,1.000,1.000,5.240,Run,NaN,NaN,1.598,1.000
12.400,0.010,0.600,-1.000,-1.000,5.230,Run,NaN,NaN,-0.398,1.000
12.410,0.010,0.600,1.000,1.000,5.240,Run,NaN,NaN,1.598,1.000
12.420,0.010,0.600,-1.000,-1.000,5.230,Run,NaN,NaN,-0.398,1.000
12.430,0.010,0.600,1.000,1.000,5.240,Run,NaN,NaN,1.598,1.000
12.440,0.010,0.600,-1.000,-1.000,5.230,Run,NaN,NaN,-0.398,1.000
12.450,0.010,0.600,1.000,1.000,5.240,Run,NaN,NaN,1.598,1.000
12.460,0.010,0.600,-1.000,-1.000,5.230,Run,NaN,NaN,-0.398,1.000
12.470,0.010,0.600,1.000,1.000,5.240,Run,NaN,NaN,1.598,1.000
12.480,0.010,0.600,-1.000,-1.000,5.230,Run,NaN,NaN,-0.398,1.000
12.490,0.010,0.600,1.000,1.000,5.240,Run,NaN,NaN,1.598,1.000
12.500,0.010,0.600,-1.000,-1.000,5.230,Run,NaN,NaN,-0.398,1.000
12.510,0.010,0.600,1.000,1.000,5.240,Run,NaN,NaN,1.598,1.000
12.520,0.010,0.600,-1.000,-1.000,5.230,Run,NaN,NaN,-0.398,1.000
12.530,0.010,0.600,1.000,1.000,5.240,Run,NaN,NaN,1.598,1.000
12.540,0.010,0.600,-1.000,-1.000,5.230,Run,NaN,NaN,-0.398,1.000
12.550,0.010,0.600,1.000,1.000,5.240,Run,NaN,NaN,1.598,1.000
12.560,0.010,0.600,-1.000,-1.000,5.230,Run,NaN,NaN,-0.398,1.000
12.570,0.010,0.600,1.000,1.000,5.240,Run,NaN,NaN,1.598,1.000
12.580,0.010,0.600,-1.000,-1.000,5.230,Run,NaN,NaN,-0.398,1.000
12.590,0.010,0.600,1.000,1.000,5.240,Run,NaN,NaN,1.598,1.000
12.600,0.010,0.600,-1.000,-1.000,5.230,Run,NaN,NaN,-0.398,1.000
12.610,0.010,0.600,1.000,1.000,5.240,Run,NaN,NaN,1.598,1.000
12.620,0.010,0.600,-1.000,-1.000,5.230,Run,NaN,NaN,-0.398,1.000
12.630,0.010,0.600,1.000,1.000,5.240,Run,NaN,NaN,1.598,1.000
12.640,0.010,0.600,-1.000,-1.000,5.230,Run,NaN,NaN,-0.398,1.000
12.650,0.010,0.600,1.000,1.000,5.240,Run,NaN,NaN,1.598,1.000
12.660,0.010,0.600,-1.000,-1.000,5.230,Run,NaN,NaN,-0.398,1.000
12.670,0.010,0.600,1.000,1.000,5.240,Run,NaN,NaN,1.598,1.000
12.680,0.010,0.600,-1.000,-1.000,5.230,Run,NaN,NaN,-0.398,1.000
12.690,0.010,0.600,1.000,1.000,5.240,Run,NaN,NaN,1.598,1.000
12.700,0.010,0.600,-1.000,-1.000,5.230,Run,NaN,NaN,-0.398,1.000
12.710,0.010,0.600,1.000,1.000,5.240,Run,NaN,NaN,1.598,1.000
12.720,0.010,0.600,-1.000,-1.000,5.230,Run,NaN,NaN,-0.398,1.000
12.730,0.010,0.600,1.000,1.000,5.240,Run,NaN,NaN,1.598,1.000
12.740,0.010,0.600,-1.000,-1.000,5.230,Run,NaN,NaN,-0.398,1.000
12.750,0.010,0.600,1.000,1.000,5.240,Run,NaN,NaN,1.598,1.000
12.760,0.010,0.600,-1.000,-1.000,5.230,Run,NaN,NaN,-0.398,1.000
12.770,0.010,0.600,1.000,1.000,5.240,Run,NaN,NaN,1.598,1.000
12.780,0.010,0.600,-1.000,-1.000,5.230,Run,NaN,NaN,-0.398,1.000
12.790,0.010,0.600,1.000,1.000,5.240,Run,NaN,NaN,1.598,1.000
12.800,0.010,0.600,-1.000,-1.000,5.230,Run,NaN,NaN,-0.398,1.000
12.810,0.010,0.600,1.000,1.000,5.240,Run,NaN,NaN,1.598,1.000
12.820,0.010,0.600,-1.000,-1.000,5.230,Run,NaN,NaN,-0.398,1.000
12.830,0.010,0.600,1.000,1.000,5.240,Run,NaN,NaN,1.598,1.000
12.840,0.010,0.600,-1.000,-1.000,5.230,Run,NaN,NaN,-0.398,1.000
12.850,0.010,0.600,1.000,1.000,5.240,Run,NaN,NaN,1.598,1.000
12.860,0.010,0.600,-1.000,-1.000,5.230,Run,NaN,NaN,-0.398,1.000
12.870,0.010,0.600,1.000,1.000,5.240,Run,NaN,NaN,1.598,1.000
12.880,0.010,0.600,-1.000,-1.000,5.230,Run,NaN,NaN,-0.398,1.000
12.890,0.010,0.600,1.000,1.000,5.240,Run,NaN,NaN,1.598,1.000
12.900,0.010,0.600,-1.000,-1.000,5.230,Run,NaN,NaN,-0.398,1.000
12.910,0.010,0.600,1.000,1.000,5.240,Run,NaN,NaN,1.598,1.000
12.920,0.010,0.600,-1.000,-1.000,5.230,Run,NaN,NaN,-0.398,1.000
12.930,0.010,0.600,1.000,1.000,5.240,Run,NaN,NaN,1.598,1.000
12.940,0.010,0.600,-1.000,-1.000,5.230,Run,NaN,NaN,-0.398,1.000
12.950,0.010,0.600,1.000,1.000,5.240,Run,NaN,NaN,1.598,1.000
12.960,0.010,0.600,-1.000,-1.000,5.230,Run,NaN,NaN,-0.398,1.000
12.970,0.010,0.600,1.000,1.000,5.240,Run,NaN,NaN,1.598,1.000
12.980,0.010,0.600,-1.000,-1.000,5.230,Run,NaN,NaN,-0.398,1.000
12.990,0.010,0.600,1.000,1.000,5.240,Run,NaN,NaN,1.598,1.000
13.000,0.010,0.600,-1.000,-1.000,5.230,Run,NaN,NaN,-0.398,1.000
13.010,0.010,0.600,1.000,1.000,5.240,Run,NaN,NaN,1.598,1.000
13.020,0.010,0.600,-1.000,-1.000,5.230,Run,NaN,NaN,-0.398,1.000
13.030,0.010,0.600,1.000,1.000,5.240,Run,NaN,NaN,1.598,1.000
13.040,0.010,0.600,-1.000,-1.000,5.230,Run,NaN,NaN,-0.398,1.000
13.050,0.010,0.600,1.000,1.000,5.240,Run,NaN,NaN,1.598,1.000
13.060,0.010,0.600,-1.000,-1.000,5.230,Run,NaN,NaN,-0.398,1.000
13.070,0.010,0.600,1.000,1.000,5.240,Run,NaN,NaN,1.598,1.000
13.080,0.010,0.600,-1.000,-1.000,5.230,Run,NaN,NaN,-0.398,1.000
13.090,0.010,0.600,1.000,1.000,5.240,Run,NaN,NaN,1.598,1.000
13.100,0.010,0.600,-1.000,-1.000,5.230,Run,NaN,NaN,-0.398,1.000
13.110,0.010,0.600,1.000,1.000,5.240,Run,NaN,NaN,1.598,1.000
13.120,0.010,0.600,-1.000,-1.000,5.230,Run,NaN,NaN,-0.398,1.000
13.130,0.010,0.600,1.000,1.000,5.240,Run,NaN,NaN,1.598,1.000
13.140,0.010,0.600,-1.000,-1.000,5.230,Run,NaN,NaN,-0.398,1.000
13.150,0.010,0.600,1.000,1.000,5.240,Run,NaN,NaN,1.598,1.000
13.160,0.010,0.600,-1.000,-1.000,5.230,Run,NaN,NaN,-0.398,1.000
13.170,0.010,0.600,1.000,1.000,5.240,Run,NaN,NaN,1.598,1.000
13.180,0.010,0.600,-1.000,-1.000,5.230,Run,NaN,NaN,-0.398,1.000
13.190,0.010,0.600,1.000,1.000,5.240,Run,NaN,NaN,1.598,1.000
13.200,0.010,0.600,-1.000,-1.000,5.230,Run,NaN,NaN,-0.398,1.000
13.210,0.010,0.600,1.000,1.000,5.240,Run,NaN,NaN,1.598,1.000
13.220,0.010,0.600,-1.000,-1.000,5.230,Run,NaN,NaN,-0.398,1.000
13.230,0.010,0.600,1.000,1.000,5.240,Run,NaN,NaN,1.598,1.000
13.240,0.010,0.600,-1.000,-1.000,5.230,Run,NaN,NaN,-0.398,1.000
13.250,0.010,0.600,1.000,1.000,5.240,Run,NaN,NaN,1.598,1.000
13.260,0.010,0.600,-1.000,-1.000,5.230,Run,NaN,NaN,-0.398,1.000
13.270,0.010,0.600,1.000,1.000,5.240,Run,NaN,NaN,1.598,1.000
13.280,0.010,0.600,-1.000,-1.000,5.230,Run,NaN,NaN,-0.398,1.000
13.290,0.010,0.600,1.000,1.000,5.240,Run,NaN,NaN,1.598,1.000
13.300,0.010,0.600,-1.000,-1.000,5.230,Run,NaN,NaN,-0.398,1.000
13.310,0.010,0.600,1.000,1.000,5.240,Run,NaN,NaN,1.598,1.000
13.320,0.010,0.600,-1.000,-1.000,5.230,Run,NaN,NaN,-0.398,1.000
13.330,0.010,0.600,1.000,1.000,5.240,Run,NaN,NaN,1.598,1.000
13.340,0.010,0.600,-1.000,-1.000,5.230,Run,NaN,NaN,-0.398,1.000
13.350,0.010,0.600,1.000,1.000,5.240,Run,NaN,NaN,1.598,1.000
13.360,0.010,0.600,-1.000,-1.000,5.230,Run,NaN,NaN,-0.398,1.000
13.370,0.010,0.600,1.000,1.000,5.240,Run,NaN,NaN,1.598,1.000
13.380,0.010,0.600,-1.000,-1.000,5.230,Run,NaN,NaN,-0.398,1.000
13.390,0.010,0.600,1.000,1.000,5.240,Run,NaN,NaN,1.598,1.000
13.400,0.010,0.600,-1.000,-1.000,5.230,Run,NaN,NaN,-0.398,1.000
13.410,0.010,0.600,1.000,1.000,5.240,Run,NaN,NaN,1.598,1.000
13.420,0.010,0.600,-1.000,-1.000,5.230,Run,NaN,NaN,-0.398,1.000
13.430,0.010,0.600,1.000,1.000,5.240,Run,NaN,NaN,1.598,1.000
13.440,0.010,0.600,-1.000,-1.000,5.230,Run,NaN,NaN,-0.398,1.000
13.450,0.010,0.600,1.000,1.000,5.240,Run,NaN,NaN,1.598,1.000
13.460,0.010,0.600,-1.000,-1.000,5.230,Run,NaN,NaN,-0.398,1.000
13.470,0.010,0.600,1.000,1.000,5.240,Run,NaN,NaN,1.598,1.000
13.480,0.010,0.600,-1.000,-1.000,5.230,Run,NaN,NaN,-0.398,1.000
13.490,0.010,0.600,1.000,1.000,5.240,Run,NaN,NaN,1.598,1.000
13.500,0.010,0.600,-1.000,-1.000,5.230,Run,NaN,NaN,-0.398,1.000
13.510,0.010,0.600,1.000,1.000,5.240,Run,NaN,NaN,1.598,1.000
13.520,0.010,0.600,-1.000,-1.000,5.230,Run,NaN,NaN,-0.398,1.000
13.530,0.010,0.600,1.000,1.000,5.240,Run,NaN,NaN,1.598,1.000
13.540,0.010,0.600,-1.000,-1.000,5.230,Run,NaN,NaN,-0.398,1.000
13.550,0.010,0.600,1.000,1.000,5.240,Run,NaN,NaN,1.598,1.000
13.560,0.010,0.600,-1.000,-1.000,5.230,Run,NaN,NaN,-0.398,1.000
13.570,0.010,0.600,1.000,1.000,5.240,Run,NaN,NaN,1.598,1.000
13.580,0.010,0.600,-1.000,-1.000,5.230,Run,NaN,NaN,-0.398,1.000
13.590,0.010,0.600,1.000,1.000,5.240,Run,NaN,NaN,1.598,1.000
13.600,0.010,0.600,-1.000,-1.000,5.230,Run,NaN,NaN,-0.398,1.000
13.610,0.010,0.600,1.000,1.000,5.240,Run,NaN,NaN,1.598,1.000
13.620,0.010,0.600,-1.000,-1.000,5.230,Run,NaN,NaN,-0.398,1.000
13.630,0.010,0.600,1.000,1.000,5.240,Run,NaN,NaN,1.598,1.000
13.640,0.010,0.600,-1.000,-1.000,5.230,Run,NaN,NaN,-0.398,1.000
13.650,0.010,0.600,1.000,1.000,5.240,Run,NaN,NaN,1.598,1.000
13.660,0.010,0.600,-1.000,-1.000,5.230,Run,NaN,NaN,-0.398,1.000
13.670,0.010,0.600,1.000,1.000,5.240,Run,NaN,NaN,1.598,1.000
13.680,0.010,0.600,-1.000,-1.000,5.230,Run,NaN,NaN,-0.398,1.000
13.690,0.010,0.600,1.000,1.000,5.240,Run,NaN,NaN,1.598,1.000
13.700,0.010,0.600,-1.000,-1.000,5.230,Run,NaN,NaN,-0.398,1.000
13.710,0.010,0.600,1.000,1.000,5.240,Run,NaN,NaN,1.598,1.000
13.720,0.010,0.600,-1.000,-1.000,5.230,Run,NaN,NaN,-0.398,1.000
13.730,0.010,0.600,1.000,1.000,5.240,Run,NaN,NaN,1.598,1.000
13.740,0.010,0.600,-1.000,-1.000,5.230,Run,NaN,NaN,-0.398,1.000
13.750,0.010,0.600,1.000,1.000,5.240,Run,NaN,NaN,1.598,1.000
13.760,0.010,0.600,-1.000,-1.000,5.230,Run,NaN,NaN,-0.398,1.000
13.770,0.010,0.600,1.000,1.000,5.240,Run,NaN,NaN,1.598,1.000
13.780,0.010,0.600,-1.000,-1.000,5.230,Run,NaN,NaN,-0.398,1.000
13.790,0.010,0.600,1.000,1.000,5.240,Run,NaN,NaN,1.598,1.000
13.800,0.010,0.600,-1.000,-1.000,5.230,Run,NaN,NaN,-0.398,1.000
13.810,0.010,0.600,1.000,1.000,5.240,Run,NaN,NaN,1.598,1.000
13.820,0.010,0.600,-1.000,-1.000,5.230,Run,NaN,NaN,-0.398,1.000
13.830,0.010,0.600,1.000,1.000,5.240,Run,NaN,NaN,1.598,1.000
13.840,0.010,0.600,-1.000,-1.000,5.230,Run,NaN,NaN,-0.398,1.000
13.850,0.010,0.600,1.000,1.000,5.240,Run,NaN,NaN,1.598,1.000
13.860,0.010,0.600,-1.000,-1.000,5.230,Run,NaN,NaN,-0.398,1.000
13.870,0.010,0.600,1.000,1.000,5.240,Run,NaN,NaN,1.598,1.000
13.880,0.010,0.600,-1.000,-1.000,5.230,Run,NaN,NaN,-0.398,1.000
13.890,0.010,0.600,1.000,1.000,5.240,Run,NaN,NaN,1.598,1.000
13.900,0.010,0.600,-1.000,-1.000,5.230,Run,NaN,NaN,-0.398,1.000
13.910,0.010,0.600,1.000,1.000,5.240,Run,NaN,NaN,1.598,1.000
13.920,0.010,0.600,-1.000,-1.000,5.230,Run,NaN,NaN,-0.398,1.000
13.930,0.010,0.600,1.000,1.000,5.240,Run,NaN,NaN,1.598,1.000
13.940,0.010,0.600,-1.000,-1.000,5.230,Run,NaN,NaN,-0.398,1.000
13.950,0.010,0.600,1.000,1.000,5.240,Run,NaN,NaN,1.598,1.000
13.960,0.010,0.600,-1.000,-1.000,5.230,Run,NaN,NaN,-0.398,1.000
13.970,0.010,0.600,1.000,1.000,5.240,Run,NaN,NaN,1.598,1.000
13.980,0.010,0.600,-1.000,-1.000,5.230,Run,NaN,NaN,-0.398,1.000
13.990,0.010,0.600,1.000,1.000,5.240,Run,NaN,NaN,1.598,1.000
14.000,0.010,0.600,-1.000,-1.000,5.230,Run,NaN,NaN,-0.398,1.000
14.010,0.010,0.600,1.000,1.000,5.240,Run,NaN,NaN,1.598,1.000
14.020,0.010,0.600,-1.000,-1.000,5.230,Run,NaN,NaN,-0.398,1.000
14.030,0.010,0.600,1.000,1.000,5.240,Run,NaN,NaN,1.598,1.000
14.040,0.010,0.600,-1.000,-1.000,5.230,Run,NaN,NaN,-0.398,1.000
14.050,0.010,0.600,1.000,1.000,5.240,Run,NaN,NaN,1.598,1.000
14.060,0.010,0.600,-1.000,-1.000,5.230,Run,NaN,NaN,-0.398,1.000
14.070,0.010,0.600,1.000,1.000,5.240,Run,NaN,NaN,1.598,1.000
14.080,0.010,0.600,-1.000,-1.000,5.230,Run,NaN,NaN,-0.398,1.000
14.090,0.010,0.600,1.000,1.000,5.240,Run,NaN,NaN,1.598,1.000
14.100,0.010,0.600,-1.000,-1.000,5.230,Run,NaN,NaN,-0.398,1.000
14.110,0.010,0.600,1.000,1.000,5.240,Run,NaN,NaN,1.598,1.000
14.120,0.010,0.600,-1.000,-1.000,5.230,Run,NaN,NaN,-0.398,1.000
14.130,0.010,0.600,1.000,1.000,5.240,Run,NaN,NaN,1.598,1.000
14.140,0.010,0.600,-1.000,-1.000,5.230,Run,NaN,NaN,-0.398,1.000
14.150,0.010,0.600,1.000,1.000,5.240,Run,NaN,NaN,1.598,1.000
14.160,0.010,0.600,-1.000,-1.000,5.230,Run,NaN,NaN,-0.398,1.000
14.170,0.010,0.600,1.000,1.000,5.240,Run,NaN,NaN,1.598,1.000
14.180,0.010,0.600,-1.000,-1.000,5.230,Run,NaN,NaN,-0.398,1.000
14.190,0.010,0.600,1.000,1.000,5.240,Run,NaN,NaN,1.598,1.000
14.200,0.010,0.600,-1.000,-1.000,5.230,Run,NaN,NaN,-0.398,1.000
14.210,0.010,0.600,1.000,1.000,5.240,Run,NaN,NaN,1.598,1.000
14.220,0.010,0.600,-1.000,-1.000,5.230,Run,NaN,NaN,-0.398,1.000
14.230,0.010,0.600,1.000,1.000,5.240,Run,NaN,NaN,1.598,1.000
14.240,0.010,0.600,-1.000,-1.000,5.230,Run,NaN,NaN,-0.398,1.000
14.250,0.010,0.600,1.000,1.000,5.240,Run,NaN,NaN,1.598,1.000
14.260,0.010,0.600,-1.000,-1.000,5.230,Run,NaN,NaN,-0.398,1.000
14.270,0.010,0.600,1.000,1.000,5.240,Run,NaN,NaN,1.598,1.000
14.280,0.010,0.600,-1.000,-1.000,5.230,Run,NaN,NaN,-0.398,1.000
14.290,0.010,0.600,1.000,1.000,5.240,Run,NaN,NaN,1.598,1.000
14.300,0.010,0.600,-1.000,-1.000,5.230,Run,NaN,NaN,-0.398,1.000
14.310,0.010,0.600,1.000,1.000,5.240,Run,NaN,NaN,1.598,1.000
14.320,0.010,0.600,-1.000,-1.000,5.230,Run,NaN,NaN,-0.398,1.000
14.330,0.010,0.600,1.000,1.000,5.240,Run,NaN,NaN,1.598,1.000
14.340,0.010,0.600,-1.000,-1.000,5.230,Run,NaN,NaN,-0.398,1.000
14.350,0.010,0.600,1.000,1.000,5.240,Run,NaN,NaN,1.598,1.000
14.360,0.010,0.600,-1.000,-1.000,5.230,Run,NaN,NaN,-0.398,1.000
14.370,0.010,0.600,1.000,1.000,5.240,Run,NaN,NaN,1.598,1.000
14.380,0.010,0.600,-1.000,-1.000,5.230,Run,NaN,NaN,-0.398,1.000
14.390,0.010,0.600,1.000,1.000,5.240,Run,NaN,NaN,1.598,1.000
14.400,0.010,0.600,-1.000,-1.000,5.230,Run,NaN,NaN,-0.398,1.000
14.410,0.010,0.600,1.000,1.000,5.240,Run,NaN,NaN,1.598,1.000
14.420,0.010,0.600,-1.000,-1.000,5.230,Run,NaN,NaN,-0.398,1.000
14.430,0.010,0.600,1.000,1.000,5.240,Run,NaN,NaN,1.598,1.000
14.440,0.010,0.600,-1.000,-1.000,5.230,Run,NaN,NaN,-0.398,1.000
14.450,0.010,0.600,1.000,1.000,5.240,Run,NaN,NaN,1.598,1.000
14.460,0.010,0.600,-1.000,-1.000,5.230,Run,NaN,NaN,-0.398,1.000
14.470,0.010,0.600,1.000,1.000,5.240,Run,NaN,NaN,1.598,1.000
14.480,0.010,0.600,-1.000,-1.000,5.230,Run,NaN,NaN,-0.398,1.000
14.490,0.010,0.600,1.000,1.000,5.240,Run,NaN,NaN,1.598,1.000
14.500,0.010,0.600,-1.000,-1.000,5.230,Run,NaN,NaN,-0.398,1.000
14.510,0.010,0.600,1.000,1.000,5.240,Run,NaN,NaN,1.598,1.000
14.520,0.010,0.600,-1.000,-1.000,5.230,Run,NaN,NaN,-0.398,1.000
14.530,0.010,0.600,1.000,1.000,5.240,Run,NaN,NaN,1.598,1.000
14.540,0.010,0.600,-1.000,-1.000,5.230,Run,NaN,NaN,-0.398,1.000
14.550,0.010,0.600,1.000,1.000,5.240,Run,NaN,NaN,1.598,1.000
14.560,0.010,0.600,-1.000,-1.000,5.230,Run,NaN,NaN,-0.398,1.000
14.570,0.010,0.600,1.000,1.000,5.240,Run,NaN,NaN,1.598,1.000
14.580,0.010,0.600,-1.000,-1.000,5.230,Run,NaN,NaN,-0.398,1.000
14.590,0.010,0.600,1.000,1.000,5.240,Run,NaN,NaN,1.598,1.000
14.600,0.010,0.600,-1.000,-1.000,5.230,Run,NaN,NaN,-0.398,1.000
14.610,0.010,0.600,1.000,1.000,5.240,Run,NaN,NaN,1.598,1.000
14.620,0.010,0.600,-1.000,-1.000,5.230,Run,NaN,NaN,-0.398,1.000
14.630,0.010,0.600,1.000,1.000,5.240,Run,NaN,NaN,1.598,1.000
14.640,0.010,0.600,-1.000,-1.000,5.230,Run,NaN,NaN,-0.398,1.000
14.650,0.010,0.600,1.000,1.000,5.240,Run,NaN,NaN,1.598,1.000
14.660,0.010,0.600,-1.000,-1.000,5.230,Run,NaN,NaN,-0.398,1.000
14.670,0.010,0.600,1.000,1.000,5.240,Run,NaN,NaN,1.598,1.000
14.680,0.010,0.600,-1.000,-1.000,5.230,Run,NaN,NaN,-0.398,1.000
14.690,0.010,0.600,1.000,1.000,5.240,Run,NaN,NaN,1.598,1.000
14.700,0.010,0.600,-1.000,-1.000,5.230,Run,NaN,NaN,-0.398,1.000
14.710,0.010,0.600,1.000,1.000,5.240,Run,NaN,NaN,1.598,1.000
14.720,0.010,0.600,-1.000,-1.000,5.230,Run,NaN,NaN,-0.398,1.000
14.730,0.010,0.600,1.000,1.000,5.240,Run,NaN,NaN,1.598,1.000
14.740,0.010,0.600,-1.000,-1.000,5.230,Run,NaN,NaN,-0.398,1.000
14.750,0.010,0.600,1.000,1.000,5.240,Run,NaN,NaN,1.598,1.000
14.760,0.010,0.600,-1.000,-1.000,5.230,Run,NaN,NaN,-0.398,1.000
14.770,0.010,0.600,1.000,1.000,5.240,Run,NaN,NaN,1.598,1.000
14.780,0.010,0.600,-1.000,-1.000,5.230,Run,NaN,NaN,-0.398,1.000
14.790,0.010,0.600,1.000,1.000,5.240,Run,NaN,NaN,1.598,1.000
14.800,0.010,0.600,-1.000,-1.000,5.230,Run,NaN,NaN,-0.398,1.000
14.810,0.010,0.600,1.000,1.000,5.240,Run,NaN,NaN,1.598,1.000
14.820,0.010,0.600,-1.000,-1.000,5.230,Run,NaN,NaN,-0.398,1.000
14.830,0.010,0.600,1.000,1.000,5.240,Run,NaN,NaN,1.598,1.000
14.840,0.010,0.600,-1.000,-1.000,5.230,Run,NaN,NaN,-0.398,1.000
14.850,0.010,0.600,1.000,1.000,5.240,Run,NaN,NaN,1.598,1.000
14.860,0.010,0.600,-1.000,-1.000,5.230,Run,NaN,NaN,-0.398,1.000
14.870,0.010,0.600,1.000,1.000,5.240,Run,NaN,NaN,1.598,1.000
14.880,0.010,0.600,-1.000,-1.000,5.230,Run,NaN,NaN,-0.398,1.000
14.890,0.010,0.600,1.000,1.000,5.240,Run,NaN,NaN,1.598,1.000
14.900,0.010,0.600,-1.000,-1.000,5.230,Run,NaN,NaN,-0.398,1.000
14.910,0.010,0.600,1.000,1.000,5.240,Run,NaN,NaN,1.598,1.000
14.920,0.010,0.600,-1.000,-1.000,5.230,Run,NaN,NaN,-0.398,1.000
14.930,0.010,0.600,1.000,1.000,5.240,Run,NaN,NaN,1.598,1.000
14.940,0.010,0.600,-1.000,-1.000,5.230,Run,NaN,NaN,-0.398,1.000
14.950,0.010,0.600,1.000,1.000,5.240,Run,NaN,NaN,1.598,1.000
14.960,0.010,0.600,-1.000,-1.000,5.230,Run,NaN,NaN,-0.398,1.000
14.970,0.010,0.600,1.000,1.000,5.240,Run,NaN,NaN,1.598,1.000
14.980,0.010,0.600,-1.000,-1.000,5.230,Run,NaN,NaN,-0.398,1.000
14.990,0.010,0.600,1.000,1.000,5.240,Run,NaN,NaN,1.598,1.000
15.000,0.010,0.600,-1.000,-1.000,5.230,Run,NaN,NaN,-0.398,1.000
15.010,0.010,0.600,1.000,1.000,5.240,Run,NaN,NaN,1.598,1.000
15.020,0.010,0.600,-1.000,-1.000,5.230,Run,NaN,NaN,-0.398,1.000
15.030,0.010,0.600,1.000,1.000,5.240,Run,NaN,NaN,1.598,1.000
15.040,0.010,0.600,-1.000,-1.000,5.230,Run,NaN,NaN,-0.398,1.000
15.050,0.010,0.600,1.000,1.000,5.240,Run,NaN,NaN,1.598,1.000
15.060,0.010,0.600,-1.000,-1.000,5.230,Run,NaN,NaN,-0.398,1.000
15.070,0.010,0.600,1.000,1.000,5.240,Run,NaN,NaN,1.598,1.000
15.080,0.010,0.600,-1.000,-1.000,5.230,Run,NaN,NaN,-0.398,1.000
15.090,0.010,0.600,1.000,1.000,5.240,Run,NaN,NaN,1.598,1.000
15.100,0.010,0.600,-1.000,-1.000,5.230,Run,NaN,NaN,-0.398,1.000
15.110,0.010,0.600,1.000,1.000,5.240,Run,NaN,NaN,1.598,1.000
15.120,0.010,0.600,-1.000,-1.000,5.230,Run,NaN,NaN,-0.398,1.000
15.130,0.010,0.600,1.000,1.000,5.240,Run,NaN,NaN,1.598,1.000
15.140,0.010,0.600,-1.000,-1.000,5.230,Run,NaN,NaN,-0.398,1.000
15.150,0.010,0.600,1.000,1.000,5.240,Run,NaN,NaN,1.598,1.000
15.160,0.010,0.600,-1.000,-1.000,5.230,Run,NaN,NaN,-0.398,1.000
15.170,0.010,0.600,1.000,1.000,5.240,Run,NaN,NaN,1.598,1.000
15.180,0.010,0.600,-1.000,-1.000,5.230,Run,NaN,NaN,-0.398,1.000
15.190,0.010,0.600,1.000,1.000,5.240,Run,NaN,NaN,1.598,1.000
15.200,0.010,0.600,-1.000,-1.000,5.230,Run,NaN,NaN,-0.398,1.000
15.210,0.010,0.600,1.000,1.000,5.240,Run,NaN,NaN,1.598,1.000
15.220,0.010,0.600,-1.000,-1.000,5.230,Run,NaN,NaN,-0.398,1.000
15.230,0.010,0.600,1.000,1.000,5.240,Run,NaN,NaN,1.598,1.000
15.240,0.010,0.600,-1.000,-1.000,5.230,Run,NaN,NaN,-0.398,1.000
15.250,0.010,0.600,1.000,1.000,5.240,Run,NaN,NaN,1.598,1.000
15.260,0.010,0.600,-1.000,-1.000,5.230,Run,NaN,NaN,-0.398,1.000
15.270,0.010,0.600,1.000,1.000,5.240,Run,NaN,NaN,1.598,1.000
15.280,0.010,0.600,-1.000,-1.000,5.230,Run,NaN,NaN,-0.398,1.000
15.290,0.010,0.600,1.000,1.000,5.240,Run,NaN,NaN,1.598,1.000
15.300,0.010,0.600,-1.000,-1.000,5.230,Run,NaN,NaN,-0.398,1.000
15.310,0.010,0.600,1.000,1.000,5.240,Run,NaN,NaN,1.598,1.000
15.320,0.010,0.600,-1.000,-1.000,5.230,Run,NaN,NaN,-0.398,1.000
15.330,0.010,0.600,1.000,1.000,5.240,Run,NaN,NaN,1.598,1.000
15.340,0.010,0.600,-1.000,-1.000,5.230,Run,NaN,NaN,-0.398,1.000
15.350,0.010,0.600,1.000,1.000,5.240,Run,NaN,NaN,1.598,1.000
15.360,0.010,0.600,-1.000,-1.000,5.230,Run,NaN,NaN,-0.398,1.000
15.370,0.010,0.600,1.000,1.000,5.240,Run,NaN,NaN,1.598,1.000
15.380,0.010,0.600,-1.000,-1.000,5.230,Run,NaN,NaN,-0.398,1.000
15.390,0.010,0.600,1.000,1.000,5.240,Run,NaN,NaN,1.598,1.000
15.400,0.010,0.600,-1.000,-1.000,5.230,Run,NaN,NaN,-0.398,1.000
15.410,0.010,0.600,1.000,1.000,5.240,Run,NaN,NaN,1.598,1.000
15.420,0.010,0.600,-1.000,-1.000,5.230,Run,NaN,NaN,-0.398,1.000
15.430,0.010,0.600,1.000,1.000,5.240,Run,NaN,NaN,1.598,1.000
15.440,0.010,0.600,-1.000,-1.000,5.230,Run,NaN,NaN,-0.398,1.000
15.450,0.010,0.600,1.000,1.000,5.240,Run,NaN,NaN,1.598,1.000
15.460,0.010,0.600,-1.000,-1.000,5.230,Run,NaN,NaN,-0.398,1.000
15.470,0.010,0.600,1.000,1.000,5.240,Run,NaN,NaN,1.598,1.000
15.480,0.010,0.600,-1.000,-1.000,5.230,Run,NaN,NaN,-0.398,1.000
15.490,0.010,0.600,1.000,1.000,5.240,Run,NaN,NaN,1.598,1.000
15.500,0.010,0.600,-1.000,-1.000,5.230,Run,NaN,NaN,-0.398,1.000
15.510,0.010,0.600,1.000,1.000,5.240,Run,NaN,NaN,1.598,1.000
15.520,0.010,0.600,-1.000,-1.000,5.230,Run,NaN,NaN,-0.398,1.000
15.530,0.010,0.600,1.000,1.000,5.240,Run,NaN,NaN,1.598,1.000
15.540,0.010,0.600,-1.000,-1.000,5.230,Run,NaN,NaN,-0.398,1.000
15.550,0.010,0.600,1.000,1.000,5.240,Run,NaN,NaN,1.598,1.000
15.560,0.010,0.600,-1.000,-1.000,5.230,Run,NaN,NaN,-0.398,1.000
15.570,0.010,0.600,1.000,1.000,5.240,Run,NaN,NaN,1.598,1.000
15.580,0.010,0.600,-1.000,-1.000,5.230,Run,NaN,NaN,-0.398,1.000
15.590,0.010,0.600,1.000,1.000,5.240,Run,NaN,NaN,1.598,1.000
15.600,0.010,0.600,-1.000,-1.000,5.230,Run,NaN,NaN,-0.398,1.000
15.610,0.010,0.600,1.000,1.000,5.240,Run,NaN,NaN,1.598,1.000
15.620,0.010,0.600,-1.000,-1.000,5.230,Run,NaN,NaN,-0.398,1.000
15.630,0.010,0.600,1.000,1.000,5.240,Run,NaN,NaN,1.598,1.000
15.640,0.010,0.600,-1.000,-1.000,5.230,Run,NaN,NaN,-0.398,1.000
15.650,0.010,0.600,1.000,1.000,5.240,Run,NaN,NaN,1.598,1.000
15.660,0.010,0.600,-1.000,-1.000,5.230,Run,NaN,NaN,-0.398,1.000
15.670,0.010,0.600,1.000,1.000,5.240,Run,NaN,NaN,1.598,1.000
15.680,0.010,0.600,-1.000,-1.000,5.230,Run,NaN,NaN,-0.398,1.000
15.690,0.010,0.600,1.000,1.000,5.240,Run,NaN,NaN,1.598,1.000
15.700,0.010,0.600,-1.000,-1.000,5.230,Run,NaN,NaN,-0.398,1.000
15.710,0.010,0.600,1.000,1.000,5.240,Run,NaN,NaN,1.598,1.000
15.720,0.010,0.600,-1.000,-1.000,5.230,Run,NaN,NaN,-0.398,1.000
15.730,0.010,0.600,1.000,1.000,5.240,Run,NaN,NaN,1.598,1.000
15.740,0.010,0.600,-1.000,-1.000,5.230,Run,NaN,NaN,-0.398,1.000
15.750,0.010,0.600,1.000,1.000,5.240,Run,NaN,NaN,1.598,1.000
15.760,0.010,0.600,-1.000,-1.000,5.230,Run,NaN,NaN,-0.398,1.000
15.770,0.010,0.600,1.000,1.000,5.240,Run,NaN,NaN,1.598,1.000
15.780,0.010,0.600,-1.000,-1.000,5.230,Run,NaN,NaN,-0.398,1.000
15.790,0.010,0.600,1.000,1.000,5.240,Run,NaN,NaN,1.598,1.000
15.800,0.010,0.600,-1.000,-1.000,5.230,Run,NaN,NaN,-0.398,1.000
15.810,0.010,0.600,1.000,1.000,5.240,Run,NaN,NaN,1.598,1.000
15.820,0.010,0.600,-1.000,-1.000,5.230,Run,NaN,NaN,-0.398,1.000
15.830,0.010,0.600,1.000,1.000,5.240,Run,NaN,NaN,1.598,1.000
15.840,0.010,0.600,-1.000,-1.000,5.230,Run,NaN,NaN,-0.398,1.000
15.850,0.010,0.600,1.000,1.000,5.240,Run,NaN,NaN,1.598,1.000
15.860,0.010,0.600,-1.000,-1.000,5.230,Run,NaN,NaN,-0.398,1.000
15.870,0.010,0.600,1.000,1.000,5.240,Run,NaN,NaN,1.598,1.000
15.880,0.010,0.600,-1.000,-1.000,5.230,Run,NaN,NaN,-0.398,1.000
15.890,0.010,0.600,1.000,1.000,5.240,Run,NaN,NaN,1.598,1.000
15.900,0.010,0.600,-1.000,-1.000,5.230,Run,NaN,NaN,-0.398,1.000
15.910,0.010,0.600,1.000,1.000,5.240,Run,NaN,NaN,1.598,1.000
15.920,0.010,0.600,-1.000,-1.000,5.230,Run,NaN,NaN,-0.398,1.000
15.930,0.010,0.600,1.000,1.000,5.240,Run,NaN,NaN,1.598,1.000
15.940,0.010,0.600,-1.000,-1.000,5.230,Run,NaN,NaN,-0.398,1.000
15.950,0.010,0.600,1.000,1.000,5.240,Run,NaN,NaN,1.598,1.000
15.960,0.010,0.600,-1.000,-1.000,5.230,Run,NaN,NaN,-0.398,1.000
15.970,0.010,0.600,1.000,1.000,5.240,Run,NaN,NaN,1.598,1.000
15.980,0.010,0.600,-1.000,-1.000,5.230,Run,NaN,NaN,-0.398,1.000
15.990,0.010,0.600,1.000,1.000,5.240,Run,NaN,NaN,1.598,1.000
16.000,0.010,0.600,-1.000,-1.000,5.230,Run,NaN,NaN,-0.398,1.000
16.010,0.010,0.600,1.000,1.000,5.240,Run,NaN,NaN,1.598,1.000
16.020,0.010,0.600,-1.000,-1.000,5.230,Run,NaN,NaN,-0.398,1.000
16.030,0.010,0.600,1.000,1.000,5.240,Run,NaN,NaN,1.598,1.000
16.040,0.010,0.600,-1.000,-1.000,5.230,Run,NaN,NaN,-0.398,1.000
16.050,0.010,0.600,1.000,1.000,5.240,Run,NaN,NaN,1.598,1.000
16.060,0.010,0.600,-1.000,-1.000,5.230,Run,NaN,NaN,-0.398,1.000
16.070,0.010,0.600,1.000,1.000,5.240,Run,NaN,NaN,1.598,1.000
16.080,0.010,0.600,-1.000,-1.000,5.230,Run,NaN,NaN,-0.398,1.000
16.090,0.010,0.600,1.000,1.000,5.240,Run,NaN,NaN,1.598,1.000
16.100,0.010,0.600,-1.000,-1.000,5.230,Run,NaN,NaN,-0.398,1.000
16.110,0.010,0.600,1.000,1.000,5.240,Run,NaN,NaN,1.598,1.000
16.120,0.010,0.600,-1.000,-1.000,5.230,Run,NaN,NaN,-0.398,1.000
16.130,0.010,0.600,1.000,1.000,5.240,Run,NaN,NaN,1.598,1.000
16.140,0.010,0.600,-1.000,-1.000,5.230,Run,NaN,NaN,-0.398,1.000
16.150,0.010,0.600,1.000,1.000,5.240,Run,NaN,NaN,1.598,1.000
16.160,0.010,0.600,-1.000,-1.000,5.230,Run,NaN,NaN,-0.398,1.000
16.170,0.010,0.600,1.000,1.000,5.240,Run,NaN,NaN,1.598,1.000
16.180,0.010,0.600,-1.000,-1.000,5.230,Run,NaN,NaN,-0.398,1.000
16.190,0.010,0.600,1.000,1.000,5.240,Run,NaN,NaN,1.598,1.000
16.200,0.010,0.600,-1.000,-1.000,5.230,Run,NaN,NaN,-0.398,1.000
16.210,0.010,0.600,1.000,1.000,5.240,Run,NaN,NaN,1.598,1.000
16.220,0.010,0.600,-1.000,-1.000,5.230,Run,NaN,NaN,-0.398,1.000
16.230,0.010,0.600,1.000,1.000,5.240,Run,NaN,NaN,1.598,1.000
16.240,0.010,0.600,-1.000,-1.000,5.230,Run,NaN,NaN,-0.398,1.000
16.250,0.010,0.600,1.000,1.000,5.240,Run,NaN,NaN,1.598,1.000
16.260,0.010,0.600,-1.000,-1.000,5.230,Run,NaN,NaN,-0.398,1.000
16.270,0.010,0.600,1.000,1.000,5.240,Run,NaN,NaN,1.598,1.000
16.280,0.010,0.600,-1.000,-1.000,5.230,Run,NaN,NaN,-0.398,1.000
16.290,0.010,0.600,1.000,1.000,5.240,Run,NaN,NaN,1.598,1.000
16.300,0.010,0.600,-1.000,-1.000,5.230,Run,NaN,NaN,-0.398,1.000
16.310,0.010,0.600,1.000,1.000,5.240,Run,NaN,NaN,1.598,1.000
16.320,0.010,0.600,-1.000,-1.000,5.230,Run,NaN,NaN,-0.398,1.000
16.330,0.010,0.600,1.000,1.000,5.240,Run,NaN,NaN,1.598,1.000
16.340,0.010,0.600,-1.000,-1.000,5.230,Run,NaN,NaN,-0.398,1.000
16.350,0.010,0.600,1.000,1.000,5.240,Run,NaN,NaN,1.598,1.000
16.360,0.010,0.600,-1.000,-1.000,5.230,Run,NaN,NaN,-0.398,1.000
16.370,0.010,0.600,1.000,1.000,5.240,Run,NaN,NaN,1.598,1.000
16.380,0.010,0.600,-1.000,-1.000,5.230,Run,NaN,NaN,-0.398,1.000
16.390,0.010,0.600,1.000,1.000,5.240,Run,NaN,NaN,1.598,1.000
16.400,0.010,0.600,-1.000,-1.000,5.230,Run,NaN,NaN,-0.398,1.000
16.410,0.010,0.600,1.000,1.000,5.240,Run,NaN,NaN,1.598,1.000
16.420,0.010,0.600,-1.000,-1.000,5.230,Run,NaN,NaN,-0.398,1.000
16.430,0.010,0.600,1.000,1.000,5.240,Run,NaN,NaN,1.598,1.000
16.440,0.010,0.600,-1.000,-1.000,5.230,Run,NaN,NaN,-0.398,1.000
16.450,0.010,0.600,1.000,1.000,5.240,Run,NaN,NaN,1.598,1.000
16.460,0.010,0.600,-1.000,-1.000,5.230,Run,NaN,NaN,-0.398,1.000
16.470,0.010,0.600,1.000,1.000,5.240,Run,NaN,NaN,1.598,1.000
16.480,0.010,0.600,-1.000,-1.000,5.230,Run,NaN,NaN,-0.398,1.000
16.490,0.010,0.600,1.000,1.000,5.240,Run,NaN,NaN,1.598,1.000
16.500,0.010,0.600,-1.000,-1.000,5.230,Run,NaN,NaN,-0.398,1.000
16.510,0.010,0.600,1.000,1.000,5.240,Run,NaN,NaN,1.598,1.000
16.520,0.010,0.600,-1.000,-1.000,5.230,Run,NaN,NaN,-0.398,1.000
16.530,0.010,0.600,1.000,1.000,5.240,Run,NaN,NaN,1.598,1.000
16.540,0.010,0.600,-1.000,-1.000,5.230,Run,NaN,NaN,-0.398,1.000
16.550,0.010,0.600,1.000,1.000,5.240,Run,NaN,NaN,1.598,1.000
16.560,0.010,0.600,-1.000,-1.000,5.230,Run,NaN,NaN,-0.398,1.000
16.570,0.010,0.600,1.000,1.000,5.240,Run,NaN,NaN,1.598,1.000
16.580,0.010,0.600,-1.000,-1.000,5.230,Run,NaN,NaN,-0.398,1.000
16.590,0.010,0.600,1.000,1.000,5.240,Run,NaN,NaN,1.598,1.000
16.600,0.010,0.600,-1.000,-1.000,5.230,Run,NaN,NaN,-0.398,1.000
16.610,0.010,0.600,1.000,1.000,5.240,Run,NaN,NaN,1.598,1.000
16.620,0.010,0.600,-1.000,-1.000,5.230,Run,NaN,NaN,-0.398,1.000
16.630,0.010,0.600,1.000,1.000,5.240,Run,NaN,NaN,1.598,1.000
16.640,0.010,0.600,-1.000,-1.000,5.230,Run,NaN,NaN,-0.398,1.000
16.650,0.010,0.600,1.000,1.000,5.240,Run,NaN,NaN,1.598,1.000
16.660,0.010,0.600,-1.000,-1.000,5.230,Run,NaN,NaN,-0.398,1.000
16.670,0.010,0.600,1.000,1.000,5.240,Run,NaN,NaN,1.598,1.000
16.680,0.010,0.600,-1.000,-1.000,5.230,Run,NaN,NaN,-0.398,1.000
16.690,0.010,0.600,1.000,1.000,5.240,Run,NaN,NaN,1.598,1.000
16.700,0.010,0.600,-1.000,-1.000,5.230,Run,NaN,NaN,-0.398,1.000
16.710,0.010,0.600,1.000,1.000,5.240,Run,NaN,NaN,1.598,1.000
16.720,0.010,0.600,-1.000,-1.000,5.230,Run,NaN,NaN,-0.398,1.000
16.730,0.010,0.600,1.000,1.000,5.240,Run,NaN,NaN,1.598,1.000
16.740,0.010,0.600,-1.000,-1.000,5.230,Run,NaN,NaN,-0.398,1.000
16.750,0.010,0.600,1.000,1.000,5.240,Run,NaN,NaN,1.598,1.000
16.760,0.010,0.600,-1.000,-1.000,5.230,Run,NaN,NaN,-0.398,1.000
16.770,0.010,0.600,1.000,1.000,5.240,Run,NaN,NaN,1.598,1.000
16.780,0.010,0.600,-1.000,-1.000,5.230,Run,NaN,NaN,-0.398,1.000
16.790,0.010,0.600,1.000,1.000,5.240,Run,NaN,NaN,1.598,1.000
16.800,0.010,0.600,-1.000,-1.000,5.230,Run,NaN,NaN,-0.398,1.000
16.810,0.010,0.600,1.000,1.000,5.240,Run,NaN,NaN,1.598,1.000
16.820,0.010,0.600,-1.000,-1.000,5.230,Run,NaN,NaN,-0.398,1.000
16.830,0.010,0.600,1.000,1.000,5.240,Run,NaN,NaN,1.598,1.000
16.840,0.010,0.600,-1.000,-1.000,5.230,Run,NaN,NaN,-0.398,1.000
16.850,0.010,0.600,1.000,1.000,5.240,Run,NaN,NaN,1.598,1.000
16.860,0.010,0.600,-1.000,-1.000,5.230,Run,NaN,NaN,-0.398,1.000
16.870,0.010,0.600,1.000,1.000,5.240,Run,NaN,NaN,1.598,1.000
16.880,0.010,0.600,-1.000,-1.000,5.230,Run,NaN,NaN,-0.398,1.000
16.890,0.010,0.600,1.000,1.000,5.240,Run,NaN,NaN,1.598,1.000
16.900,0.010,0.600,-1.000,-1.000,5.230,Run,NaN,NaN,-0.398,1.000
16.910,0.010,0.600,1.000,1.000,5.240,Run,NaN,NaN,1.598,1.000
16.920,0.010,0.600,-1.000,-1.000,5.230,Run,NaN,NaN,-0.398,1.000
16.930,0.010,0.600,1.000,1.000,5.240,Run,NaN,NaN,1.598,1.000
16.940,0.010,0.600,-1.000,-1.000,5.230,Run,NaN,NaN,-0.398,1.000
16.950,0.010,0.600,1.000,1.000,5.240,Run,NaN,NaN,1.598,1.000
16.960,0.010,0.600,-1.000,-1.000,5.230,Run,NaN,NaN,-0.398,1.000
16.970,0.010,0.600,1.000,1.000,5.240,Run,NaN,NaN,1.598,1.000
16.980,0.010,0.600,-1.000,-1.000,5.230,Run,NaN,NaN,-0.398,1.000
16.990,0.010,0.600,1.000,1.000,5.240,Run,NaN,NaN,1.598,1.000
17.000,0.010,0.600,-1.000,-1.000,5.230,Run,NaN,NaN,-0.398,1.000
17.010,0.010,0.600,1.000,1.000,5.240,Run,NaN,NaN,1.598,1.000
17.020,0.010,0.600,-1.000,-1.000,5.230,Run,NaN,NaN,-0.398,1.000
17.030,0.010,0.600,1.000,1.000,5.240,Run,NaN,NaN,1.598,1.000
17.040,0.010,0.600,-1.000,-1.000,5.230,Run,NaN,NaN,-0.398,1.000
17.050,0.010,0.600,1.000,1.000,5.240,Run,NaN,NaN,1.598,1.000
17.060,0.010,0.600,-1.000,-1.000,5.230,Run,NaN,NaN,-0.398,1.000
17.070,0.010,0.600,1.000,1.000,5.240,Run,NaN,NaN,1.598,1.000
17.080,0.010,0.600,-1.000,-1.000,5.230,Run,NaN,NaN,-0.398,1.000
17.090,0.010,0.600,1.000,1.000,5.240,Run,NaN,NaN,1.598,1.000
17.100,0.010,0.600,-1.000,-1.000,5.230,Run,NaN,NaN,-0.398,1.000
17.110,0.010,0.600,1.000,1.000,5.240,Run,NaN,NaN,1.598,1.000
17.120,0.010,0.600,-1.000,-1.000,5.230,Run,NaN,NaN,-0.398,1.000
17.130,0.010,0.600,1.000,1.000,5.240,Run,NaN,NaN,1.598,1.000
17.140,0.010,0.600,-1.000,-1.000,5.230,Run,NaN,NaN,-0.398,1.000
17.150,0.010,0.600,1.000,1.000,5.240,Run,NaN,NaN,1.598,1.000
17.160,0.010,0.600,-1.000,-1.000,5.230,Run,NaN,NaN,-0.398,1.000
17.170,0.010,0.600,1.000,1.000,5.240,Run,NaN,NaN,1.598,1.000
17.180,0.010,0.600,-1.000,-1.000,5.230,Run,NaN,NaN,-0.398,1.000
17.190,0.010,0.600,1.000,1.000,5.240,Run,NaN,NaN,1.598,1.000
17.200,0.010,0.600,-1.000,-1.000,5.230,Run,NaN,NaN,-0.398,1.000
17.210,0.010,0.600,1.000,1.000,5.240,Run,NaN,NaN,1.598,1.000
17.220,0.010,0.600,-1.000,-1.000,5.230,Run,NaN,NaN,-0.398,1.000
17.230,0.010,0.600,1.000,1.000,5.240,Run,NaN,NaN,1.598,1.000
17.240,0.010,0.600,-1.000,-1.000,5.230,Run,NaN,NaN,-0.398,1.000
17.250,0.010,0.600,1.000,1.000,5.240,Run,NaN,NaN,1.598,1.000
17.260,0.010,0.600,-1.000,-1.000,5.230,Run,NaN,NaN,-0.398,1.000
17.270,0.010,0.600,1.000,1.000,5.240,Run,NaN,NaN,1.598,1.000
17.280,0.010,0.600,-1.000,-1.000,5.230,Run,NaN,NaN,-0.398,1.000
17.290,0.010,0.600,1.000,1.000,5.240,Run,NaN,NaN,1.598,1.000
17.300,0.010,0.600,-1.000,-1.000,5.230,Run,NaN,NaN,-0.398,1.000
17.310,0.010,0.600,1.000,1.000,5.240,Run,NaN,NaN,1.598,1.000
17.320,0.010,0.600,-1.000,-1.000,5.230,Run,NaN,NaN,-0.398,1.000
17.330,0.010,0.600,1.000,1.000,5.240,Run,NaN,NaN,1.598,1.000
17.340,0.010,0.600,-1.000,-1.000,5.230,Run,NaN,NaN,-0.398,1.000
17.350,0.010,0.600,1.000,1.000,5.240,Run,NaN,NaN,1.598,1.000
17.360,0.010,0.600,-1.000,-1.000,5.230,Run,NaN,NaN,-0.398,1.000
17.370,0.010,0.600,1.000,1.000,5.240,Run,NaN,NaN,1.598,1.000
17.380,0.010,0.600,-1.000,-1.000,5.230,Run,NaN,NaN,-0.398,1.000
17.390,0.010,0.600,1.000,1.000,5.240,Run,NaN,NaN,1.598,1.000
17.400,0.010,0.600,-1.000,-1.000,5.230,Run,NaN,NaN,-0.398,1.000
17.410,0.010,0.600,1.000,1.000,5.240,Run,NaN,NaN,1.598,1.000
17.420,0.010,0.600,-1.000,-1.000,5.230,Run,NaN,NaN,-0.398,1.000
17.430,0.010,0.600,1.000,1.000,5.240,Run,NaN,NaN,1.598,1.000
17.440,0.010,0.600,-1.000,-1.000,5.230,Run,NaN,NaN,-0.398,1.000
17.450,0.010,0.600,1.000,1.000,5.240,Run,NaN,NaN,1.598,1.000
17.460,0.010,0.600,-1.000,-1.000,5.230,Run,NaN,NaN,-0.398,1.000
17.470,0.010,0.600,1.000,1.000,5.240,Run,NaN,NaN,1.598,1.000
17.480,0.010,0.600,-1.000,-1.000,5.230,Run,NaN,NaN,-0.398,1.000
17.490,0.010,0.600,1.000,1.000,5.240,Run,NaN,NaN,1.598,1.000
17.500,0.010,0.600,-1.000,-1.000,5.230,Run,NaN,NaN,-0.398,1.000
17.510,0.010,0.600,1.000,1.000,5.240,Run,NaN,NaN,1.598,1.000
17.520,0.010,0.600,-1.000,-1.000,5.230,Run,NaN,NaN,-0.398,1.000
17.530,0.010,0.600,1.000,1.000,5.240,Run,NaN,NaN,1.598,1.000
17.540,0.010,0.600,-1.000,-1.000,5.230,Run,NaN,NaN,-0.398,1.000
17.550,0.010,0.600,1.000,1.000,5.240,Run,NaN,NaN,1.598,1.000
17.560,0.010,0.600,-1.000,-1.000,5.230,Run,NaN,NaN,-0.398,1.000
17.570,0.010,0.600,1.000,1.000,5.240,Run,NaN,NaN,1.598,1.000
17.580,0.010,0.600,-1.000,-1.000,5.230,Run,NaN,NaN,-0.398,1.000
17.590,0.010,0.600,1.000,1.000,5.240,Run,NaN,NaN,1.598,1.000
17.600,0.010,0.600,-1.000,-1.000,5.230,Run,NaN,NaN,-0.398,1.000
17.610,0.010,0.600,1.000,1.000,5.240,Run,NaN,NaN,1.598,1.000
17.620,0.010,0.600,-1.000,-1.000,5.230,Run,NaN,NaN,-0.398,1.000
17.630,0.010,0.600,1.000,1.000,5.240,Run,NaN,NaN,1.598,1.000
17.640,0.010,0.600,-1.000,-1.000,5.230,Run,NaN,NaN,-0.398,1.000
17.650,0.010,0.600,1.000,1.000,5.240,Run,NaN,NaN,1.598,1.000
17.660,0.010,0.600,-1.000,-1.000,5.230,Run,NaN,NaN,-0.398,1.000
17.670,0.010,0.600,1.000,1.000,5.240,Run,NaN,NaN,1.598,1.000
17.680,0.010,0.600,-1.000,-1.000,5.230,Run,NaN,NaN,-0.398,1.000
17.690,0.010,0.600,1.000,1.000,5.240,Run,NaN,NaN,1.598,1.000
17.700,0.010,0.600,-1.000,-1.000,5.230,Run,NaN,NaN,-0.398,1.000
17.710,0.010,0.600,1.000,1.000,5.240,Run,NaN,NaN,1.598,1.000
17.720,0.010,0.600,-1.000,-1.000,5.230,Run,NaN,NaN,-0.398,1.000
17.730,0.010,0.600,1.000,1.000,5.240,Run,NaN,NaN,1.598,1.000
17.740,0.010,0.600,-1.000,-1.000,5.230,Run,NaN,NaN,-0.398,1.000
17.750,0.010,0.600,1.000,1.000,5.240,Run,NaN,NaN,1.598,1.000
17.760,0.010,0.600,-1.000,-1.000,5.230,Run,NaN,NaN,-0.398,1.000
17.770,0.010,0.600,1.000,1.000,5.240,Run,NaN,NaN,1.598,1.000
17.780,0.010,0.600,-1.000,-1.000,5.230,Run,NaN,NaN,-0.398,1.000
17.790,0.010,0.600,1.000,1.000,5.240,Run,NaN,NaN,1.598,1.000
17.800,0.010,0.600,-1.000,-1.000,5.230,Run,NaN,NaN,-0.398,1.000
17.810,0.010,0.600,1.000,1.000,5.240,Run,NaN,NaN,1.598,1.000
17.820,0.010,0.600,-1.000,-1.000,5.230,Run,NaN,NaN,-0.398,1.000
17.830,0.010,0.600,1.000,1.000,5.240,Run,NaN,NaN,1.598,1.000
17.840,0.010,0.600,-1.000,-1.000,5.230,Run,NaN,NaN,-0.398,1.000
17.850,0.010,0.600,1.000,1.000,5.240,Run,NaN,NaN,1.598,1.000
17.860,0.010,0.600,-1.000,-1.000,5.230,Run,NaN,NaN,-0.398,1.000
17.870,0.010,0.600,1.000,1.000,5.240,Run,NaN,NaN,1.598,1.000
17.880,0.010,0.600,-1.000,-1.000,5.230,Run,NaN,NaN,-0.398,1.000
17.890,0.010,0.600,1.000,1.000,5.240,Run,NaN,NaN,1.598,1.000
17.900,0.010,0.600,-1.000,-1.000,5.230,Run,NaN,NaN,-0.398,1.000
17.910,0.010,0.600,1.000,1.000,5.240,Run,NaN,NaN,1.598,1.000
17.920,0.010,0.600,-1.000,-1.000,5.230,Run,NaN,NaN,-0.398,1.000
17.930,0.010,0.600,1.000,1.000,5.240,Run,NaN,NaN,1.598,1.000
17.940,0.010,0.600,-1.000,-1.000,5.230,Run,NaN,NaN,-0.398,1.000
17.950,0.010,0.600,1.000,1.000,5.240,Run,NaN,NaN,1.598,1.000
17.960,0.010,0.600,-1.000,-1.000,5.230,Run,NaN,NaN,-0.398,1.000
17.970,0.010,0.600,1.000,1.000,5.240,Run,NaN,NaN,1.598,1.000
17.980,0.010,0.600,-1.000,-1.000,5.230,Run,NaN,NaN,-0.398,1.000
17.990,0.010,0.600,1.000,1.000,5.240,Run,NaN,NaN,1.598,1.000
18.000,0.010,0.600,-1.000,-1.000,5.230,Run,NaN,NaN,-0.398,1.000
18.010,0.010,0.600,1.000,1.000,5.240,Run,NaN,NaN,1.598,1.000
18.020,0.010,0.600,-1.000,-1.000,5.230,Run,NaN,NaN,-0.398,1.000
18.030,0.010,0.600,1.000,1.000,5.240,Run,NaN,NaN,1.598,1.000
18.040,0.010,0.600,-1.000,-1.000,5.230,Run,NaN,NaN,-0.398,1.000
18.050,0.010,0.600,1.000,1.000,5.240,Run,NaN,NaN,1.598,1.000
18.060,0.010,0.600,-1.000,-1.000,5.230,Run,NaN,NaN,-0.398,1.000
18.070,0.010,0.600,1.000,1.000,5.240,Run,NaN,NaN,1.598,1.000
18.080,0.010,0.600,-1.000,-1.000,5.230,Run,NaN,NaN,-0.398,1.000
18.090,0.010,0.600,1.000,1.000,5.240,Run,NaN,NaN,1.598,1.000
18.100,0.010,0.600,-1.000,-1.000,5.230,Run,NaN,NaN,-0.398,1.000
18.110,0.010,0.600,1.000,1.000,5.240,Run,NaN,NaN,1.598,1.000
18.120,0.010,0.600,-1.000,-1.000,5.230,Run,NaN,NaN,-0.398,1.000
18.130,0.010,0.600,1.000,1.000,5.240,Run,NaN,NaN,1.598,1.000
18.140,0.010,0.600,-1.000,-1.000,5.230,Run,NaN,NaN,-0.398,1.000
18.150,0.010,0.600,1.000,1.000,5.240,Run,NaN,NaN,1.598,1.000
18.160,0.010,0.600,-1.000,-1.000,5.230,Run,NaN,NaN,-0.398,1.000
18.170,0.010,0.600,1.000,1.000,5.240,Run,NaN,NaN,1.598,1.000
18.180,0.010,0.600,-1.000,-1.000,5.230,Run,NaN,NaN,-0.398,1.000
18.190,0.010,0.600,1.000,1.000,5.240,Run,NaN,NaN,1.598,1.000
18.200,0.010,0.600,-1.000,-1.000,5.230,Run,NaN,NaN,-0.398,1.000
18.210,0.010,0.600,1.000,1.000,5.240,Run,NaN,NaN,1.598,1.000
18.220,0.010,0.600,-1.000,-1.000,5.230,Run,NaN,NaN,-0.398,1.000
18.230,0.010,0.600,1.000,1.000,5.240,Run,NaN,NaN,1.598,1.000
18.240,0.010,0.600,-1.000,-1.000,5.230,Run,NaN,NaN,-0.398,1.000
18.250,0.010,0.600,1.000,1.000,5.240,Run,NaN,NaN,1.598,1.000
18.260,0.010,0.600,-1.000,-1.000,5.230,Run,NaN,NaN,-0.398,1.000
18.270,0.010,0.600,1.000,1.000,5.240,Run,NaN,NaN,1.598,1.000
18.280,0.010,0.600,-1.000,-1.000,5.230,Run,NaN,NaN,-0.398,1.000
18.290,0.010,0.600,1.000,1.000,5.240,Run,NaN,NaN,1.598,1.000
18.300,0.010,0.600,-1.000,-1.000,5.230,Run,NaN,NaN,-0.398,1.000
18.310,0.010,0.600,1.000,1.000,5.240,Run,NaN,NaN,1.598,1.000
18.320,0.010,0.600,-1.000,-1.000,5.230,Run,NaN,NaN,-0.398,1.000
18.330,0.010,0.600,1.000,1.000,5.240,Run,NaN,NaN,1.598,1.000
18.340,0.010,0.600,-1.000,-1.000,5.230,Run,NaN,NaN,-0.398,1.000
18.350,0.010,0.600,1.000,1.000,5.240,Run,NaN,NaN,1.598,1.000
18.360,0.010,0.600,-1.000,-1.000,5.230,Run,NaN,NaN,-0.398,1.000
18.370,0.010,0.600,1.000,1.000,5.240,Run,NaN,NaN,1.598,1.000
18.380,0.010,0.600,-1.000,-1.000,5.230,Run,NaN,NaN,-0.398,1.000
18.390,0.010,0.600,1.000,1.000,5.240,Run,NaN,NaN,1.598,1.000
18.400,0.010,0.600,-1.000,-1.000,5.230,Run,NaN,NaN,-0.398,1.000
18.410,0.010,0.600,1.000,1.000,5.240,Run,NaN,NaN,1.598,1.000
18.420,0.010,0.600,-1.000,-1.000,5.230,Run,NaN,NaN,-0.398,1.000
18.430,0.010,0.600,1.000,1.000,5.240,Run,NaN,NaN,1.598,1.000
18.440,0.010,0.600,-1.000,-1.000,5.230,Run,NaN,NaN,-0.398,1.000
18.450,0.010,0.600,1.000,1.000,5.240,Run,NaN,NaN,1.598,1.000
18.460,0.010,0.600,-1.000,-1.000,5.230,Run,NaN,NaN,-0.398,1.000
18.470,0.010,0.600,1.000,1.000,5.240,Run,NaN,NaN,1.598,1.000
18.480,0.010,0.600,-1.000,-1.000,5.230,Run,NaN,NaN,-0.398,1.000
18.490,0.010,0.600,1.000,1.000,5.240,Run,NaN,NaN,1.598,1.000
18.500,0.010,0.600,-1.000,-1.000,5.230,Run,NaN,NaN,-0.398,1.000
18.510,0.010,0.600,1.000,1.000,5.240,Run,NaN,NaN,1.598,1.000
18.520,0.010,0.600,-1.000,-1.000,5.230,Run,NaN,NaN,-0.398,1.000
18.530,0.010,0.600,1.000,1.000,5.240,Run,NaN,NaN,1.598,1.000
18.540,0.010,0.600,-1.000,-1.000,5.230,Run,NaN,NaN,-0.398,1.000
18.550,0.010,0.600,1.000,1.000,5.240,Run,NaN,NaN,1.598,1.000
18.560,0.010,0.600,-1.000,-1.000,5.230,Run,NaN,NaN,-0.398,1.000
18.570,0.010,0.600,1.000,1.000,5.240,Run,NaN,NaN,1.598,1.000
18.580,0.010,0.600,-1.000,-1.000,5.230,Run,NaN,NaN,-0.398,1.000
18.590,0.010,0.600,1.000,1.000,5.240,Run,NaN,NaN,1.598,1.000
18.600,0.010,0.600,-1.000,-1.000,5.230,Run,NaN,NaN,-0.398,1.000
18.610,0.010,0.600,1.000,1.000,5.240,Run,NaN,NaN,1.598,1.000
18.620,0.010,0.600,-1.000,-1.000,5.230,Run,NaN,NaN,-0.398,1.000
18.630,0.010,0.600,1.000,1.000,5.240,Run,NaN,NaN,1.598,1.000
18.640,0.010,0.600,-1.000,-1.000,5.230,Run,NaN,NaN,-0.398,1.000
18.650,0.010,0.600,1.000,1.000,5.240,Run,NaN,NaN,1.598,1.000
18.660,0.010,0.600,-1.000,-1.000,5.230,Run,NaN,NaN,-0.398,1.000
18.670,0.010,0.600,1.000,1.000,5.240,Run,NaN,NaN,1.598,1.000
18.680,0.010,0.600,-1.000,-1.000,5.230,Run,NaN,NaN,-0.398,1.000
18.690,0.010,0.600,1.000,1.000,5.240,Run,NaN,NaN,1.598,1.000
18.700,0.010,0.600,-1.000,-1.000,5.230,Run,NaN,NaN,-0.398,1.000
18.710,0.010,0.600,1.000,1.000,5.240,Run,NaN,NaN,1.598,1.000
18.720,0.010,0.600,-1.000,-1.000,5.230,Run,NaN,NaN,-0.398,1.000
18.730,0.010,0.600,1.000,1.000,5.240,Run,NaN,NaN,1.598,1.000
18.740,0.010,0.600,-1.000,-1.000,5.230,Run,NaN,NaN,-0.398,1.000
18.750,0.010,0.600,1.000,1.000,5.240,Run,NaN,NaN,1.598,1.000
18.760,0.010,0.600,-1.000,-1.000,5.230,Run,NaN,NaN,-0.398,1.000
18.770,0.010,0.600,1.000,1.000,5.240,Run,NaN,NaN,1.598,1.000
18.780,0.010,0.600,-1.000,-1.000,5.230,Run,NaN,NaN,-0.398,1.000
18.790,0.010,0.600,1.000,1.000,5.240,Run,NaN,NaN,1.598,1.000
18.800,0.010,0.600,-1.000,-1.000,5.230,Run,NaN,NaN,-0.398,1.000
18.810,0.010,0.600,1.000,1.000,5.240,Run,NaN,NaN,1.598,1.000
18.820,0.010,0.600,-1.000,-1.000,5.230,Run,NaN,NaN,-0.398,1.000
18.830,0.010,0.600,1.000,1.000,5.240,Run,NaN,NaN,1.598,1.000
18.840,0.010,0.600,-1.000,-1.000,5.230,Run,NaN,NaN,-0.398,1.000
18.850,0.010,0.600,1.000,1.000,5.240,Run,NaN,NaN,1.598,1.000
18.860,0.010,0.600,-1.000,-1.000,5.230,Run,NaN,NaN,-0.398,1.000
18.870,0.010,0.600,1.000,1.000,5.240,Run,NaN,NaN,1.598,1.000
18.880,0.010,0.600,-1.000,-1.000,5.230,Run,NaN,NaN,-0.398,1.000
18.890,0.010,0.600,1.000,1.000,5.240,Run,NaN,NaN,1.598,1.000
18.900,0.010,0.600,-1.000,-1.000,5.230,Run,NaN,NaN,-0.398,1.000
18.910,0.010,0.600,1.000,1.000,5.240,Run,NaN,NaN,1.598,1.000
18.920,0.010,0.600,-1.000,-1.000,5.230,Run,NaN,NaN,-0.398,1.000
18.930,0.010,0.600,1.000,1.000,5.240,Run,NaN,NaN,1.598,1.000
18.940,0.010,0.600,-1.000,-1.000,5.230,Run,NaN,NaN,-0.398,1.000
18.950,0.010,0.600,1.000,1.000,5.240,Run,NaN,NaN,1.598,1.000
18.960,0.010,0.600,-1.000,-1.000,5.230,Run,NaN,NaN,-0.398,1.000
18.970,0.010,0.600,1.000,1.000,5.240,Run,NaN,NaN,1.598,1.000
18.980,0.010,0.600,-1.000,-1.000,5.230,Run,NaN,NaN,-0.398,1.000
18.990,0.010,0.600,1.000,1.000,5.240,Run,NaN,NaN,1.598,1.000
19.000,0.010,0.600,-1.000,-1.000,5.230,Run,NaN,NaN,-0.398,1.000
19.010,0.010,0.600,1.000,1.000,5.240,Run,NaN,NaN,1.598,1.000
19.020,0.010,0.600,-1.000,-1.000,5.230,Run,NaN,NaN,-0.398,1.000
19.030,0.010,0.600,1.000,1.000,5.240,Run,NaN,NaN,1.598,1.000
19.040,0.010,0.600,-1.000,-1.000,5.230,Run,NaN,NaN,-0.398,1.000
19.050,0.010,0.600,1.000,1.000,5.240,Run,NaN,NaN,1.598,1.000
19.060,0.010,0.600,-1.000,-1.000,5.230,Run,NaN,NaN,-0.398,1.000
19.070,0.010,0.600,1.000,1.000,5.240,Run,NaN,NaN,1.598,1.000
19.080,0.010,0.600,-1.000,-1.000,5.230,Run,NaN,NaN,-0.398,1.000
19.090,0.010,0.600,1.000,1.000,5.240,Run,NaN,NaN,1.598,1.000
19.100,0.010,0.600,-1.000,-1.000,5.230,Run,NaN,NaN,-0.398,1.000
19.110,0.010,0.600,1.000,1.000,5.240,Run,NaN,NaN,1.598,1.000
19.120,0.010,0.600,-1.000,-1.000,5.230,Run,NaN,NaN,-0.398,1.000
19.130,0.010,0.600,1.000,1.000,5.240,Run,NaN,NaN,1.598,1.000
19.140,0.010,0.600,-1.000,-1.000,5.230,Run,NaN,NaN,-0.398,1.000
19.150,0.010,0.600,1.000,1.000,5.240,Run,NaN,NaN,1.598,1.000
19.160,0.010,0.600,-1.000,-1.000,5.230,Run,NaN,NaN,-0.398,1.000
19.170,0.010,0.600,1.000,1.000,5.240,Run,NaN,NaN,1.598,1.000
19.180,0.010,0.600,-1.000,-1.000,5.230,Run,NaN,NaN,-0.398,1.000
19.190,0.010,0.600,1.000,1.000,5.240,Run,NaN,NaN,1.598,1.000
19.200,0.010,0.600,-1.000,-1.000,5.230,Run,NaN,NaN,-0.398,1.000
19.210,0.010,0.600,1.000,1.000,5.240,Run,NaN,NaN,1.598,1.000
19.220,0.010,0.600,-1.000,-1.000,5.230,Run,NaN,NaN,-0.398,1.000
19.230,0.010,0.600,1.000,1.000,5.240,Run,NaN,NaN,1.598,1.000
19.240,0.010,0.600,-1.000,-1.000,5.230,Run,NaN,NaN,-0.398,1.000
19.250,0.010,0.600,1.000,1.000,5.240,Run,NaN,NaN,1.598,1.000
19.260,0.010,0.600,-1.000,-1.000,5.230,Run,NaN,NaN,-0.398,1.000
19.270,0.010,0.600,1.000,1.000,5.240,Run,NaN,NaN,1.598,1.000
19.280,0.010,0.600,-1.000,-1.000,5.230,Run,NaN,NaN,-0.398,1.000
19.290,0.010,0.600,1.000,1.000,5.240,Run,NaN,NaN,1.598,1.000
19.300,0.010,0.600,-1.000,-1.000,5.230,Run,NaN,NaN,-0.398,1.000
19.310,0.010,0.600,1.000,1.000,5.240,Run,NaN,NaN,1.598,1.000
19.320,0.010,0.600,-1.000,-1.000,5.230,Run,NaN,NaN,-0.398,1.000
19.330,0.010,0.600,1.000,1.000,5.240,Run,NaN,NaN,1.598,1.000
19.340,0.010,0.600,-1.000,-1.000,5.230,Run,NaN,NaN,-0.398,1.000
19.350,0.010,0.600,1.000,1.000,5.240,Run,NaN,NaN,1.598,1.000
19.360,0.010,0.600,-1.000,-1.000,5.230,Run,NaN,NaN,-0.398,1.000
19.370,0.010,0.600,1.000,1.000,5.240,Run,NaN,NaN,1.598,1.000
19.380,0.010,0.600,-1.000,-1.000,5.230,Run,NaN,NaN,-0.398,1.000
19.390,0.010,0.600,1.000,1.000,5.240,Run,NaN,NaN,1.598,1.000
19.400,0.010,0.600,-1.000,-1.000,5.230,Run,NaN,NaN,-0.398,1.000
19.410,0.010,0.600,1.000,1.000,5.240,Run,NaN,NaN,1.598,1.000
19.420,0.010,0.600,-1.000,-1.000,5.230,Run,NaN,NaN,-0.398,1.000
19.430,0.010,0.600,1.000,1.000,5.240,Run,NaN,NaN,1.598,1.000
19.440,0.010,0.600,-1.000,-1.000,5.230,Run,NaN,NaN,-0.398,1.000
19.450,0.010,0.600,1.000,1.000,5.240,Run,NaN,NaN,1.598,1.000
19.460,0.010,0.600,-1.000,-1.000,5.230,Run,NaN,NaN,-0.398,1.000
19.470,0.010,0.600,1.000,1.000,5.240,Run,NaN,NaN,1.598,1.000
19.480,0.010,0.600,-1.000,-1.000,5.230,Run,NaN,NaN,-0.398,1.000
19.490,0.010,0.600,1.000,1.000,5.240,Run,NaN,NaN,1.598,1.000
19.500,0.010,0.600,-1.000,-1.000,5.230,Run,NaN,NaN,-0.398,1.000
19.510,0.010,0.600,1.000,1.000,5.240,Run,NaN,NaN,1.598,1.000
19.520,0.010,0.600,-1.000,-1.000,5.230,Run,NaN,NaN,-0.398,1.000
19.530,0.010,0.600,1.000,1.000,5.240,Run,NaN,NaN,1.598,1.000
19.540,0.010,0.600,-1.000,-1.000,5.230,Run,NaN,NaN,-0.398,1.000
19.550,0.010,0.600,1.000,1.000,5.240,Run,NaN,NaN,1.598,1.000
19.560,0.010,0.600,-1.000,-1.000,5.230,Run,NaN,NaN,-0.398,1.000
19.570,0.010,0.600,1.000,1.000,5.240,Run,NaN,NaN,1.598,1.000
19.580,0.010,0.600,-1.000,-1.000,5.230,Run,NaN,NaN,-0.398,1.000
19.590,0.010,0.600,1.000,1.000,5.240,Run,NaN,NaN,1.598,1.000
19.600,0.010,0.600,-1.000,-1.000,5.230,Run,NaN,NaN,-0.398,1.000
19.610,0.010,0.600,1.000,1.000,5.240,Run,NaN,NaN,1.598,1.000
19.620,0.010,0.600,-1.000,-1.000,5.230,Run,NaN,NaN,-0.398,1.000
19.630,0.010,0.600,1.000,1.000,5.240,Run,NaN,NaN,1.598,1.000
19.640,0.010,0.600,-1.000,-1.000,5.230,Run,NaN,NaN,-0.398,1.000
19.650,0.010,0.600,1.000,1.000,5.240,Run,NaN,NaN,1.598,1.000
19.660,0.010,0.600,-1.000,-1.000,5.230,Run,NaN,NaN,-0.398,1.000
19.670,0.010,0.600,1.000,1.000,5.240,Run,NaN,NaN,1.598,1.000
19.680,0.010,0.600,-1.000,-1.000,5.230,Run,NaN,NaN,-0.398,1.000
19.690,0.010,0.600,1.000,1.000,5.240,Run,NaN,NaN,1.598,1.000
19.700,0.010,0.600,-1.000,-1.000,5.230,Run,NaN,NaN,-0.398,1.000
19.710,0.010,0.600,1.000,1.000,5.240,Run,NaN,NaN,1.598,1.000
19.720,0.010,0.600,-1.000,-1.000,5.230,Run,NaN,NaN,-0.398,1.000
19.730,0.010,0.600,1.000,1.000,5.240,Run,NaN,NaN,1.598,1.000
19.740,0.010,0.600,-1.000,-1.000,5.230,Run,NaN,NaN,-0.398,1.000
19.750,0.010,0.600,1.000,1.000,5.240,Run,NaN,NaN,1.598,1.000
19.760,0.010,0.600,-1.000,-1.000,5.230,Run,NaN,NaN,-0.398,1.000
19.770,0.010,0.600,1.000,1.000,5.240,Run,NaN,NaN,1.598,1.000
19.780,0.010,0.600,-1.000,-1.000,5.230,Run,NaN,NaN,-0.398,1.000
19.790,0.010,0.600,1.000,1.000,5.240,Run,NaN,NaN,1.598,1.000
19.800,0.010,0.600,-1.000,-1.000,5.230,Run,NaN,NaN,-0.398,1.000
19.810,0.010,0.600,1.000,1.000,5.240,Run,NaN,NaN,1.598,1.000
19.820,0.010,0.600,-1.000,-1.000,5.230,Run,NaN,NaN,-0.398,1.000
19.830,0.010,0.600,1.000,1.000,5.240,Run,NaN,NaN,1.598,1.000
19.840,0.010,0.600,-1.000,-1.000,5.230,Run,NaN,NaN,-0.398,1.000
19.850,0.010,0.600,1.000,1.000,5.240,Run,NaN,NaN,1.598,1.000
19.860,0.010,0.600,-1.000,-1.000,5.230,Run,NaN,NaN,-0.398,1.000
19.870,0.010,0.600,1.000,1.000,5.240,Run,NaN,NaN,1.598,1.000
19.880,0.010,0.600,-1.000,-1.000,5.230,Run,NaN,NaN,-0.398,1.000
19.890,0.010,0.600,1.000,1.000,5.240,Run,NaN,NaN,1.598,1.000
19.900,0.010,0.600,-1.000,-1.000,5.230,Run,NaN,NaN,-0.398,1.000
19.910,0.010,0.600,1.000,1.000,5.240,Run,NaN,NaN,1.598,1.000
19.920,0.010,0.600,-1.000,-1.000,5.230,Run,NaN,NaN,-0.398,1.000
19.930,0.010,0.600,1.000,1.000,5.240,Run,NaN,NaN,1.598,1.000
19.940,0.010,0.600,-1.000,-1.000,5.230,Run,NaN,NaN,-0.398,1.000
19.950,0.010,0.600,1.000,1.000,5.240,Run,NaN,NaN,1.598,1.000
19.960,0.010,0.600,-1.000,-1.000,5.230,Run,NaN,NaN,-0.398,1.000
19.970,0.010,0.600,1.000,1.000,5.240,Run,NaN,NaN,1.598,1.000
19.980,0.010,0.600,-1.000,-1.000,5.230,Run,NaN,NaN,-0.398,1.000
19.990,0.010,0.600,1.000,1.000,5.240,Run,NaN,NaN,1.598,1.000
20.000,0.010,0.600,-1.000,-1.000,5.230,Run,NaN,NaN,-0.398,1.000
20.010,0.010,0.600,1.000,1.000,5.240,Run,NaN,NaN,1.598,1.000
20.020,0.010,0.600,-1.000,-1.000,5.230,Run,NaN,NaN,-0.398,1.000
20.030,0.010,0.600,1.000,1.000,5.240,Run,NaN,NaN,1.598,1.000
20.040,0.010,0.600,-1.000,-1.000,5.230,Run,NaN,NaN,-0.398,1.000
20.050,0.010,0.600,1.000,1.000,5.240,Run,NaN,NaN,1.598,1.000
20.060,0.010,0.600,-1.000,-1.000,5.230,Run,NaN,NaN,-0.398,1.000
20.070,0.010,0.600,1.000,1.000,5.240,Run,NaN,NaN,1.598,1.000
20.080,0.010,0.600,-1.000,-1.000,5.230,Run,NaN,NaN,-0.398,1.000
20.090,0.010,0.600,1.000,1.000,5.240,Run,NaN,NaN,1.598,1.000
20.100,0.010,0.600,-1.000,-1.000,5.230,Run,NaN,NaN,-0.398,1.000
20.110,0.010,0.600,1.000,1.000,5.240,Run,NaN,NaN,1.598,1.000
20.120,0.010,0.600,-1.000,-1.000,5.230,Run,NaN,NaN,-0.398,1.000
20.130,0.010,0.600,1.000,1.000,5.240,Run,NaN,NaN,1.598,1.000
20.140,0.010,0.600,-1.000,-1.000,5.230,Run,NaN,NaN,-0.398,1.000
20.150,0.010,0.600,1.000,1.000,5.240,Run,NaN,NaN,1.598,1.000
20.160,0.010,0.600,-1.000,-1.000,5.230,Run,NaN,NaN,-0.398,1.000
20.170,0.010,0.600,1.000,1.000,5.240,Run,NaN,NaN,1.598,1.000
20.180,0.010,0.600,-1.000,-1.000,5.230,Run,NaN,NaN,-0.398,1.000
20.190,0.010,0.600,1.000,1.000,5.240,Run,NaN,NaN,1.598,1.000
20.200,0.010,0.600,-1.000,-1.000,5.230,Run,NaN,NaN,-0.398,1.000
20.210,0.010,0.600,1.000,1.000,5.240,Run,NaN,NaN,1.598,1.000
20.220,0.010,0.600,-1.000,-1.000,5.230,Run,NaN,NaN,-0.398,1.000
20.230,0.010,0.600,1.000,1.000,5.240,Run,NaN,NaN,1.598,1.000
20.240,0.010,0.600,-1.000,-1.000,5.230,Run,NaN,NaN,-0.398,1.000
20.250,0.010,0.600,1.000,1.000,5.240,Run,NaN,NaN,1.598,1.000
20.260,0.010,0.600,-1.000,-1.000,5.230,Run,NaN,NaN,-0.398,1.000
20.270,0.010,0.600,1.000,1.000,5.240,Run,NaN,NaN,1.598,1.000
20.280,0.010,0.600,-1.000,-1.000,5.230,Run,NaN,NaN,-0.398,1.000
20.290,0.010,0.600,1.000,1.000,5.240,Run,NaN,NaN,1.598,1.000
20.300,0.010,0.600,-1.000,-1.000,5.230,Run,NaN,NaN,-0.398,1.000
20.310,0.010,0.600,1.000,1.000,5.240,Run,NaN,NaN,1.598,1.000
20.320,0.010,0.600,-1.000,-1.000,5.230,Run,NaN,NaN,-0.398,1.000
20.330,0.010,0.600,1.000,1.000,5.240,Run,NaN,NaN,1.598,1.000
20.340,0.010,0.600,-1.000,-1.000,5.230,Run,NaN,NaN,-0.398,1.000
20.350,0.010,0.600,1.000,1.000,5.240,Run,NaN,NaN,1.598,1.000
20.360,0.010,0.600,-1.000,-1.000,5.230,Run,NaN,NaN,-0.398,1.000
20.370,0.010,0.600,1.000,1.000,5.240,Run,NaN,NaN,1.598,1.000
20.380,0.010,0.600,-1.000,-1.000,5.230,Run,NaN,NaN,-0.398,1.000
20.390,0.010,0.600,1.000,1.000,5.240,Run,NaN,NaN,1.598,1.000
20.400,0.010,0.600,-1.000,-1.000,5.230,Run,NaN,NaN,-0.398,1.000
20.410,0.010,0.600,1.000,1.000,5.240,Run,NaN,NaN,1.598,1.000
20.420,0.010,0.600,-1.000,-1.000,5.230,Run,NaN,NaN,-0.398,1.000
20.430,0.010,0.600,1.000,1.000,5.240,Run,NaN,NaN,1.598,1.000
20.440,0.010,0.600,-1.000,-1.000,5.230,Run,NaN,NaN,-0.398,1.000
20.450,0.010,0.600,1.000,1.000,5.240,Run,NaN,NaN,1.598,1.000
20.460,0.010,0.600,-1.000,-1.000,5.230,Run,NaN,NaN,-0.398,1.000
20.470,0.010,0.600,1.000,1.000,5.240,Run,NaN,NaN,1.598,1.000
20.480,0.010,0.600,-1.000,-1.000,5.230,Run,NaN,NaN,-0.398,1.000
20.490,0.010,0.600,1.000,1.000,5.240,Run,NaN,NaN,1.598,1.000
20.500,0.010,0.600,-1.000,-1.000,5.230,Run,NaN,NaN,-0.398,1.000
20.510,0.010,0.600,1.000,1.000,5.240,Run,NaN,NaN,1.598,1.000
20.520,0.010,0.600,-1.000,-1.000,5.230,Run,NaN,NaN,-0.398,1.000
20.530,0.010,0.600,1.000,1.000,5.240,Run,NaN,NaN,1.598,1.000
20.540,0.010,0.600,-1.000,-1.000,5.230,Run,NaN,NaN,-0.398,1.000
20.550,0.010,0.600,1.000,1.000,5.240,Run,NaN,NaN,1.598,1.000
20.560,0.010,0.600,-1.000,-1.000,5.230,Run,NaN,NaN,-0.398,1.000
20.570,0.010,0.600,1.000,1.000,5.240,Run,NaN,NaN,1.598,1.000
20.580,0.010,0.600,-1.000,-1.000,5.230,Run,NaN,NaN,-0.398,1.000
20.590,0.010,0.600,1.000,1.000,5.240,Run,NaN,NaN,1.598,1.000
20.600,0.010,0.600,-1.000,-1.000,5.230,Run,NaN,NaN,-0.398,1.000
20.610,0.010,0.600,1.000,1.000,5.240,Run,NaN,NaN,1.598,1.000
20.620,0.010,0.600,-1.000,-1.000,5.230,Run,NaN,NaN,-0.398,1.000
20.630,0.010,0.600,1.000,1.000,5.240,Run,NaN,NaN,1.598,1.000
20.640,0.010,0.600,-1.000,-1.000,5.230,Run,NaN,NaN,-0.398,1.000
20.650,0.010,0.600,1.000,1.000,5.240,Run,NaN,NaN,1.598,1.000
20.660,0.010,0.600,-1.000,-1.000,5.230,Run,NaN,NaN,-0.398,1.000
20.670,0.010,0.600,1.000,1.000,5.240,Run,NaN,NaN,1.598,1.000
20.680,0.010,0.600,-1.000,-1.000,5.230,Run,NaN,NaN,-0.398,1.000
20.690,0.010,0.600,1.000,1.000,5.240,Run,NaN,NaN,1.598,1.000
20.700,0.010,0.600,-1.000,-1.000,5.230,Run,NaN,NaN,-0.398,1.000
20.710,0.010,0.600,1.000,1.000,5.240,Run,NaN,NaN,1.598,1.000
20.720,0.010,0.600,-1.000,-1.000,5.230,Run,NaN,NaN,-0.398,1.000
20.730,0.010,0.600,1.000,1.000,5.240,Run,NaN,NaN,1.598,1.000
20.740,0.010,0.600,-1.000,-1.000,5.230,Run,NaN,NaN,-0.398,1.000
20.750,0.010,0.600,1.000,1.000,5.240,Run,NaN,NaN,1.598,1.000
20.760,0.010,0.600,-1.000,-1.000,5.230,Run,NaN,NaN,-0.398,1.000
20.770,0.010,0.600,1.000,1.000,5.240,Run,NaN,NaN,1.598,1.000
20.780,0.010,0.600,-1.000,-1.000,5.230,Run,NaN,NaN,-0.398,1.000
20.790,0.010,0.600,1.000,1.000,5.240,Run,NaN,NaN,1.598,1.000
20.800,0.010,0.600,-1.000,-1.000,5.230,Run,NaN,NaN,-0.398,1.000
20.810,0.010,0.600,1.000,1.000,5.240,Run,NaN,NaN,1.598,1.000
20.820,0.010,0.600,-1.000,-1.000,5.230,Run,NaN,NaN,-0.398,1.000
20.830,0.010,0.600,1.000,1.000,5.240,Run,NaN,NaN,1.598,1.000
20.840,0.010,0.600,-1.000,-1.000,5.230,Run,NaN,NaN,-0.398,1.000
20.850,0.010,0.600,1.000,1.000,5.240,Run,NaN,NaN,1.598,1.000
20.860,0.010,0.600,-1.000,-1.000,5.230,Run,NaN,NaN,-0.398,1.000
20.870,0.010,0.600,1.000,1.000,5.240,Run,NaN,NaN,1.598,1.000
20.880,0.010,0.600,-1.000,-1.000,5.230,Run,NaN,NaN,-0.398,1.000
20.890,0.010,0.600,1.000,1.000,5.240,Run,NaN,NaN,1.598,1.000
20.900,0.010,0.600,-1.000,-1.000,5.230,Run,NaN,NaN,-0.398,1.000
20.910,0.010,0.600,1.000,1.000,5.240,Run,NaN,NaN,1.598,1.000
20.920,0.010,0.600,-1.000,-1.000,5.230,Run,NaN,NaN,-0.398,1.000
20.930,0.010,0.600,1.000,1.000,5.240,Run,NaN,NaN,1.598,1.000
20.940,0.010,0.600,-1.000,-1.000,5.230,Run,NaN,NaN,-0.398,1.000
20.950,0.010,0.600,1.000,1.000,5.240,Run,NaN,NaN,1.598,1.000
20.960,0.010,0.600,-1.000,-1.000,5.230,Run,NaN,NaN,-0.398,1.000
20.970,0.010,0.600,1.000,1.000,5.240,Run,NaN,NaN,1.598,1.000
20.980,0.010,0.600,-1.000,-1.000,5.230,Run,NaN,NaN,-0.398,1.000
20.990,0.010,0.600,1.000,1.000,5.240,Run,NaN,NaN,1.598,1.000
21.000,0.010,0.600,-1.000,-1.000,5.230,Run,NaN,NaN,-0.398,1.000
21.010,0.010,0.600,1.000,1.000,5.240,Run,NaN,NaN,1.598,1.000
21.020,0.010,0.600,-1.000,-1.000,5.230,Run,NaN,NaN,-0.398,1.000
21.030,0.010,0.600,1.000,1.000,5.240,Run,NaN,NaN,1.598,1.000
21.040,0.010,0.600,-1.000,-1.000,5.230,Run,NaN,NaN,-0.398,1.000
21.050,0.010,0.600,1.000,1.000,5.240,Run,NaN,NaN,1.598,1.000
21.060,0.010,0.600,-1.000,-1.000,5.230,Run,NaN,NaN,-0.398,1.000
21.070,0.010,0.600,1.000,1.000,5.240,Run,NaN,NaN,1.598,1.000
21.080,0.010,0.600,-1.000,-1.000,5.230,Run,NaN,NaN,-0.398,1.000
21.090,0.010,0.600,1.000,1.000,5.240,Run,NaN,NaN,1.598,1.000
21.100,0.010,0.600,-1.000,-1.000,5.230,Run,NaN,NaN,-0.398,1.000
21.110,0.010,0.600,1.000,1.000,5.240,Run,NaN,NaN,1.598,1.000
21.120,0.010,0.600,-1.000,-1.000,5.230,Run,NaN,NaN,-0.398,1.000
21.130,0.010,0.600,1.000,1.000,5.240,Run,NaN,NaN,1.598,1.000
21.140,0.010,0.600,-1.000,-1.000,5.230,Run,NaN,NaN,-0.398,1.000
21.150,0.010,0.600,1.000,1.000,5.240,Run,NaN,NaN,1.598,1.000
21.160,0.010,0.600,-1.000,-1.000,5.230,Run,NaN,NaN,-0.398,1.000
21.170,0.010,0.600,1.000,1.000,5.240,Run,NaN,NaN,1.598,1.000
21.180,0.010,0.600,-1.000,-1.000,5.230,Run,NaN,NaN,-0.398,1.000
21.190,0.010,0.600,1.000,1.000,5.240,Run,NaN,NaN,1.598,1.000
21.200,0.010,0.600,-1.000,-1.000,5.230,Run,NaN,NaN,-0.398,1.000
21.210,0.010,0.600,1.000,1.000,5.240,Run,NaN,NaN,1.598,1.000
21.220,0.010,0.600,-1.000,-1.000,5.230,Run,NaN,NaN,-0.398,1.000
21.230,0.010,0.600,1.000,1.000,5.240,Run,NaN,NaN,1.598,1.000
21.240,0.010,0.600,-1.000,-1.000,5.230,Run,NaN,NaN,-0.398,1.000
21.250,0.010,0.600,1.000,1.000,5.240,Run,NaN,NaN,1.598,1.000
21.260,0.010,0.600,-1.000,-1.000,5.230,Run,NaN,NaN,-0.398,1.000
21.270,0.010,0.600,1.000,1.000,5.240,Run,NaN,NaN,1.598,1.000
21.280,0.010,0.600,-1.000,-1.000,5.230,Run,NaN,NaN,-0.398,1.000
21.290,0.010,0.600,1.000,1.000,5.240,Run,NaN,NaN,1.598,1.000
21.300,0.010,0.600,-1.000,-1.000,5.230,Run,NaN,NaN,-0.398,1.000
21.310,0.010,0.600,1.000,1.000,5.240,Run,NaN,NaN,1.598,1.000
21.320,0.010,0.600,-1.000,-1.000,5.230,Run,NaN,NaN,-0.398,1.000
21.330,0.010,0.600,1.000,1.000,5.240,Run,NaN,NaN,1.598,1.000
21.340,0.010,0.600,-1.000,-1.000,5.230,Run,NaN,NaN,-0.398,1.000
21.350,0.010,0.600,1.000,1.000,5.240,Run,NaN,NaN,1.598,1.000
21.360,0.010,0.600,-1.000,-1.000,5.230,Run,NaN,NaN,-0.398,1.000
21.370,0.010,0.600,1.000,1.000,5.240,Run,NaN,NaN,1.598,1.000
21.380,0.010,0.600,-1.000,-1.000,5.230,Run,NaN,NaN,-0.398,1.000
21.390,0.010,0.600,1.000,1.000,5.240,Run,NaN,NaN,1.598,1.000
21.400,0.010,0.600,-1.000,-1.000,5.230,Run,NaN,NaN,-0.398,1.000
21.410,0.010,0.600,1.000,1.000,5.240,Run,NaN,NaN,1.598,1.000
21.420,0.010,0.600,-1.000,-1.000,5.230,Run,NaN,NaN,-0.398,1.000
21.430,0.010,0.600,1.000,1.000,5.240,Run,NaN,NaN,1.598,1.000
21.440,0.010,0.600,-1.000,-1.000,5.230,Run,NaN,NaN,-0.398,1.000
21.450,0.010,0.600,1.000,1.000,5.240,Run,NaN,NaN,1.598,1.000
21.460,0.010,0.600,-1.000,-1.000,5.230,Run,NaN,NaN,-0.398,1.000
21.470,0.010,0.600,1.000,1.000,5.240,Run,NaN,NaN,1.598,1.000
21.480,0.010,0.600,-1.000,-1.000,5.230,Run,NaN,NaN,-0.398,1.000
21.490,0.010,0.600,1.000,1.000,5.240,Run,NaN,NaN,1.598,1.000
21.500,0.010,0.600,-1.000,-1.000,5.230,Run,NaN,NaN,-0.398,1.000
21.510,0.010,0.600,1.000,1.000,5.240,Run,NaN,NaN,1.598,1.000
21.520,0.010,0.600,-1.000,-1.000,5.230,Run,NaN,NaN,-0.398,1.000
21.530,0.010,0.600,1.000,1.000,5.240,Run,NaN,NaN,1.598,1.000
21.540,0.010,0.600,-1.000,-1.000,5.230,Run,NaN,NaN,-0.398,1.000
21.550,0.010,0.600,1.000,1.000,5.240,Run,NaN,NaN,1.598,1.000
21.560,0.010,0.600,-1.000,-1.000,5.230,Run,NaN,NaN,-0.398,1.000
21.570,0.010,0.600,1.000,1.000,5.240,Run,NaN,NaN,1.598,1.000
21.580,0.010,0.600,-1.000,-1.000,5.230,Run,NaN,NaN,-0.398,1.000
21.590,0.010,0.600,1.000,1.000,5.240,Run,NaN,NaN,1.598,1.000
21.600,0.010,0.600,-1.000,-1.000,5.230,Run,NaN,NaN,-0.398,1.000
21.610,0.010,0.600,1.000,1.000,5.240,Run,NaN,NaN,1.598,1.000
21.620,0.010,0.600,-1.000,-1.000,5.230,Run,NaN,NaN,-0.398,1.000
21.630,0.010,0.600,1.000,1.000,5.240,Run,NaN,NaN,1.598,1.000
21.640,0.010,0.600,-1.000,-1.000,5.230,Run,NaN,NaN,-0.398,1.000
21.650,0.010,0.600,1.000,1.000,5.240,Run,NaN,NaN,1.598,1.000
21.660,0.010,0.600,-1.000,-1.000,5.230,Run,NaN,NaN,-0.398,1.000
21.670,0.010,0.600,1.000,1.000,5.240,Run,NaN,NaN,1.598,1.000
21.680,0.010,0.600,-1.000,-1.000,5.230,Run,NaN,NaN,-0.398,1.000
21.690,0.010,0.600,1.000,1.000,5.240,Run,NaN,NaN,1.598,1.000
21.700,0.010,0.600,-1.000,-1.000,5.230,Run,NaN,NaN,-0.398,1.000
21.710,0.010,0.600,1.000,1.000,5.240,Run,NaN,NaN,1.598,1.000
21.720,0.010,0.600,-1.000,-1.000,5.230,Run,NaN,NaN,-0.398,1.000
21.730,0.010,0.600,1.000,1.000,5.240,Run,NaN,NaN,1.598,1.000
21.740,0.010,0.600,-1.000,-1.000,5.230,Run,NaN,NaN,-0.398,1.000
21.750,0.010,0.600,1.000,1.000,5.240,Run,NaN,NaN,1.598,1.000
21.760,0.010,0.600,-1.000,-1.000,5.230,Run,NaN,NaN,-0.398,1.000
21.770,0.010,0.600,1.000,1.000,5.240,Run,NaN,NaN,1.598,1.000
21.780,0.010,0.600,-1.000,-1.000,5.230,Run,NaN,NaN,-0.398,1.000
21.790,0.010,0.600,1.000,1.000,5.240,Run,NaN,NaN,1.598,1.000
21.800,0.010,0.600,-1.000,-1.000,5.230,Run,NaN,NaN,-0.398,1.000
21.810,0.010,0.600,1.000,1.000,5.240,Run,NaN,NaN,1.598,1.000
21.820,0.010,0.600,-1.000,-1.000,5.230,Run,NaN,NaN,-0.398,1.000
21.830,0.010,0.600,1.000,1.000,5.240,Run,NaN,NaN,1.598,1.000
21.840,0.010,0.600,-1.000,-1.000,5.230,Run,NaN,NaN,-0.398,1.000
21.850,0.010,0.600,1.000,1.000,5.240,Run,NaN,NaN,1.598,1.000
21.860,0.010,0.600,-1.000,-1.000,5.230,Run,NaN,NaN,-0.398,1.000
21.870,0.010,0.600,1.000,1.000,5.240,Run,NaN,NaN,1.598,1.000
21.880,0.010,0.600,-1.000,-1.000,5.230,Run,NaN,NaN,-0.398,1.000
21.890,0.010,0.600,1.000,1.000,5.240,Run,NaN,NaN,1.598,1.000
21.900,0.010,0.600,-1.000,-1.000,5.230,Run,NaN,NaN,-0.398,1.000
21.910,0.010,0.600,1.000,1.000,5.240,Run,NaN,NaN,1.598,1.000
21.920,0.010,0.600,-1.000,-1.000,5.230,Run,NaN,NaN,-0.398,1.000
21.930,0.010,0.600,1.000,1.000,5.240,Run,NaN,NaN,1.598,1.000
21.940,0.010,0.600,-1.000,-1.000,5.230,Run,NaN,NaN,-0.398,1.000
21.950,0.010,0.600,1.000,1.000,5.240,Run,NaN,NaN,1.598,1.000
21.960,0.010,0.600,-1.000,-1.000,5.230,Run,NaN,NaN,-0.398,1.000
21.970,0.010,0.600,1.000,1.000,5.240,Run,NaN,NaN,1.598,1.000
21.980,0.010,0.600,-1.000,-1.000,5.230,Run,NaN,NaN,-0.398,1.000
21.990,0.010,0.600,1.000,1.000,5.240,Run,NaN,NaN,1.598,1.000
22.000,0.010,0.600,-1.000,-1.000,5.230,Run,NaN,NaN,-0.398,1.000
22.010,0.010,0.600,1.000,1.000,5.240,Run,NaN,NaN,1.598,1.000
22.020,0.010,0.600,-1.000,-1.000,5.230,Run,NaN,NaN,-0.398,1.000
22.030,0.010,0.600,1.000,1.000,5.240,Run,NaN,NaN,1.598,1.000
22.040,0.010,0.600,-1.000,-1.000,5.230,Run,NaN,NaN,-0.398,1.000
22.050,0.010,0.600,1.000,1.000,5.240,Run,NaN,NaN,1.598,1.000
22.060,0.010,0.600,-1.000,-1.000,5.230,Run,NaN,NaN,-0.398,1.000
22.070,0.010,0.600,1.000,1.000,5.240,Run,NaN,NaN,1.598,1.000
22.080,0.010,0.600,-1.000,-1.000,5.230,Run,NaN,NaN,-0.398,1.000
22.090,0.010,0.600,1.000,1.000,5.240,Run,NaN,NaN,1.598,1.000
22.100,0.010,0.600,-1.000,-1.000,5.230,Run,NaN,NaN,-0.398,1.000
22.110,0.010,0.600,1.000,1.000,5.240,Run,NaN,NaN,1.598,1.000
22.120,0.010,0.600,-1.000,-1.000,5.230,Run,NaN,NaN,-0.398,1.000
22.130,0.010,0.600,1.000,1.000,5.240,Run,NaN,NaN,1.598,1.000
22.140,0.010,0.600,-1.000,-1.000,5.230,Run,NaN,NaN,-0.398,1.000
22.150,0.010,0.600,1.000,1.000,5.240,Run,NaN,NaN,1.598,1.000
22.160,0.010,0.600,-1.000,-1.000,5.230,Run,NaN,NaN,-0.398,1.000
22.170,0.010,0.600,1.000,1.000,5.240,Run,NaN,NaN,1.598,1.000
22.180,0.010,0.600,-1.000,-1.000,5.230,Run,NaN,NaN,-0.398,1.000
22.190,0.010,0.600,1.000,1.000,5.240,Run,NaN,NaN,1.598,1.000
22.200,0.010,0.600,-1.000,-1.000,5.230,Run,NaN,NaN,-0.398,1.000
22.210,0.010,0.600,1.000,1.000,5.240,Run,NaN,NaN,1.598,1.000
22.220,0.010,0.600,-1.000,-1.000,5.230,Run,NaN,NaN,-0.398,1.000
22.230,0.010,0.600,1.000,1.000,5.240,Run,NaN,NaN,1.598,1.000
22.240,0.010,0.600,-1.000,-1.000,5.230,Run,NaN,NaN,-0.398,1.000
22.250,0.010,0.600,1.000,1.000,5.240,Run,NaN,NaN,1.598,1.000
22.260,0.010,0.600,-1.000,-1.000,5.230,Run,NaN,NaN,-0.398,1.000
22.270,0.010,0.600,1.000,1.000,5.240,Run,NaN,NaN,1.598,1.000
22.280,0.010,0.600,-1.000,-1.000,5.230,Run,NaN,NaN,-0.398,1.000
22.290,0.010,0.600,1.000,1.000,5.240,Run,NaN,NaN,1.598,1.000
22.300,0.010,0.600,-1.000,-1.000,5.230,Run,NaN,NaN,-0.398,1.000
22.310,0.010,0.600,1.000,1.000,5.240,Run,NaN,NaN,1.598,1.000
22.320,0.010,0.600,-1.000,-1.000,5.230,Run,NaN,NaN,-0.398,1.000
22.330,0.010,0.600,1.000,1.000,5.240,Run,NaN,NaN,1.598,1.000
22.340,0.010,0.600,-1.000,-1.000,5.230,Run,NaN,NaN,-0.398,1.000
22.350,0.010,0.600,1.000,1.000,5.240,Run,NaN,NaN,1.598,1.000
22.360,0.010,0.600,-1.000,-1.000,5.230,Run,NaN,NaN,-0.398,1.000
22.370,0.010,0.600,1.000,1.000,5.240,Run,NaN,NaN,1.598,1.000
22.380,0.010,0.600,-1.000,-1.000,5.230,Run,NaN,NaN,-0.398,1.000
22.390,0.010,0.600,1.000,1.000,5.240,Run,NaN,NaN,1.598,1.000
22.400,0.010,0.600,-1.000,-1.000,5.230,Run,NaN,NaN,-0.398,1.000
22.410,0.010,0.600,1.000,1.000,5.240,Run,NaN,NaN,1.598,1.000
22.420,0.010,0.600,-1.000,-1.000,5.230,Run,NaN,NaN,-0.398,1.000
22.430,0.010,0.600,1.000,1.000,5.240,Run,NaN,NaN,1.598,1.000
22.440,0.010,0.600,-1.000,-1.000,5.230,Run,NaN,NaN,-0.398,1.000
22.450,0.010,0.600,1.000,1.000,5.240,Run,NaN,NaN,1.598,1.000
22.460,0.010,0.600,-1.000,-1.000,5.230,Run,NaN,NaN,-0.398,1.000
22.470,0.010,0.600,1.000,1.000,5.240,Run,NaN,NaN,1.598,1.000
22.480,0.010,0.600,-1.000,-1.000,5.230,Run,NaN,NaN,-0.398,1.000
22.490,0.010,0.600,1.000,1.000,5.240,Run,NaN,NaN,1.598,1.000
22.500,0.010,0.600,-1.000,-1.000,5.230,Run,NaN,NaN,-0.398,1.000
22.510,0.010,0.600,1.000,1.000,5.240,Run,NaN,NaN,1.598,1.000
22.520,0.010,0.600,-1.000,-1.000,5.230,Run,NaN,NaN,-0.398,1.000
22.530,0.010,0.600,1.000,1.000,5.240,Run,NaN,NaN,1.598,1.000
22.540,0.010,0.600,-1.000,-1.000,5.230,Run,NaN,NaN,-0.398,1.000
22.550,0.010,0.600,1.000,1.000,5.240,Run,NaN,NaN,1.598,1.000
22.560,0.010,0.600,-1.000,-1.000,5.230,Run,NaN,NaN,-0.398,1.000
22.570,0.010,0.600,1.000,1.000,5.240,Run,NaN,NaN,1.598,1.000
22.580,0.010,0.600,-1.000,-1.000,5.230,Run,NaN,NaN,-0.398,1.000
22.590,0.010,0.600,1.000,1.000,5.240,Run,NaN,NaN,1.598,1.000
22.600,0.010,0.600,-1.000,-1.000,5.230,Run,NaN,NaN,-0.398,1.000
22.610,0.010,0.600,1.000,1.000,5.240,Run,NaN,NaN,1.598,1.000
22.620,0.010,0.600,-1.000,-1.000,5.230,Run,NaN,NaN,-0.398,1.000
22.630,0.010,0.600,1.000,1.000,5.240,Run,NaN,NaN,1.598,1.000
22.640,0.010,0.600,-1.000,-1.000,5.230,Run,NaN,NaN,-0.398,1.000
22.650,0.010,0.600,1.000,1.000,5.240,Run,NaN,NaN,1.598,1.000
22.660,0.010,0.600,-1.000,-1.000,5.230,Run,NaN,NaN,-0.398,1.000
22.670,0.010,0.600,1.000,1.000,5.240,Run,NaN,NaN,1.598,1.000
22.680,0.010,0.600,-1.000,-1.000,5.230,Run,NaN,NaN,-0.398,1.000
22.690,0.010,0.600,1.000,1.000,5.240,Run,NaN,NaN,1.598,1.000
22.700,0.010,0.600,-1.000,-1.000,5.230,Run,NaN,NaN,-0.398,1.000
22.710,0.010,0.600,1.000,1.000,5.240,Run,NaN,NaN,1.598,1.000
22.720,0.010,0.600,-1.000,-1.000,5.230,Run,NaN,NaN,-0.398,1.000
22.730,0.010,0.600,1.000,1.000,5.240,Run,NaN,NaN,1.598,1.000
22.740,0.010,0.600,-1.000,-1.000,5.230,Run,NaN,NaN,-0.398,1.000
22.750,0.010,0.600,1.000,1.000,5.240,Run,NaN,NaN,1.598,1.000
22.760,0.010,0.600,-1.000,-1.000,5.230,Run,NaN,NaN,-0.398,1.000
22.770,0.010,0.600,1.000,1.000,5.240,Run,NaN,NaN,1.598,1.000
22.780,0.010,0.600,-1.000,-1.000,5.230,Run,NaN,NaN,-0.398,1.000
22.790,0.010,0.600,1.000,1.000,5.240,Run,NaN,NaN,1.598,1.000
22.800,0.010,0.600,-1.000,-1.000,5.230,Run,NaN,NaN,-0.398,1.000
22.810,0.010,0.600,1.000,1.000,5.240,Run,NaN,NaN,1.598,1.000
22.820,0.010,0.600,-1.000,-1.000,5.230,Run,NaN,NaN,-0.398,1.000
22.830,0.010,0.600,1.000,1.000,5.240,Run,NaN,NaN,1.598,1.000
22.840,0.010,0.600,-1.000,-1.000,5.230,Run,NaN,NaN,-0.398,1.000
22.850,0.010,0.600,1.000,1.000,5.240,Run,NaN,NaN,1.598,1.000
22.860,0.010,0.600,-1.000,-1.000,5.230,Run,NaN,NaN,-0.398,1.000
22.870,0.010,0.600,1.000,1.000,5.240,Run,NaN,NaN,1.598,1.000
22.880,0.010,0.600,-1.000,-1.000,5.230,Run,NaN,NaN,-0.398,1.000
22.890,0.010,0.600,1.000,1.000,5.240,Run,NaN,NaN,1.598,1.000
22.900,0.010,0.600,-1.000,-1.000,5.230,Run,NaN,NaN,-0.398,1.000
22.910,0.010,0.600,1.000,1.000,5.240,Run,NaN,NaN,1.598,1.000
22.920,0.010,0.600,-1.000,-1.000,5.230,Run,NaN,NaN,-0.398,1.000
22.930,0.010,0.600,1.000,1.000,5.240,Run,NaN,NaN,1.598,1.000
22.940,0.010,0.600,-1.000,-1.000,5.230,Run,NaN,NaN,-0.398,1.000
22.950,0.010,0.600,1.000,1.000,5.240,Run,NaN,NaN,1.598,1.000
22.960,0.010,0.600,-1.000,-1.000,5.230,Run,NaN,NaN,-0.398,1.000
22.970,0.010,0.600,1.000,1.000,5.240,Run,NaN,NaN,1.598,1.000
22.980,0.010,0.600,-1.000,-1.000,5.230,Run,NaN,NaN,-0.398,1.000
22.990,0.010,0.600,1.000,1.000,5.240,Run,NaN,NaN,1.598,1.000
23.000,0.010,0.600,-1.000,-1.000,5.230,Run,NaN,NaN,-0.398,1.000
23.010,0.010,0.600,1.000,1.000,5.240,Run,NaN,NaN,1.598,1.000
23.020,0.010,0.600,-1.000,-1.000,5.230,Run,NaN,NaN,-0.398,1.000
23.030,0.010,0.600,1.000,1.000,5.240,Run,NaN,NaN,1.598,1.000
23.040,0.010,0.600,-1.000,-1.000,5.230,Run,NaN,NaN,-0.398,1.000
23.050,0.010,0.600,1.000,1.000,5.240,Run,NaN,NaN,1.598,1.000
23.060,0.010,0.600,-1.000,-1.000,5.230,Run,NaN,NaN,-0.398,1.000
23.070,0.010,0.600,1.000,1.000,5.240,Run,NaN,NaN,1.598,1.000
23.080,0.010,0.600,-1.000,-1.000,5.230,Run,NaN,NaN,-0.398,1.000
23.090,0.010,0.600,1.000,1.000,5.240,Run,NaN,NaN,1.598,1.000
23.100,0.010,0.600,-1.000,-1.000,5.230,Run,NaN,NaN,-0.398,1.000
23.110,0.010,0.600,1.000,1.000,5.240,Run,NaN,NaN,1.598,1.000
23.120,0.010,0.600,-1.000,-1.000,5.230,Run,NaN,NaN,-0.398,1.000
23.130,0.010,0.600,1.000,1.000,5.240,Run,NaN,NaN,1.598,1.000
23.140,0.010,0.600,-1.000,-1.000,5.230,Run,NaN,NaN,-0.398,1.000
23.150,0.010,0.600,1.000,1.000,5.240,Run,NaN,NaN,1.598,1.000
23.160,0.010,0.600,-1.000,-1.000,5.230,Run,NaN,NaN,-0.398,1.000
23.170,0.010,0.600,1.000,1.000,5.240,Run,NaN,NaN,1.598,1.000
23.180,0.010,0.600,-1.000,-1.000,5.230,Run,NaN,NaN,-0.398,1.000
23.190,0.010,0.600,1.000,1.000,5.240,Run,NaN,NaN,1.598,1.000
23.200,0.010,0.600,-1.000,-1.000,5.230,Run,NaN,NaN,-0.398,1.000
23.210,0.010,0.600,1.000,1.000,5.240,Run,NaN,NaN,1.598,1.000
23.220,0.010,0.600,-1.000,-1.000,5.230,Run,NaN,NaN,-0.398,1.000
23.230,0.010,0.600,1.000,1.000,5.240,Run,NaN,NaN,1.598,1.000
23.240,0.010,0.600,-1.000,-1.000,5.230,Run,NaN,NaN,-0.398,1.000
23.250,0.010,0.600,1.000,1.000,5.240,Run,NaN,NaN,1.598,1.000
23.260,0.010,0.600,-1.000,-1.000,5.230,Run,NaN,NaN,-0.398,1.000
23.270,0.010,0.600,1.000,1.000,5.240,Run,NaN,NaN,1.598,1.000
23.280,0.010,0.600,-1.000,-1.000,5.230,Run,NaN,NaN,-0.398,1.000
23.290,0.010,0.600,1.000,1.000,5.240,Run,NaN,NaN,1.598,1.000
23.300,0.010,0.600,-1.000,-1.000,5.230,Run,NaN,NaN,-0.398,1.000
23.310,0.010,0.600,1.000,1.000,5.240,Run,NaN,NaN,1.598,1.000
23.320,0.010,0.600,-1.000,-1.000,5.230,Run,NaN,NaN,-0.398,1.000
23.330,0.010,0.600,1.000,1.000,5.240,Run,NaN,NaN,1.598,1.000
23.340,0.010,0.600,-1.000,-1.000,5.230,Run,NaN,NaN,-0.398,1.000
23.350,0.010,0.600,1.000,1.000,5.240,Run,NaN,NaN,1.598,1.000
23.360,0.010,0.600,-1.000,-1.000,5.230,Run,NaN,NaN,-0.398,1.000
23.370,0.010,0.600,1.000,1.000,5.240,Run,NaN,NaN,1.598,1.000
23.380,0.010,0.600,-1.000,-1.000,5.230,Run,NaN,NaN,-0.398,1.000
23.390,0.010,0.600,1.000,1.000,5.240,Run,NaN,NaN,1.598,1.000
23.400,0.010,0.600,-1.000,-1.000,5.230,Run,NaN,NaN,-0.398,1.000
23.410,0.010,0.600,1.000,1.000,5.240,Run,NaN,NaN,1.598,1.000
23.420,0.010,0.600,-1.000,-1.000,5.230,Run,NaN,NaN,-0.398,1.000
23.430,0.010,0.600,1.000,1.000,5.240,Run,NaN,NaN,1.598,1.000
23.440,0.010,0.600,-1.000,-1.000,5.230,Run,NaN,NaN,-0.398,1.000
23.450,0.010,0.600,1.000,1.000,5.240,Run,NaN,NaN,1.598,1.000
23.460,0.010,0.600,-1.000,-1.000,5.230,Run,NaN,NaN,-0.398,1.000
23.470,0.010,0.600,1.000,1.000,5.240,Run,NaN,NaN,1.598,1.000
23.480,0.010,0.600,-1.000,-1.000,5.230,Run,NaN,NaN,-0.398,1.000
23.490,0.010,0.600,1.000,1.000,5.240,Run,NaN,NaN,1.598,1.000
23.500,0.010,0.600,-1.000,-1.000,5.230,Run,NaN,NaN,-0.398,1.000
23.510,0.010,0.600,1.000,1.000,5.240,Run,NaN,NaN,1.598,1.000
23.520,0.010,0.600,-1.000,-1.000,5.230,Run,NaN,NaN,-0.398,1.000
23.530,0.010,0.600,1.000,1.000,5.240,Run,NaN,NaN,1.598,1.000
23.540,0.010,0.600,-1.000,-1.000,5.230,Run,NaN,NaN,-0.398,1.000
23.550,0.010,0.600,1.000,1.000,5.240,Run,NaN,NaN,1.598,1.000
23.560,0.010,0.600,-1.000,-1.000,5.230,Run,NaN,NaN,-0.398,1.000
23.570,0.010,0.600,1.000,1.000,5.240,Run,NaN,NaN,1.598,1.000
23.580,0.010,0.600,-1.000,-1.000,5.230,Run,NaN,NaN,-0.398,1.000
23.590,0.010,0.600,1.000,1.000,5.240,Run,NaN,NaN,1.598,1.000
23.600,0.010,0.600,-1.000,-1.000,5.230,Run,NaN,NaN,-0.398,1.000
23.610,0.010,0.600,1.000,1.000,5.240,Run,NaN,NaN,1.598,1.000
23.620,0.010,0.600,-1.000,-1.000,5.230,Run,NaN,NaN,-0.398,1.000
23.630,0.010,0.600,1.000,1.000,5.240,Run,NaN,NaN,1.598,1.000
23.640,0.010,0.600,-1.000,-1.000,5.230,Run,NaN,NaN,-0.398,1.000
23.650,0.010,0.600,1.000,1.000,5.240,Run,NaN,NaN,1.598,1.000
23.660,0.010,0.600,-1.000,-1.000,5.230,Run,NaN,NaN,-0.398,1.000
23.670,0.010,0.600,1.000,1.000,5.240,Run,NaN,NaN,1.598,1.000
23.680,0.010,0.600,-1.000,-1.000,5.230,Run,NaN,NaN,-0.398,1.000
23.690,0.010,0.600,1.000,1.000,5.240,Run,NaN,NaN,1.598,1.000
23.700,0.010,0.600,-1.000,-1.000,5.230,Run,NaN,NaN,-0.398,1.000
23.710,0.010,0.600,1.000,1.000,5.240,Run,NaN,NaN,1.598,1.000
23.720,0.010,0.600,-1.000,-1.000,5.230,Run,NaN,NaN,-0.398,1.000
23.730,0.010,0.600,1.000,1.000,5.240,Run,NaN,NaN,1.598,1.000
23.740,0.010,0.600,-1.000,-1.000,5.230,Run,NaN,NaN,-0.398,1.000
23.750,0.010,0.600,1.000,1.000,5.240,Run,NaN,NaN,1.598,1.000
23.760,0.010,0.600,-1.000,-1.000,5.230,Run,NaN,NaN,-0.398,1.000
23.770,0.010,0.600,1.000,1.000,5.240,Run,NaN,NaN,1.598,1.000
23.780,0.010,0.600,-1.000,-1.000,5.230,Run,NaN,NaN,-0.398,1.000
23.790,0.010,0.600,1.000,1.000,5.240,Run,NaN,NaN,1.598,1.000
23.800,0.010,0.600,-1.000,-1.000,5.230,Run,NaN,NaN,-0.398,1.000
23.810,0.010,0.600,1.000,1.000,5.240,Run,NaN,NaN,1.598,1.000
23.820,0.010,0.600,-1.000,-1.000,5.230,Run,NaN,NaN,-0.398,1.000
23.830,0.010,0.600,1.000,1.000,5.240,Run,NaN,NaN,1.598,1.000
23.840,0.010,0.600,-1.000,-1.000,5.230,Run,NaN,NaN,-0.398,1.000
23.850,0.010,0.600,1.000,1.000,5.240,Run,NaN,NaN,1.598,1.000
23.860,0.010,0.600,-1.000,-1.000,5.230,Run,NaN,NaN,-0.398,1.000
23.870,0.010,0.600,1.000,1.000,5.240,Run,NaN,NaN,1.598,1.000
23.880,0.010,0.600,-1.000,-1.000,5.230,Run,NaN,NaN,-0.398,1.000
23.890,0.010,0.600,1.000,1.000,5.240,Run,NaN,NaN,1.598,1.000
23.900,0.010,0.600,-1.000,-1.000,5.230,Run,NaN,NaN,-0.398,1.000
23.910,0.010,0.600,1.000,1.000,5.240,Run,NaN,NaN,1.598,1.000
23.920,0.010,0.600,-1.000,-1.000,5.230,Run,NaN,NaN,-0.398,1.000
23.930,0.010,0.600,1.000,1.000,5.240,Run,NaN,NaN,1.598,1.000
23.940,0.010,0.600,-1.000,-1.000,5.230,Run,NaN,NaN,-0.398,1.000
23.950,0.010,0.600,1.000,1.000,5.240,Run,NaN,NaN,1.598,1.000
23.960,0.010,0.600,-1.000,-1.000,5.230,Run,NaN,NaN,-0.398,1.000
23.970,0.010,0.600,1.000,1.000,5.240,Run,NaN,NaN,1.598,1.000
23.980,0.010,0.600,-1.000,-1.000,5.230,Run,NaN,NaN,-0.398,1.000
23.990,0.010,0.600,1.000,1.000,5.240,Run,NaN,NaN,1.598,1.000
24.000,0.010,0.600,-1.000,-1.000,5.230,Run,NaN,NaN,-0.398,1.000
24.010,0.010,0.600,1.000,1.000,5.240,Run,NaN,NaN,1.598,1.000
24.020,0.010,0.600,-1.000,-1.000,5.230,Run,NaN,NaN,-0.398,1.000
24.030,0.010,0.600,1.000,1.000,5.240,Run,NaN,NaN,1.598,1.000
24.040,0.010,0.600,-1.000,-1.000,5.230,Run,NaN,NaN,-0.398,1.000
24.050,0.010,0.600,1.000,1.000,5.240,Run,NaN,NaN,1.598,1.000
24.060,0.010,0.600,-1.000,-1.000,5.230,Run,NaN,NaN,-0.398,1.000
24.070,0.010,0.600,1.000,1.000,5.240,Run,NaN,NaN,1.598,1.000
24.080,0.010,0.600,-1.000,-1.000,5.230,Run,NaN,NaN,-0.398,1.000
24.090,0.010,0.600,1.000,1.000,5.240,Run,NaN,NaN,1.598,1.000
24.100,0.010,0.600,-1.000,-1.000,5.230,Run,NaN,NaN,-0.398,1.000
24.110,0.010,0.600,1.000,1.000,5.240,Run,NaN,NaN,1.598,1.000
24.120,0.010,0.600,-1.000,-1.000,5.230,Run,NaN,NaN,-0.398,1.000
24.130,0.010,0.600,1.000,1.000,5.240,Run,NaN,NaN,1.598,1.000
24.140,0.010,0.600,-1.000,-1.000,5.230,Run,NaN,NaN,-0.398,1.000
24.150,0.010,0.600,1.000,1.000,5.240,Run,NaN,NaN,1.598,1.000
24.160,0.010,0.600,-1.000,-1.000,5.230,Run,NaN,NaN,-0.398,1.000
24.170,0.010,0.600,1.000,1.000,5.240,Run,NaN,NaN,1.598,1.000
24.180,0.010,0.600,-1.000,-1.000,5.230,Run,NaN,NaN,-0.398,1.000
24.190,0.010,0.600,1.000,1.000,5.240,Run,NaN,NaN,1.598,1.000
24.200,0.010,0.600,-1.000,-1.000,5.230,Run,NaN,NaN,-0.398,1.000
24.210,0.010,0.600,1.000,1.000,5.240,Run,NaN,NaN,1.598,1.000
24.220,0.010,0.600,-1.000,-1.000,5.230,Run,NaN,NaN,-0.398,1.000
24.230,0.010,0.600,1.000,1.000,5.240,Run,NaN,NaN,1.598,1.000
24.240,0.010,0.600,-1.000,-1.000,5.230,Run,NaN,NaN,-0.398,1.000
24.250,0.010,0.600,1.000,1.000,5.240,Run,NaN,NaN,1.598,1.000
24.260,0.010,0.600,-1.000,-1.000,5.230,Run,NaN,NaN,-0.398,1.000
24.270,0.010,0.600,1.000,1.000,5.240,Run,NaN,NaN,1.598,1.000
24.280,0.010,0.600,-1.000,-1.000,5.230,Run,NaN,NaN,-0.398,1.000
24.290,0.010,0.600,1.000,1.000,5.240,Run,NaN,NaN,1.598,1.000
24.300,0.010,0.600,-1.000,-1.000,5.230,Run,NaN,NaN,-0.398,1.000
24.310,0.010,0.600,1.000,1.000,5.240,Run,NaN,NaN,1.598,1.000
24.320,0.010,0.600,-1.000,-1.000,5.230,Run,NaN,NaN,-0.398,1.000
24.330,0.010,0.600,1.000,1.000,5.240,Run,NaN,NaN,1.598,1.000
24.340,0.010,0.600,-1.000,-1.000,5.230,Run,NaN,NaN,-0.398,1.000
24.350,0.010,0.600,1.000,1.000,5.240,Run,NaN,NaN,1.598,1.000
24.360,0.010,0.600,-1.000,-1.000,5.230,Run,NaN,NaN,-0.398,1.000
24.370,0.010,0.600,1.000,1.000,5.240,Run,NaN,NaN,1.598,1.000
24.380,0.010,0.600,-1.000,-1.000,5.230,Run,NaN,NaN,-0.398,1.000
24.390,0.010,0.600,1.000,1.000,5.240,Run,NaN,NaN,1.598,1.000
24.400,0.010,0.600,-1.000,-1.000,5.230,Run,NaN,NaN,-0.398,1.000
24.410,0.010,0.600,1.000,1.000,5.240,Run,NaN,NaN,1.598,1.000
24.420,0.010,0.600,-1.000,-1.000,5.230,Run,NaN,NaN,-0.398,1.000
24.430,0.010,0.600,1.000,1.000,5.240,Run,NaN,NaN,1.598,1.000
24.440,0.010,0.600,-1.000,-1.000,5.230,Run,NaN,NaN,-0.398,1.000
24.450,0.010,0.600,1.000,1.000,5.240,Run,NaN,NaN,1.598,1.000
24.460,0.010,0.600,-1.000,-1.000,5.230,Run,NaN,NaN,-0.398,1.000
24.470,0.010,0.600,1.000,1.000,5.240,Run,NaN,NaN,1.598,1.000
24.480,0.010,0.600,-1.000,-1.000,5.230,Run,NaN,NaN,-0.398,1.000
24.490,0.010,0.600,1.000,1.000,5.240,Run,NaN,NaN,1.598,1.000
24.500,0.010,0.600,-1.000,-1.000,5.230,Run,NaN,NaN,-0.398,1.000
24.510,0.010,0.600,1.000,1.000,5.240,Run,NaN,NaN,1.598,1.000
24.520,0.010,0.600,-1.000,-1.000,5.230,Run,NaN,NaN,-0.398,1.000
24.530,0.010,0.600,1.000,1.000,5.240,Run,NaN,NaN,1.598,1.000
24.540,0.010,0.600,-1.000,-1.000,5.230,Run,NaN,NaN,-0.398,1.000
24.550,0.010,0.600,1.000,1.000,5.240,Run,NaN,NaN,1.598,1.000
24.560,0.010,0.600,-1.000,-1.000,5.230,Run,NaN,NaN,-0.398,1.000
24.570,0.010,0.600,1.000,1.000,5.240,Run,NaN,NaN,1.598,1.000
24.580,0.010,0.600,-1.000,-1.000,5.230,Run,NaN,NaN,-0.398,1.000
24.590,0.010,0.600,1.000,1.000,5.240,Run,NaN,NaN,1.598,1.000
24.600,0.010,0.600,-1.000,-1.000,5.230,Run,NaN,NaN,-0.398,1.000
24.610,0.010,0.600,1.000,1.000,5.240,Run,NaN,NaN,1.598,1.000
24.620,0.010,0.600,-1.000,-1.000,5.230,Run,NaN,NaN,-0.398,1.000
24.630,0.010,0.600,1.000,1.000,5.240,Run,NaN,NaN,1.598,1.000
24.640,0.010,0.600,-1.000,-1.000,5.230,Run,NaN,NaN,-0.398,1.000
24.650,0.010,0.600,1.000,1.000,5.240,Run,NaN,NaN,1.598,1.000
24.660,0.010,0.600,-1.000,-1.000,5.230,Run,NaN,NaN,-0.398,1.000
24.670,0.010,0.600,1.000,1.000,5.240,Run,NaN,NaN,1.598,1.000
24.680,0.010,0.600,-1.000,-1.000,5.230,Run,NaN,NaN,-0.398,1.000
24.690,0.010,0.600,1.000,1.000,5.240,Run,NaN,NaN,1.598,1.000
24.700,0.010,0.600,-1.000,-1.000,5.230,Run,NaN,NaN,-0.398,1.000
24.710,0.010,0.600,1.000,1.000,5.240,Run,NaN,NaN,1.598,1.000
24.720,0.010,0.600,-1.000,-1.000,5.230,Run,NaN,NaN,-0.398,1.000
24.730,0.010,0.600,1.000,1.000,5.240,Run,NaN,NaN,1.598,1.000
24.740,0.010,0.600,-1.000,-1.000,5.230,Run,NaN,NaN,-0.398,1.000
24.750,0.010,0.600,1.000,1.000,5.240,Run,NaN,NaN,1.598,1.000
24.760,0.010,0.600,-1.000,-1.000,5.230,Run,NaN,NaN,-0.398,1.000
24.770,0.010,0.600,1.000,1.000,5.240,Run,NaN,NaN,1.598,1.000
24.780,0.010,0.600,-1.000,-1.000,5.230,Run,NaN,NaN,-0.398,1.000
24.790,0.010,0.600,1.000,1.000,5.240,Run,NaN,NaN,1.598,1.000
24.800,0.010,0.600,-1.000,-1.000,5.230,Run,NaN,NaN,-0.398,1.000
24.810,0.010,0.600,1.000,1.000,5.240,Run,NaN,NaN,1.598,1.000
24.820,0.010,0.600,-1.000,-1.000,5.230,Run,NaN,NaN,-0.398,1.000
24.830,0.010,0.600,1.000,1.000,5.240,Run,NaN,NaN,1.598,1.000
24.840,0.010,0.600,-1.000,-1.000,5.230,Run,NaN,NaN,-0.398,1.000
24.850,0.010,0.600,1.000,1.000,5.240,Run,NaN,NaN,1.598,1.000
24.860,0.010,0.600,-1.000,-1.000,5.230,Run,NaN,NaN,-0.398,1.000
24.870,0.010,0.600,1.000,1.000,5.240,Run,NaN,NaN,1.598,1.000
24.880,0.010,0.600,-1.000,-1.000,5.230,Run,NaN,NaN,-0.398,1.000
24.890,0.010,0.600,1.000,1.000,5.240,Run,NaN,NaN,1.598,1.000
24.900,0.010,0.600,-1.000,-1.000,5.230,Run,NaN,NaN,-0.398,1.000
24.910,0.010,0.600,1.000,1.000,5.240,Run,NaN,NaN,1.598,1.000
24.920,0.010,0.600,-1.000,-1.000,5.230,Run,NaN,NaN,-0.398,1.000
24.930,0.010,0.600,1.000,1.000,5.240,Run,NaN,NaN,1.598,1.000
24.940,0.010,0.600,-1.000,-1.000,5.230,Run,NaN,NaN,-0.398,1.000
24.950,0.010,0.600,1.000,1.000,5.240,Run,NaN,NaN,1.598,1.000
24.960,0.010,0.600,-1.000,-1.000,5.230,Run,NaN,NaN,-0.398,1.000
24.970,0.010,0.600,1.000,1.000,5.240,Run,NaN,NaN,1.598,1.000
24.980,0.010,0.600,-1.000,-1.000,5.230,Run,NaN,NaN,-0.398,1.000
24.990,0.010,0.600,1.000,1.000,5.240,Run,NaN,NaN,1.598,1.000
25.000,0.010,0.600,-1.000,-1.000,5.230,Run,NaN,NaN,-0.398,1.000
25.010,0.010,0.600,1.000,1.000,5.240,Run,NaN,NaN,1.598,1.000
25.020,0.010,0.600,-1.000,-1.000,5.230,Run,NaN,NaN,-0.398,1.000
25.030,0.010,0.600,1.000,1.000,5.240,Run,NaN,NaN,1.598,1.000
25.040,0.010,0.600,-1.000,-1.000,5.230,Run,NaN,NaN,-0.398,1.000
25.050,0.010,0.600,1.000,1.000,5.240,Run,NaN,NaN,1.598,1.000
25.060,0.010,0.600,-1.000,-1.000,5.230,Run,NaN,NaN,-0.398,1.000
25.070,0.010,0.600,1.000,1.000,5.240,Run,NaN,NaN,1.598,1.000
25.080,0.010,0.600,-1.000,-1.000,5.230,Run,NaN,NaN,-0.398,1.000
25.090,0.010,0.600,1.000,1.000,5.240,Run,NaN,NaN,1.598,1.000
25.100,0.010,0.600,-1.000,-1.000,5.230,Run,NaN,NaN,-0.398,1.000
25.110,0.010,0.600,1.000,1.000,5.240,Run,NaN,NaN,1.598,1.000
25.120,0.010,0.600,-1.000,-1.000,5.230,Run,NaN,NaN,-0.398,1.000
25.130,0.010,0.600,1.000,1.000,5.240,Run,NaN,NaN,1.598,1.000
25.140,0.010,0.600,-1.000,-1.000,5.230,Run,NaN,NaN,-0.398,1.000
25.150,0.010,0.600,1.000,1.000,5.240,Run,NaN,NaN,1.598,1.000
25.160,0.010,0.600,-1.000,-1.000,5.230,Run,NaN,NaN,-0.398,1.000
25.170,0.010,0.600,1.000,1.000,5.240,Run,NaN,NaN,1.598,1.000
25.180,0.010,0.600,-1.000,-1.000,5.230,Run,NaN,NaN,-0.398,1.000
25.190,0.010,0.600,1.000,1.000,5.240,Run,NaN,NaN,1.598,1.000
25.200,0.010,0.600,-1.000,-1.000,5.230,Run,NaN,NaN,-0.398,1.000
25.210,0.010,0.600,1.000,1.000,5.240,Run,NaN,NaN,1.598,1.000
25.220,0.010,0.600,-1.000,-1.000,5.230,Run,NaN,NaN,-0.398,1.000
25.230,0.010,0.600,1.000,1.000,5.240,Run,NaN,NaN,1.598,1.000
25.240,0.010,0.600,-1.000,-1.000,5.230,Run,NaN,NaN,-0.398,1.000
25.250,0.010,0.600,1.000,1.000,5.240,Run,NaN,NaN,1.598,1.000
25.260,0.010,0.600,-1.000,-1.000,5.230,Run,NaN,NaN,-0.398,1.000
25.270,0.010,0.600,1.000,1.000,5.240,Run,NaN,NaN,1.598,1.000
25.280,0.010,0.600,-1.000,-1.000,5.230,Run,NaN,NaN,-0.398,1.000
25.290,0.010,0.600,1.000,1.000,5.240,Run,NaN,NaN,1.598,1.000
25.300,0.010,0.600,-1.000,-1.000,5.230,Run,NaN,NaN,-0.398,1.000
25.310,0.010,0.600,1.000,1.000,5.240,Run,NaN,NaN,1.598,1.000
25.320,0.010,0.600,-1.000,-1.000,5.230,Run,NaN,NaN,-0.398,1.000
25.330,0.010,0.600,1.000,1.000,5.240,Run,NaN,NaN,1.598,1.000
25.340,0.010,0.600,-1.000,-1.000,5.230,Run,NaN,NaN,-0.398,1.000
25.350,0.010,0.600,1.000,1.000,5.240,Run,NaN,NaN,1.598,1.000
25.360,0.010,0.600,-1.000,-1.000,5.230,Run,NaN,NaN,-0.398,1.000
25.370,0.010,0.600,1.000,1.000,5.240,Run,NaN,NaN,1.598,1.000
25.380,0.010,0.600,-1.000,-1.000,5.230,Run,NaN,NaN,-0.398,1.000
25.390,0.010,0.600,1.000,1.000,5.240,Run,NaN,NaN,1.598,1.000
25.400,0.010,0.600,-1.000,-1.000,5.230,Run,NaN,NaN,-0.398,1.000
25.410,0.010,0.600,1.000,1.000,5.240,Run,NaN,NaN,1.598,1.000
25.420,0.010,0.600,-1.000,-1.000,5.230,Run,NaN,NaN,-0.398,1.000
25.430,0.010,0.600,1.000,1.000,5.240,Run,NaN,NaN,1.598,1.000
25.440,0.010,0.600,-1.000,-1.000,5.230,Run,NaN,NaN,-0.398,1.000
25.450,0.010,0.600,1.000,1.000,5.240,Run,NaN,NaN,1.598,1.000
25.460,0.010,0.600,-1.000,-1.000,5.230,Run,NaN,NaN,-0.398,1.000
25.470,0.010,0.600,1.000,1.000,5.240,Run,NaN,NaN,1.598,1.000
25.480,0.010,0.600,-1.000,-1.000,5.230,Run,NaN,NaN,-0.398,1.000
25.490,0.010,0.600,1.000,1.000,5.240,Run,NaN,NaN,1.598,1.000
25.500,0.010,0.600,-1.000,-1.000,5.230,Run,NaN,NaN,-0.398,1.000
25.510,0.010,0.600,1.000,1.000,5.240,Run,NaN,NaN,1.598,1.000
25.520,0.010,0.600,-1.000,-1.000,5.230,Run,NaN,NaN,-0.398,1.000
25.530,0.010,0.600,1.000,1.000,5.240,Run,NaN,NaN,1.598,1.000
25.540,0.010,0.600,-1.000,-1.000,5.230,Run,NaN,NaN,-0.398,1.000
25.550,0.010,0.600,1.000,1.000,5.240,Run,NaN,NaN,1.598,1.000
25.560,0.010,0.600,-1.000,-1.000,5.230,Run,NaN,NaN,-0.398,1.000
25.570,0.010,0.600,1.000,1.000,5.240,Run,NaN,NaN,1.598,1.000
25.580,0.010,0.600,-1.000,-1.000,5.230,Run,NaN,NaN,-0.398,1.000
25.590,0.010,0.600,1.000,1.000,5.240,Run,NaN,NaN,1.598,1.000
25.600,0.010,0.600,-1.000,-1.000,5.230,Run,NaN,NaN,-0.398,1.000
25.610,0.010,0.600,1.000,1.000,5.240,Run,NaN,NaN,1.598,1.000
25.620,0.010,0.600,-1.000,-1.000,5.230,Run,NaN,NaN,-0.398,1.000
25.630,0.010,0.600,1.000,1.000,5.240,Run,NaN,NaN,1.598,1.000
25.640,0.010,0.600,-1.000,-1.000,5.230,Run,NaN,NaN,-0.398,1.000
25.650,0.010,0.600,1.000,1.000,5.240,Run,NaN,NaN,1.598,1.000
25.660,0.010,0.600,-1.000,-1.000,5.230,Run,NaN,NaN,-0.398,1.000
25.670,0.010,0.600,1.000,1.000,5.240,Run,NaN,NaN,1.598,1.000
25.680,0.010,0.600,-1.000,-1.000,5.230,Run,NaN,NaN,-0.398,1.000
25.690,0.010,0.600,1.000,1.000,5.240,Run,NaN,NaN,1.598,1.000
25.700,0.010,0.600,-1.000,-1.000,5.230,Run,NaN,NaN,-0.398,1.000
25.710,0.010,0.600,1.000,1.000,5.240,Run,NaN,NaN,1.598,1.000
25.720,0.010,0.600,-1.000,-1.000,5.230,Run,NaN,NaN,-0.398,1.000
25.730,0.010,0.600,1.000,1.000,5.240,Run,NaN,NaN,1.598,1.000
25.740,0.010,0.600,-1.000,-1.000,5.230,Run,NaN,NaN,-0.398,1.000
25.750,0.010,0.600,1.000,1.000,5.240,Run,NaN,NaN,1.598,1.000
25.760,0.010,0.600,-1.000,-1.000,5.230,Run,NaN,NaN,-0.398,1.000
25.770,0.010,0.600,1.000,1.000,5.240,Run,NaN,NaN,1.598,1.000
25.780,0.010,0.600,-1.000,-1.000,5.230,Run,NaN,NaN,-0.398,1.000
25.790,0.010,0.600,1.000,1.000,5.240,Run,NaN,NaN,1.598,1.000
25.800,0.010,0.600,-1.000,-1.000,5.230,Run,NaN,NaN,-0.398,1.000
25.810,0.010,0.600,1.000,1.000,5.240,Run,NaN,NaN,1.598,1.000
25.820,0.010,0.600,-1.000,-1.000,5.230,Run,NaN,NaN,-0.398,1.000
25.830,0.010,0.600,1.000,1.000,5.240,Run,NaN,NaN,1.598,1.000
25.840,0.010,0.600,-1.000,-1.000,5.230,Run,NaN,NaN,-0.398,1.000
25.850,0.010,0.600,1.000,1.000,5.240,Run,NaN,NaN,1.598,1.000
25.860,0.010,0.600,-1.000,-1.000,5.230,Run,NaN,NaN,-0.398,1.000
25.870,0.010,0.600,1.000,1.000,5.240,Run,NaN,NaN,1.598,1.000
25.880,0.010,0.600,-1.000,-1.000,5.230,Run,NaN,NaN,-0.398,1.000
25.890,0.010,0.600,1.000,1.000,5.240,Run,NaN,NaN,1.598,1.000
25.900,0.010,0.600,-1.000,-1.000,5.230,Run,NaN,NaN,-0.398,1.000
25.910,0.010,0.600,1.000,1.000,5.240,Run,NaN,NaN,1.598,1.000
25.920,0.010,0.600,-1.000,-1.000,5.230,Run,NaN,NaN,-0.398,1.000
25.930,0.010,0.600,1.000,1.000,5.240,Run,NaN,NaN,1.598,1.000
25.940,0.010,0.600,-1.000,-1.000,5.230,Run,NaN,NaN,-0.398,1.000
25.950,0.010,0.600,1.000,1.000,5.240,Run,NaN,NaN,1.598,1.000
25.960,0.010,0.600,-1.000,-1.000,5.230,Run,NaN,NaN,-0.398,1.000
25.970,0.010,0.600,1.000,1.000,5.240,Run,NaN,NaN,1.598,1.000
25.980,0.010,0.600,-1.000,-1.000,5.230,Run,NaN,NaN,-0.398,1.000
25.990,0.010,0.600,1.000,1.000,5.240,Run,NaN,NaN,1.598,1.000
26.000,0.010,0.600,-1.000,-1.000,5.230,Run,NaN,NaN,-0.398,1.000
26.010,0.010,0.600,1.000,1.000,5.240,Run,NaN,NaN,1.598,1.000
26.021,0.010,0.600,-1.000,-1.000,5.230,Run,NaN,NaN,-0.398,1.000
26.031,0.010,0.600,1.000,1.000,5.240,Run,NaN,NaN,1.598,1.000
26.041,0.010,0.600,-1.000,-1.000,5.230,Run,NaN,NaN,-0.398,1.000
26.051,0.010,0.600,1.000,1.000,5.240,Run,NaN,NaN,1.598,1.000
26.061,0.010,0.600,-1.000,-1.000,5.230,Run,NaN,NaN,-0.398,1.000
26.071,0.010,0.600,1.000,1.000,5.240,Run,NaN,NaN,1.598,1.000
26.081,0.010,0.600,-1.000,-1.000,5.230,Run,NaN,NaN,-0.398,1.000
26.091,0.010,0.600,1.000,1.000,5.240,Run,NaN,NaN,1.598,1.000
26.101,0.010,0.600,-1.000,-1.000,5.230,Run,NaN,NaN,-0.398,1.000
26.111,0.010,0.600,1.000,1.000,5.240,Run,NaN,NaN,1.598,1.000
26.121,0.010,0.600,-1.000,-1.000,5.230,Run,NaN,NaN,-0.398,1.000
26.131,0.010,0.600,1.000,1.000,5.240,Run,NaN,NaN,1.598,1.000
26.141,0.010,0.600,-1.000,-1.000,5.230,Run,NaN,NaN,-0.398,1.000
26.151,0.010,0.600,1.000,1.000,5.240,Run,NaN,NaN,1.598,1.000
26.161,0.010,0.600,-1.000,-1.000,5.230,Run,NaN,NaN,-0.398,1.000
26.171,0.010,0.600,1.000,1.000,5.240,Run,NaN,NaN,1.598,1.000
26.181,0.010,0.600,-1.000,-1.000,5.230,Run,NaN,NaN,-0.398,1.000
26.191,0.010,0.600,1.000,1.000,5.240,Run,NaN,NaN,1.598,1.000
26.201,0.010,0.600,-1.000,-1.000,5.230,Run,NaN,NaN,-0.398,1.000
26.211,0.010,0.600,1.000,1.000,5.240,Run,NaN,NaN,1.598,1.000
26.221,0.010,0.600,-1.000,-1.000,5.230,Run,NaN,NaN,-0.398,1.000
26.231,0.010,0.600,1.000,1.000,5.240,Run,NaN,NaN,1.598,1.000
26.241,0.010,0.600,-1.000,-1.000,5.230,Run,NaN,NaN,-0.398,1.000
26.251,0.010,0.600,1.000,1.000,5.240,Run,NaN,NaN,1.598,1.000
26.261,0.010,0.600,-1.000,-1.000,5.230,Run,NaN,NaN,-0.398,1.000
26.271,0.010,0.600,1.000,1.000,5.240,Run,NaN,NaN,1.598,1.000
26.281,0.010,0.600,-1.000,-1.000,5.230,Run,NaN,NaN,-0.398,1.000
26.291,0.010,0.600,1.000,1.000,5.240,Run,NaN,NaN,1.598,1.000
26.301,0.010,0.600,-1.000,-1.000,5.230,Run,NaN,NaN,-0.398,1.000
26.311,0.010,0.600,1.000,1.000,5.240,Run,NaN,NaN,1.598,1.000
26.321,0.010,0.600,-1.000,-1.000,5.230,Run,NaN,NaN,-0.398,1.000
26.331,0.010,0.600,1.000,1.000,5.240,Run,NaN,NaN,1.598,1.000
26.341,0.010,0.600,-1.000,-1.000,5.230,Run,NaN,NaN,-0.398,1.000
26.351,0.010,0.600,1.000,1.000,5.240,Run,NaN,NaN,1.598,1.000
26.361,0.010,0.600,-1.000,-1.000,5.230,Run,NaN,NaN,-0.398,1.000
26.371,0.010,0.600,1.000,1.000,5.240,Run,NaN,NaN,1.598,1.000
26.381,0.010,0.600,-1.000,-1.000,5.230,Run,NaN,NaN,-0.398,1.000
26.391,0.010,0.600,1.000,1.000,5.240,Run,NaN,NaN,1.598,1.000
26.401,0.010,0.600,-1.000,-1.000,5.230,Run,NaN,NaN,-0.398,1.000
26.411,0.010,0.600,1.000,1.000,5.240,Run,NaN,NaN,1.598,1.000
26.421,0.010,0.600,-1.000,-1.000,5.230,Run,NaN,NaN,-0.398,1.000
26.431,0.010,0.600,1.000,1.000,5.240,Run,NaN,NaN,1.598,1.000
26.441,0.010,0.600,-1.000,-1.000,5.230,Run,NaN,NaN,-0.398,1.000
26.451,0.010,0.600,1.000,1.000,5.240,Run,NaN,NaN,1.598,1.000
26.461,0.010,0.600,-1.000,-1.000,5.230,Run,NaN,NaN,-0.398,1.000
26.471,0.010,0.600,1.000,1.000,5.240,Run,NaN,NaN,1.598,1.000
26.481,0.010,0.600,-1.000,-1.000,5.230,Run,NaN,NaN,-0.398,1.000
26.491,0.010,0.600,1.000,1.000,5.240,Run,NaN,NaN,1.598,1.000
26.501,0.010,0.600,-1.000,-1.000,5.230,Run,NaN,NaN,-0.398,1.000
26.511,0.010,0.600,1.000,1.000,5.240,Run,NaN,NaN,1.598,1.000
26.521,0.010,0.600,-1.000,-1.000,5.230,Run,NaN,NaN,-0.398,1.000
26.531,0.010,0.600,1.000,1.000,5.240,Run,NaN,NaN,1.598,1.000
26.541,0.010,0.600,-1.000,-1.000,5.230,Run,NaN,NaN,-0.398,1.000
26.551,0.010,0.600,1.000,1.000,5.240,Run,NaN,NaN,1.598,1.000
26.561,0.010,0.600,-1.000,-1.000,5.230,Run,NaN,NaN,-0.398,1.000
26.571,0.010,0.600,1.000,1.000,5.240,Run,NaN,NaN,1.598,1.000
26.581,0.010,0.600,-1.000,-1.000,5.230,Run,NaN,NaN,-0.398,1.000
26.591,0.010,0.600,1.000,1.000,5.240,Run,NaN,NaN,1.598,1.000
26.601,0.010,0.600,-1.000,-1.000,5.230,Run,NaN,NaN,-0.398,1.000
26.611,0.010,0.600,1.000,1.000,5.240,Run,NaN,NaN,1.598,1.000
26.621,0.010,0.600,-1.000,-1.000,5.230,Run,NaN,NaN,-0.398,1.000
26.631,0.010,0.600,1.000,1.000,5.240,Run,NaN,NaN,1.598,1.000
26.641,0.010,0.600,-1.000,-1.000,5.230,Run,NaN,NaN,-0.398,1.000
26.651,0.010,0.600,1.000,1.000,5.240,Run,NaN,NaN,1.598,1.000
26.661,0.010,0.600,-1.000,-1.000,5.230,Run,NaN,NaN,-0.398,1.000
26.671,0.010,0.600,1.000,1.000,5.240,Run,NaN,NaN,1.598,1.000
26.681,0.010,0.600,-1.000,-1.000,5.230,Run,NaN,NaN,-0.398,1.000
26.691,0.010,0.600,1.000,1.000,5.240,Run,NaN,NaN,1.598,1.000
26.701,0.010,0.600,-1.000,-1.000,5.230,Run,NaN,NaN,-0.398,1.000
26.711,0.010,0.600,1.000,1.000,5.240,Run,NaN,NaN,1.598,1.000
26.721,0.010,0.600,-1.000,-1.000,5.230,Run,NaN,NaN,-0.398,1.000
26.731,0.010,0.600,1.000,1.000,5.240,Run,NaN,NaN,1.598,1.000
26.741,0.010,0.600,-1.000,-1.000,5.230,Run,NaN,NaN,-0.398,1.000
26.751,0.010,0.600,1.000,1.000,5.240,Run,NaN,NaN,1.598,1.000
26.761,0.010,0.600,-1.000,-1.000,5.230,Run,NaN,NaN,-0.398,1.000
26.771,0.010,0.600,1.000,1.000,5.240,Run,NaN,NaN,1.598,1.000
26.781,0.010,0.600,-1.000,-1.000,5.230,Run,NaN,NaN,-0.398,1.000
26.791,0.010,0.600,1.000,1.000,5.240,Run,NaN,NaN,1.598,1.000
26.801,0.010,0.600,-1.000,-1.000,5.230,Run,NaN,NaN,-0.398,1.000
26.811,0.010,0.600,1.000,1.000,5.240,Run,NaN,NaN,1.598,1.000
26.821,0.010,0.600,-1.000,-1.000,5.230,Run,NaN,NaN,-0.398,1.000
26.831,0.010,0.600,1.000,1.000,5.240,Run,NaN,NaN,1.598,1.000
26.841,0.010,0.600,-1.000,-1.000,5.230,Run,NaN,NaN,-0.398,1.000
26.851,0.010,0.600,1.000,1.000,5.240,Run,NaN,NaN,1.598,1.000
26.861,0.010,0.600,-1.000,-1.000,5.230,Run,NaN,NaN,-0.398,1.000
26.871,0.010,0.600,1.000,1.000,5.240,Run,NaN,NaN,1.598,1.000
26.881,0.010,0.600,-1.000,-1.000,5.230,Run,NaN,NaN,-0.398,1.000
26.891,0.010,0.600,1.000,1.000,5.240,Run,NaN,NaN,1.598,1.000
26.901,0.010,0.600,-1.000,-1.000,5.230,Run,NaN,NaN,-0.398,1.000
26.911,0.010,0.600,1.000,1.000,5.240,Run,NaN,NaN,1.598,1.000
26.921,0.010,0.600,-1.000,-1.000,5.230,Run,NaN,NaN,-0.398,1.000
26.931,0.010,0.600,1.000,1.000,5.240,Run,NaN,NaN,1.598,1.000
26.941,0.010,0.600,-1.000,-1.000,5.230,Run,NaN,NaN,-0.398,1.000
26.951,0.010,0.600,1.000,1.000,5.240,Run,NaN,NaN,1.598,1.000
26.961,0.010,0.600,-1.000,-1.000,5.230,Run,NaN,NaN,-0.398,1.000
26.971,0.010,0.600,1.000,1.000,5.240,Run,NaN,NaN,1.598,1.000
26.981,0.010,0.600,-1.000,-1.000,5.230,Run,NaN,NaN,-0.398,1.000
26.991,0.010,0.600,1.000,1.000,5.240,Run,NaN,NaN,1.598,1.000
27.001,0.010,0.600,-1.000,-1.000,5.230,Run,NaN,NaN,-0.398,1.000
27.011,0.010,0.600,1.000,1.000,5.240,Run,NaN,NaN,1.598,1.000
27.021,0.010,0.600,-1.000,-1.000,5.230,Run,NaN,NaN,-0.398,1.000
27.031,0.010,0.600,1.000,1.000,5.240,Run,NaN,NaN,1.598,1.000
27.041,0.010,0.600,-1.000,-1.000,5.230,Run,NaN,NaN,-0.398,1.000
27.051,0.010,0.600,1.000,1.000,5.240,Run,NaN,NaN,1.598,1.000
27.061,0.010,0.600,-1.000,-1.000,5.230,Run,NaN,NaN,-0.398,1.000
27.071,0.010,0.600,1.000,1.000,5.240,Run,NaN,NaN,1.598,1.000
27.081,0.010,0.600,-1.000,-1.000,5.230,Run,NaN,NaN,-0.398,1.000
27.091,0.010,0.600,1.000,1.000,5.240,Run,NaN,NaN,1.598,1.000
27.101,0.010,0.600,-1.000,-1.000,5.230,Run,NaN,NaN,-0.398,1.000
27.111,0.010,0.600,1.000,1.000,5.240,Run,NaN,NaN,1.598,1.000
27.121,0.010,0.600,-1.000,-1.000,5.230,Run,NaN,NaN,-0.398,1.000
27.131,0.010,0.600,1.000,1.000,5.240,Run,NaN,NaN,1.598,1.000
27.141,0.010,0.600,-1.000,-1.000,5.230,Run,NaN,NaN,-0.398,1.000
27.151,0.010,0.600,1.000,1.000,5.240,Run,NaN,NaN,1.598,1.000
27.161,0.010,0.600,-1.000,-1.000,5.230,Run,NaN,NaN,-0.398,1.000
27.171,0.010,0.600,1.000,1.000,5.240,Run,NaN,NaN,1.598,1.000
27.181,0.010,0.600,-1.000,-1.000,5.230,Run,NaN,NaN,-0.398,1.000
27.191,0.010,0.600,1.000,1.000,5.240,Run,NaN,NaN,1.598,1.000
27.201,0.010,0.600,-1.000,-1.000,5.230,Run,NaN,NaN,-0.398,1.000
27.211,0.010,0.600,1.000,1.000,5.240,Run,NaN,NaN,1.598,1.000
27.221,0.010,0.600,-1.000,-1.000,5.230,Run,NaN,NaN,-0.398,1.000
27.231,0.010,0.600,1.000,1.000,5.240,Run,NaN,NaN,1.598,1.000
27.241,0.010,0.600,-1.000,-1.000,5.230,Run,NaN,NaN,-0.398,1.000
27.251,0.010,0.600,1.000,1.000,5.240,Run,NaN,NaN,1.598,1.000
27.261,0.010,0.600,-1.000,-1.000,5.230,Run,NaN,NaN,-0.398,1.000
27.271,0.010,0.600,1.000,1.000,5.240,Run,NaN,NaN,1.598,1.000
27.281,0.010,0.600,-1.000,-1.000,5.230,Run,NaN,NaN,-0.398,1.000
27.291,0.010,0.600,1.000,1.000,5.240,Run,NaN,NaN,1.598,1.000
27.301,0.010,0.600,-1.000,-1.000,5.230,Run,NaN,NaN,-0.398,1.000
27.311,0.010,0.600,1.000,1.000,5.240,Run,NaN,NaN,1.598,1.000
27.321,0.010,0.600,-1.000,-1.000,5.230,Run,NaN,NaN,-0.398,1.000
27.331,0.010,0.600,1.000,1.000,5.240,Run,NaN,NaN,1.598,1.000
27.341,0.010,0.600,-1.000,-1.000,5.230,Run,NaN,NaN,-0.398,1.000
27.351,0.010,0.600,1.000,1.000,5.240,Run,NaN,NaN,1.598,1.000
27.361,0.010,0.600,-1.000,-1.000,5.230,Run,NaN,NaN,-0.398,1.000
27.371,0.010,0.600,1.000,1.000,5.240,Run,NaN,NaN,1.598,1.000
27.381,0.010,0.600,-1.000,-1.000,5.230,Run,NaN,NaN,-0.398,1.000
27.391,0.010,0.600,1.000,1.000,5.240,Run,NaN,NaN,1.598,1.000
27.401,0.010,0.600,-1.000,-1.000,5.230,Run,NaN,NaN,-0.398,1.000
27.411,0.010,0.600,1.000,1.000,5.240,Run,NaN,NaN,1.598,1.000
27.421,0.010,0.600,-1.000,-1.000,5.230,Run,NaN,NaN,-0.398,1.000
27.431,0.010,0.600,1.000,1.000,5.240,Run,NaN,NaN,1.598,1.000
27.441,0.010,0.600,-1.000,-1.000,5.230,Run,NaN,NaN,-0.398,1.000
27.451,0.010,0.600,1.000,1.000,5.240,Run,NaN,NaN,1.598,1.000
27.461,0.010,0.600,-1.000,-1.000,5.230,Run,NaN,NaN,-0.398,1.000
27.471,0.010,0.600,1.000,1.000,5.240,Run,NaN,NaN,1.598,1.000
27.481,0.010,0.600,-1.000,-1.000,5.230,Run,NaN,NaN,-0.398,1.000
27.491,0.010,0.600,1.000,1.000,5.240,Run,NaN,NaN,1.598,1.000
27.501,0.010,0.600,-1.000,-1.000,5.230,Run,NaN,NaN,-0.398,1.000
27.511,0.010,0.600,1.000,1.000,5.240,Run,NaN,NaN,1.598,1.000
27.521,0.010,0.600,-1.000,-1.000,5.230,Run,NaN,NaN,-0.398,1.000
27.531,0.010,0.600,1.000,1.000,5.240,Run,NaN,NaN,1.598,1.000
27.541,0.010,0.600,-1.000,-1.000,5.230,Run,NaN,NaN,-0.398,1.000
27.551,0.010,0.600,1.000,1.000,5.240,Run,NaN,NaN,1.598,1.000
27.561,0.010,0.600,-1.000,-1.000,5.230,Run,NaN,NaN,-0.398,1.000
27.571,0.010,0.600,1.000,1.000,5.240,Run,NaN,NaN,1.598,1.000
27.581,0.010,0.600,-1.000,-1.000,5.230,Run,NaN,NaN,-0.398,1.000
27.591,0.010,0.600,1.000,1.000,5.240,Run,NaN,NaN,1.598,1.000
27.601,0.010,0.600,-1.000,-1.000,5.230,Run,NaN,NaN,-0.398,1.000
27.611,0.010,0.600,1.000,1.000,5.240,Run,NaN,NaN,1.598,1.000
27.621,0.010,0.600,-1.000,-1.000,5.230,Run,NaN,NaN,-0.398,1.000
27.631,0.010,0.600,1.000,1.000,5.240,Run,NaN,NaN,1.598,1.000
27.641,0.010,0.600,-1.000,-1.000,5.230,Run,NaN,NaN,-0.398,1.000
27.651,0.010,0.600,1.000,1.000,5.240,Run,NaN,NaN,1.598,1.000
27.661,0.010,0.600,-1.000,-1.000,5.230,Run,NaN,NaN,-0.398,1.000
27.671,0.010,0.600,1.000,1.000,5.240,Run,NaN,NaN,1.598,1.000
27.681,0.010,0.600,-1.000,-1.000,5.230,Run,NaN,NaN,-0.398,1.000
27.691,0.010,0.600,1.000,1.000,5.240,Run,NaN,NaN,1.598,1.000
27.701,0.010,0.600,-1.000,-1.000,5.230,Run,NaN,NaN,-0.398,1.000
27.711,0.010,0.600,1.000,1.000,5.240,Run,NaN,NaN,1.598,1.000
27.721,0.010,0.600,-1.000,-1.000,5.230,Run,NaN,NaN,-0.398,1.000
27.731,0.010,0.600,1.000,1.000,5.240,Run,NaN,NaN,1.598,1.000
27.741,0.010,0.600,-1.000,-1.000,5.230,Run,NaN,NaN,-0.398,1.000
27.751,0.010,0.600,1.000,1.000,5.240,Run,NaN,NaN,1.598,1.000
27.761,0.010,0.600,-1.000,-1.000,5.230,Run,NaN,NaN,-0.398,1.000
27.771,0.010,0.600,1.000,1.000,5.240,Run,NaN,NaN,1.598,1.000
27.781,0.010,0.600,-1.000,-1.000,5.230,Run,NaN,NaN,-0.398,1.000
27.791,0.010,0.600,1.000,1.000,5.240,Run,NaN,NaN,1.598,1.000
27.801,0.010,0.600,-1.000,-1.000,5.230,Run,NaN,NaN,-0.398,1.000
27.811,0.010,0.600,1.000,1.000,5.240,Run,NaN,NaN,1.598,1.000
27.821,0.010,0.600,-1.000,-1.000,5.230,Run,NaN,NaN,-0.398,1.000
27.831,0.010,0.600,1.000,1.000,5.240,Run,NaN,NaN,1.598,1.000
27.841,0.010,0.600,-1.000,-1.000,5.230,Run,NaN,NaN,-0.398,1.000
27.851,0.010,0.600,1.000,1.000,5.240,Run,NaN,NaN,1.598,1.000
27.861,0.010,0.600,-1.000,-1.000,5.230,Run,NaN,NaN,-0.398,1.000
27.871,0.010,0.600,1.000,1.000,5.240,Run,NaN,NaN,1.598,1.000
27.881,0.010,0.600,-1.000,-1.000,5.230,Run,NaN,NaN,-0.398,1.000
27.891,0.010,0.600,1.000,1.000,5.240,Run,NaN,NaN,1.598,1.000
27.901,0.010,0.600,-1.000,-1.000,5.230,Run,NaN,NaN,-0.398,1.000
27.911,0.010,0.600,1.000,1.000,5.240,Run,NaN,NaN,1.598,1.000
27.921,0.010,0.600,-1.000,-1.000,5.230,Run,NaN,NaN,-0.398,1.000
27.931,0.010,0.600,1.000,1.000,5.240,Run,NaN,NaN,1.598,1.000
27.941,0.010,0.600,-1.000,-1.000,5.230,Run,NaN,NaN,-0.398,1.000
27.951,0.010,0.600,1.000,1.000,5.240,Run,NaN,NaN,1.598,1.000
27.961,0.010,0.600,-1.000,-1.000,5.230,Run,NaN,NaN,-0.398,1.000
27.971,0.010,0.600,1.000,1.000,5.240,Run,NaN,NaN,1.598,1.000
27.981,0.010,0.600,-1.000,-1.000,5.230,Run,NaN,NaN,-0.398,1.000
27.991,0.010,0.600,1.000,1.000,5.240,Run,NaN,NaN,1.598,1.000
28.001,0.010,0.600,-1.000,-1.000,5.230,Run,NaN,NaN,-0.398,1.000
28.011,0.010,0.600,1.000,1.000,5.240,Run,NaN,NaN,1.598,1.000
28.021,0.010,0.600,-1.000,-1.000,5.230,Run,NaN,NaN,-0.398,1.000
28.031,0.010,0.600,1.000,1.000,5.240,Run,NaN,NaN,1.598,1.000
28.041,0.010,0.600,-1.000,-1.000,5.230,Run,NaN,NaN,-0.398,1.000
28.051,0.010,0.600,1.000,1.000,5.240,Run,NaN,NaN,1.598,1.000
28.061,0.010,0.600,-1.000,-1.000,5.230,Run,NaN,NaN,-0.398,1.000
28.071,0.010,0.600,1.000,1.000,5.240,Run,NaN,NaN,1.598,1.000
28.081,0.010,0.600,-1.000,-1.000,5.230,Run,NaN,NaN,-0.398,1.000
28.091,0.010,0.600,1.000,1.000,5.240,Run,NaN,NaN,1.598,1.000
28.101,0.010,0.600,-1.000,-1.000,5.230,Run,NaN,NaN,-0.398,1.000
28.111,0.010,0.600,1.000,1.000,5.240,Run,NaN,NaN,1.598,1.000
28.121,0.010,0.600,-1.000,-1.000,5.230,Run,NaN,NaN,-0.398,1.000
28.131,0.010,0.600,1.000,1.000,5.240,Run,NaN,NaN,1.598,1.000
28.141,0.010,0.600,-1.000,-1.000,5.230,Run,NaN,NaN,-0.398,1.000
28.151,0.010,0.600,1.000,1.000,5.240,Run,NaN,NaN,1.598,1.000
28.161,0.010,0.600,-1.000,-1.000,5.230,Run,NaN,NaN,-0.398,1.000
28.171,0.010,0.600,1.000,1.000,5.240,Run,NaN,NaN,1.598,1.000
28.181,0.010,0.600,-1.000,-1.000,5.230,Run,NaN,NaN,-0.398,1.000
28.191,0.010,0.600,1.000,1.000,5.240,Run,NaN,NaN,1.598,1.000
28.201,0.010,0.600,-1.000,-1.000,5.230,Run,NaN,NaN,-0.398,1.000
28.211,0.010,0.600,1.000,1.000,5.240,Run,NaN,NaN,1.598,1.000
28.221,0.010,0.600,-1.000,-1.000,5.230,Run,NaN,NaN,-0.398,1.000
28.231,0.010,0.600,1.000,1.000,5.240,Run,NaN,NaN,1.598,1.000
28.241,0.010,0.600,-1.000,-1.000,5.230,Run,NaN,NaN,-0.398,1.000
28.251,0.010,0.600,1.000,1.000,5.240,Run,NaN,NaN,1.598,1.000
28.261,0.010,0.600,-1.000,-1.000,5.230,Run,NaN,NaN,-0.398,1.000
28.271,0.010,0.600,1.000,1.000,5.240,Run,NaN,NaN,1.598,1.000
28.281,0.010,0.600,-1.000,-1.000,5.230,Run,NaN,NaN,-0.398,1.000
28.291,0.010,0.600,1.000,1.000,5.240,Run,NaN,NaN,1.598,1.000
28.301,0.010,0.600,-1.000,-1.000,5.230,Run,NaN,NaN,-0.398,1.000
28.311,0.010,0.600,1.000,1.000,5.240,Run,NaN,NaN,1.598,1.000
28.321,0.010,0.600,-1.000,-1.000,5.230,Run,NaN,NaN,-0.398,1.000
28.331,0.010,0.600,1.000,1.000,5.240,Run,NaN,NaN,1.598,1.000
28.341,0.010,0.600,-1.000,-1.000,5.230,Run,NaN,NaN,-0.398,1.000
28.351,0.010,0.600,1.000,1.000,5.240,Run,NaN,NaN,1.598,1.000
28.361,0.010,0.600,-1.000,-1.000,5.230,Run,NaN,NaN,-0.398,1.000
28.371,0.010,0.600,1.000,1.000,5.240,Run,NaN,NaN,1.598,1.000
28.381,0.010,0.600,-1.000,-1.000,5.230,Run,NaN,NaN,-0.398,1.000
28.391,0.010,0.600,1.000,1.000,5.240,Run,NaN,NaN,1.598,1.000
28.401,0.010,0.600,-1.000,-1.000,5.230,Run,NaN,NaN,-0.398,1.000
28.411,0.010,0.600,1.000,1.000,5.240,Run,NaN,NaN,1.598,1.000
28.421,0.010,0.600,-1.000,-1.000,5.230,Run,NaN,NaN,-0.398,1.000
28.431,0.010,0.600,1.000,1.000,5.240,Run,NaN,NaN,1.598,1.000
28.441,0.010,0.600,-1.000,-1.000,5.230,Run,NaN,NaN,-0.398,1.000
28.451,0.010,0.600,1.000,1.000,5.240,Run,NaN,NaN,1.598,1.000
28.461,0.010,0.600,-1.000,-1.000,5.230,Run,NaN,NaN,-0.398,1.000
28.471,0.010,0.600,1.000,1.000,5.240,Run,NaN,NaN,1.598,1.000
28.481,0.010,0.600,-1.000,-1.000,5.230,Run,NaN,NaN,-0.398,1.000
28.491,0.010,0.600,1.000,1.000,5.240,Run,NaN,NaN,1.598,1.000
28.501,0.010,0.600,-1.000,-1.000,5.230,Run,NaN,NaN,-0.398,1.000
28.511,0.010,0.600,1.000,1.000,5.240,Run,NaN,NaN,1.598,1.000
28.521,0.010,0.600,-1.000,-1.000,5.230,Run,NaN,NaN,-0.398,1.000
28.531,0.010,0.600,1.000,1.000,5.240,Run,NaN,NaN,1.598,1.000
28.541,0.010,0.600,-1.000,-1.000,5.230,Run,NaN,NaN,-0.398,1.000
28.551,0.010,0.600,1.000,1.000,5.240,Run,NaN,NaN,1.598,1.000
28.561,0.010,0.600,-1.000,-1.000,5.230,Run,NaN,NaN,-0.398,1.000
28.571,0.010,0.600,1.000,1.000,5.240,Run,NaN,NaN,1.598,1.000
28.581,0.010,0.600,-1.000,-1.000,5.230,Run,NaN,NaN,-0.398,1.000
28.591,0.010,0.600,1.000,1.000,5.240,Run,NaN,NaN,1.598,1.000
28.601,0.010,0.600,-1.000,-1.000,5.230,Run,NaN,NaN,-0.398,1.000
28.611,0.010,0.600,1.000,1.000,5.240,Run,NaN,NaN,1.598,1.000
28.621,0.010,0.600,-1.000,-1.000,5.230,Run,NaN,NaN,-0.398,1.000
28.631,0.010,0.600,1.000,1.000,5.240,Run,NaN,NaN,1.598,1.000
28.641,0.010,0.600,-1.000,-1.000,5.230,Run,NaN,NaN,-0.398,1.000
28.651,0.010,0.600,1.000,1.000,5.240,Run,NaN,NaN,1.598,1.000
28.661,0.010,0.600,-1.000,-1.000,5.230,Run,NaN,NaN,-0.398,1.000
28.671,0.010,0.600,1.000,1.000,5.240,Run,NaN,NaN,1.598,1.000
28.681,0.010,0.600,-1.000,-1.000,5.230,Run,NaN,NaN,-0.398,1.000
28.691,0.010,0.600,1.000,1.000,5.240,Run,NaN,NaN,1.598,1.000
28.701,0.010,0.600,-1.000,-1.000,5.230,Run,NaN,NaN,-0.398,1.000
28.711,0.010,0.600,1.000,1.000,5.240,Run,NaN,NaN,1.598,1.000
28.721,0.010,0.600,-1.000,-1.000,5.230,Run,NaN,NaN,-0.398,1.000
28.731,0.010,0.600,1.000,1.000,5.240,Run,NaN,NaN,1.598,1.000
28.741,0.010,0.600,-1.000,-1.000,5.230,Run,NaN,NaN,-0.398,1.000
28.751,0.010,0.600,1.000,1.000,5.240,Run,NaN,NaN,1.598,1.000
28.761,0.010,0.600,-1.000,-1.000,5.230,Run,NaN,NaN,-0.398,1.000
28.771,0.010,0.600,1.000,1.000,5.240,Run,NaN,NaN,1.598,1.000
28.781,0.010,0.600,-1.000,-1.000,5.230,Run,NaN,NaN,-0.398,1.000
28.791,0.010,0.600,1.000,1.000,5.240,Run,NaN,NaN,1.598,1.000
28.801,0.010,0.600,-1.000,-1.000,5.230,Run,NaN,NaN,-0.398,1.000
28.811,0.010,0.600,1.000,1.000,5.240,Run,NaN,NaN,1.598,1.000
28.821,0.010,0.600,-1.000,-1.000,5.230,Run,NaN,NaN,-0.398,1.000
28.831,0.010,0.600,1.000,1.000,5.240,Run,NaN,NaN,1.598,1.000
28.841,0.010,0.600,-1.000,-1.000,5.230,Run,NaN,NaN,-0.398,1.000
28.851,0.010,0.600,1.000,1.000,5.240,Run,NaN,NaN,1.598,1.000
28.861,0.010,0.600,-1.000,-1.000,5.230,Run,NaN,NaN,-0.398,1.000
28.871,0.010,0.600,1.000,1.000,5.240,Run,NaN,NaN,1.598,1.000
28.881,0.010,0.600,-1.000,-1.000,5.230,Run,NaN,NaN,-0.398,1.000
28.891,0.010,0.600,1.000,1.000,5.240,Run,NaN,NaN,1.598,1.000
28.901,0.010,0.600,-1.000,-1.000,5.230,Run,NaN,NaN,-0.398,1.000
28.911,0.010,0.600,1.000,1.000,5.240,Run,NaN,NaN,1.598,1.000
28.921,0.010,0.600,-1.000,-1.000,5.230,Run,NaN,NaN,-0.398,1.000
28.931,0.010,0.600,1.000,1.000,5.240,Run,NaN,NaN,1.598,1.000
28.941,0.010,0.600,-1.000,-1.000,5.230,Run,NaN,NaN,-0.398,1.000
28.951,0.010,0.600,1.000,1.000,5.240,Run,NaN,NaN,1.598,1.000
28.961,0.010,0.600,-1.000,-1.000,5.230,Run,NaN,NaN,-0.398,1.000
28.971,0.010,0.600,1.000,1.000,5.240,Run,NaN,NaN,1.598,1.000
28.981,0.010,0.600,-1.000,-1.000,5.230,Run,NaN,NaN,-0.398,1.000
28.991,0.010,0.600,1.000,1.000,5.240,Run,NaN,NaN,1.598,1.000
29.001,0.010,0.600,-1.000,-1.000,5.230,Run,NaN,NaN,-0.398,1.000
29.011,0.010,0.600,1.000,1.000,5.240,Run,NaN,NaN,1.598,1.000
29.021,0.010,0.600,-1.000,-1.000,5.230,Run,NaN,NaN,-0.398,1.000
29.031,0.010,0.600,1.000,1.000,5.240,Run,NaN,NaN,1.598,1.000
29.041,0.010,0.600,-1.000,-1.000,5.230,Run,NaN,NaN,-0.398,1.000
29.051,0.010,0.600,1.000,1.000,5.240,Run,NaN,NaN,1.598,1.000
29.061,0.010,0.600,-1.000,-1.000,5.230,Run,NaN,NaN,-0.398,1.000
29.071,0.010,0.600,1.000,1.000,5.240,Run,NaN,NaN,1.598,1.000
29.081,0.010,0.600,-1.000,-1.000,5.230,Run,NaN,NaN,-0.398,1.000
29.091,0.010,0.600,1.000,1.000,5.240,Run,NaN,NaN,1.598,1.000
29.101,0.010,0.600,-1.000,-1.000,5.230,Run,NaN,NaN,-0.398,1.000
29.111,0.010,0.600,1.000,1.000,5.240,Run,NaN,NaN,1.598,1.000
29.121,0.010,0.600,-1.000,-1.000,5.230,Run,NaN,NaN,-0.398,1.000
29.131,0.010,0.600,1.000,1.000,5.240,Run,NaN,NaN,1.598,1.000
29.141,0.010,0.600,-1.000,-1.000,5.230,Run,NaN,NaN,-0.398,1.000
29.151,0.010,0.600,1.000,1.000,5.240,Run,NaN,NaN,1.598,1.000
29.161,0.010,0.600,-1.000,-1.000,5.230,Run,NaN,NaN,-0.398,1.000
29.171,0.010,0.600,1.000,1.000,5.240,Run,NaN,NaN,1.598,1.000
29.181,0.010,0.600,-1.000,-1.000,5.230,Run,NaN,NaN,-0.398,1.000
29.191,0.010,0.600,1.000,1.000,5.240,Run,NaN,NaN,1.598,1.000
29.201,0.010,0.600,-1.000,-1.000,5.230,Run,NaN,NaN,-0.398,1.000
29.211,0.010,0.600,1.000,1.000,5.240,Run,NaN,NaN,1.598,1.000
29.221,0.010,0.600,-1.000,-1.000,5.230,Run,NaN,NaN,-0.398,1.000
29.231,0.010,0.600,1.000,1.000,5.240,Run,NaN,NaN,1.598,1.000
29.241,0.010,0.600,-1.000,-1.000,5.230,Run,NaN,NaN,-0.398,1.000
29.251,0.010,0.600,1.000,1.000,5.240,Run,NaN,NaN,1.598,1.000
29.261,0.010,0.600,-1.000,-1.000,5.230,Run,NaN,NaN,-0.398,1.000
29.271,0.010,0.600,1.000,1.000,5.240,Run,NaN,NaN,1.598,1.000
29.281,0.010,0.600,-1.000,-1.000,5.230,Run,NaN,NaN,-0.398,1.000
29.291,0.010,0.600,1.000,1.000,5.240,Run,NaN,NaN,1.598,1.000
29.301,0.010,0.600,-1.000,-1.000,5.230,Run,NaN,NaN,-0.398,1.000
29.311,0.010,0.600,1.000,1.000,5.240,Run,NaN,NaN,1.598,1.000
29.321,0.010,0.600,-1.000,-1.000,5.230,Run,NaN,NaN,-0.398,1.000
29.331,0.010,0.600,1.000,1.000,5.240,Run,NaN,NaN,1.598,1.000
29.341,0.010,0.600,-1.000,-1.000,5.230,Run,NaN,NaN,-0.398,1.000
29.351,0.010,0.600,1.000,1.000,5.240,Run,NaN,NaN,1.598,1.000
29.361,0.010,0.600,-1.000,-1.000,5.230,Run,NaN,NaN,-0.398,1.000
29.371,0.010,0.600,1.000,1.000,5.240,Run,NaN,NaN,1.598,1.000
29.381,0.010,0.600,-1.000,-1.000,5.230,Run,NaN,NaN,-0.398,1.000
29.391,0.010,0.600,1.000,1.000,5.240,Run,NaN,NaN,1.598,1.000
29.401,0.010,0.600,-1.000,-1.000,5.230,Run,NaN,NaN,-0.398,1.000
29.411,0.010,0.600,1.000,1.000,5.240,Run,NaN,NaN,1.598,1.000
29.421,0.010,0.600,-1.000,-1.000,5.230,Run,NaN,NaN,-0.398,1.000
29.431,0.010,0.600,1.000,1.000,5.240,Run,NaN,NaN,1.598,1.000
29.441,0.010,0.600,-1.000,-1.000,5.230,Run,NaN,NaN,-0.398,1.000
29.451,0.010,0.600,1.000,1.000,5.240,Run,NaN,NaN,1.598,1.000
29.461,0.010,0.600,-1.000,-1.000,5.230,Run,NaN,NaN,-0.398,1.000
29.471,0.010,0.600,1.000,1.000,5.240,Run,NaN,NaN,1.598,1.000
29.481,0.010,0.600,-1.000,-1.000,5.230,Run,NaN,NaN,-0.398,1.000
29.491,0.010,0.600,1.000,1.000,5.240,Run,NaN,NaN,1.598,1.000
29.501,0.010,0.600,-1.000,-1.000,5.230,Run,NaN,NaN,-0.398,1.000
29.511,0.010,0.600,1.000,1.000,5.240,Run,NaN,NaN,1.598,1.000
29.521,0.010,0.600,-1.000,-1.000,5.230,Run,NaN,NaN,-0.398,1.000
29.531,0.010,0.600,1.000,1.000,5.240,Run,NaN,NaN,1.598,1.000
29.541,0.010,0.600,-1.000,-1.000,5.230,Run,NaN,NaN,-0.398,1.000
29.551,0.010,0.600,1.000,1.000,5.240,Run,NaN,NaN,1.598,1.000
29.561,0.010,0.600,-1.000,-1.000,5.230,Run,NaN,NaN,-0.398,1.000
29.571,0.010,0.600,1.000,1.000,5.240,Run,NaN,NaN,1.598,1.000
29.581,0.010,0.600,-1.000,-1.000,5.230,Run,NaN,NaN,-0.398,1.000
29.591,0.010,0.600,1.000,1.000,5.240,Run,NaN,NaN,1.598,1.000
29.601,0.010,0.600,-1.000,-1.000,5.230,Run,NaN,NaN,-0.398,1.000
29.611,0.010,0.600,1.000,1.000,5.240,Run,NaN,NaN,1.598,1.000
29.621,0.010,0.600,-1.000,-1.000,5.230,Run,NaN,NaN,-0.398,1.000
29.631,0.010,0.600,1.000,1.000,5.240,Run,NaN,NaN,1.598,1.000
29.641,0.010,0.600,-1.000,-1.000,5.230,Run,NaN,NaN,-0.398,1.000
29.651,0.010,0.600,1.000,1.000,5.240,Run,NaN,NaN,1.598,1.000
29.661,0.010,0.600,-1.000,-1.000,5.230,Run,NaN,NaN,-0.398,1.000
29.671,0.010,0.600,1.000,1.000,5.240,Run,NaN,NaN,1.598,1.000
29.681,0.010,0.600,-1.000,-1.000,5.230,Run,NaN,NaN,-0.398,1.000
29.691,0.010,0.600,1.000,1.000,5.240,Run,NaN,NaN,1.598,1.000
29.701,0.010,0.600,-1.000,-1.000,5.230,Run,NaN,NaN,-0.398,1.000
29.711,0.010,0.600,1.000,1.000,5.240,Run,NaN,NaN,1.598,1.000
29.721,0.010,0.600,-1.000,-1.000,5.230,Run,NaN,NaN,-0.398,1.000
29.731,0.010,0.600,1.000,1.000,5.240,Run,NaN,NaN,1.598,1.000
29.741,0.010,0.600,-1.000,-1.000,5.230,Run,NaN,NaN,-0.398,1.000
29.751,0.010,0.600,1.000,1.000,5.240,Run,NaN,NaN,1.598,1.000
29.761,0.010,0.600,-1.000,-1.000,5.230,Run,NaN,NaN,-0.398,1.000
29.771,0.010,0.600,1.000,1.000,5.240,Run,NaN,NaN,1.598,1.000
29.781,0.010,0.600,-1.000,-1.000,5.230,Run,NaN,NaN,-0.398,1.000
29.791,0.010,0.600,1.000,1.000,5.240,Run,NaN,NaN,1.598,1.000
29.801,0.010,0.600,-1.000,-1.000,5.230,Run,NaN,NaN,-0.398,1.000
29.811,0.010,0.600,1.000,1.000,5.240,Run,NaN,NaN,1.598,1.000
29.821,0.010,0.600,-1.000,-1.000,5.230,Run,NaN,NaN,-0.398,1.000
29.831,0.010,0.600,1.000,1.000,5.240,Run,NaN,NaN,1.598,1.000
29.841,0.010,0.600,-1.000,-1.000,5.230,Run,NaN,NaN,-0.398,1.000
29.851,0.010,0.600,1.000,1.000,5.240,Run,NaN,NaN,1.598,1.000
29.861,0.010,0.600,-1.000,-1.000,5.230,Run,NaN,NaN,-0.398,1.000
29.871,0.010,0.600,1.000,1.000,5.240,Run,NaN,NaN,1.598,1.000
29.881,0.010,0.600,-1.000,-1.000,5.230,Run,NaN,NaN,-0.398,1.000
29.891,0.010,0.600,1.000,1.000,5.240,Run,NaN,NaN,1.598,1.000
29.901,0.010,0.600,-1.000,-1.000,5.230,Run,NaN,NaN,-0.398,1.000
29.911,0.010,0.600,1.000,1.000,5.240,Run,NaN,NaN,1.598,1.000
29.921,0.010,0.600,-1.000,-1.000,5.230,Run,NaN,NaN,-0.398,1.000
29.931,0.010,0.600,1.000,1.000,5.240,Run,NaN,NaN,1.598,1.000
29.941,0.010,0.600,-1.000,-1.000,5.230,Run,NaN,NaN,-0.398,1.000
29.951,0.010,0.600,1.000,1.000,5.240,Run,NaN,NaN,1.598,1.000
29.961,0.010,0.600,-1.000,-1.000,5.230,Run,NaN,NaN,-0.398,1.000
29.971,0.010,0.600,1.000,1.000,5.240,Run,NaN,NaN,1.598,1.000
29.981,0.010,0.600,-1.000,-1.000,5.230,Run,NaN,NaN,-0.398,1.000
29.991,0.010,0.600,1.000,1.000,5.240,Run,NaN,NaN,1.598,1.000
30.001,0.010,0.600,-1.000,-1.000,5.230,Run,NaN,NaN,-0.398,1.000
30.011,0.010,0.600,1.000,1.000,5.240,Run,NaN,NaN,1.598,1.000
30.021,0.010,0.600,-1.000,-1.000,5.230,Run,NaN,NaN,-0.398,1.000
30.031,0.010,0.600,1.000,1.000,5.240,Run,NaN,NaN,1.598,1.000
30.041,0.010,0.600,-1.000,-1.000,5.230,Run,NaN,NaN,-0.398,1.000
30.051,0.010,0.600,1.000,1.000,5.240,Run,NaN,NaN,1.598,1.000
30.061,0.010,0.600,-1.000,-1.000,5.230,Run,NaN,NaN,-0.398,1.000
30.071,0.010,0.600,1.000,1.000,5.240,Run,NaN,NaN,1.598,1.000
30.081,0.010,0.600,-1.000,-1.000,5.230,Run,NaN,NaN,-0.398,1.000
30.091,0.010,0.600,1.000,1.000,5.240,Run,NaN,NaN,1.598,1.000
30.101,0.010,0.600,-1.000,-1.000,5.230,Run,NaN,NaN,-0.398,1.000
30.111,0.010,0.600,1.000,1.000,5.240,Run,NaN,NaN,1.598,1.000
30.121,0.010,0.600,-1.000,-1.000,5.230,Run,NaN,NaN,-0.398,1.000
30.131,0.010,0.600,1.000,1.000,5.240,Run,NaN,NaN,1.598,1.000
30.141,0.010,0.600,-1.000,-1.000,5.230,Run,NaN,NaN,-0.398,1.000
30.151,0.010,0.600,1.000,1.000,5.240,Run,NaN,NaN,1.598,1.000
30.161,0.010,0.600,-1.000,-1.000,5.230,Run,NaN,NaN,-0.398,1.000
30.171,0.010,0.600,1.000,1.000,5.240,Run,NaN,NaN,1.598,1.000
30.181,0.010,0.600,-1.000,-1.000,5.230,Run,NaN,NaN,-0.398,1.000
30.191,0.010,0.600,1.000,1.000,5.240,Run,NaN,NaN,1.598,1.000
30.201,0.010,0.600,-1.000,-1.000,5.230,Run,NaN,NaN,-0.398,1.000
30.211,0.010,0.600,1.000,1.000,5.240,Run,NaN,NaN,1.598,1.000
30.221,0.010,0.600,-1.000,-1.000,5.230,Run,NaN,NaN,-0.398,1.000
30.231,0.010,0.600,1.000,1.000,5.240,Run,NaN,NaN,1.598,1.000
30.241,0.010,0.600,-1.000,-1.000,5.230,Run,NaN,NaN,-0.398,1.000
30.251,0.010,0.600,1.000,1.000,5.240,Run,NaN,NaN,1.598,1.000
30.261,0.010,0.600,-1.000,-1.000,5.230,Run,NaN,NaN,-0.398,1.000
30.271,0.010,0.600,1.000,1.000,5.240,Run,NaN,NaN,1.598,1.000
30.281,0.010,0.600,-1.000,-1.000,5.230,Run,NaN,NaN,-0.398,1.000
30.291,0.010,0.600,1.000,1.000,5.240,Run,NaN,NaN,1.598,1.000
30.301,0.010,0.600,-1.000,-1.000,5.230,Run,NaN,NaN,-0.398,1.000
30.311,0.010,0.600,1.000,1.000,5.240,Run,NaN,NaN,1.598,1.000
30.321,0.010,0.600,-1.000,-1.000,5.230,Run,NaN,NaN,-0.398,1.000
30.331,0.010,0.600,1.000,1.000,5.240,Run,NaN,NaN,1.598,1.000
30.341,0.010,0.600,-1.000,-1.000,5.230,Run,NaN,NaN,-0.398,1.000
30.351,0.010,0.600,1.000,1.000,5.240,Run,NaN,NaN,1.598,1.000
30.361,0.010,0.600,-1.000,-1.000,5.230,Run,NaN,NaN,-0.398,1.000
30.371,0.010,0.600,1.000,1.000,5.240,Run,NaN,NaN,1.598,1.000
30.381,0.010,0.600,-1.000,-1.000,5.230,Run,NaN,NaN,-0.398,1.000
30.391,0.010,0.600,1.000,1.000,5.240,Run,NaN,NaN,1.598,1.000
30.401,0.010,0.600,-1.000,-1.000,5.230,Run,NaN,NaN,-0.398,1.000
30.411,0.010,0.600,1.000,1.000,5.240,Run,NaN,NaN,1.598,1.000
30.421,0.010,0.600,-1.000,-1.000,5.230,Run,NaN,NaN,-0.398,1.000
30.431,0.010,0.600,1.000,1.000,5.240,Run,NaN,NaN,1.598,1.000
30.441,0.010,0.600,-1.000,-1.000,5.230,Run,NaN,NaN,-0.398,1.000
30.451,0.010,0.600,1.000,1.000,5.240,Run,NaN,NaN,1.598,1.000
30.461,0.010,0.600,-1.000,-1.000,5.230,Run,NaN,NaN,-0.398,1.000
30.471,0.010,0.600,1.000,1.000,5.240,Run,NaN,NaN,1.598,1.000
30.481,0.010,0.600,-1.000,-1.000,5.230,Run,NaN,NaN,-0.398,1.000
30.491,0.010,0.600,1.000,1.000,5.240,Run,NaN,NaN,1.598,1.000
30.501,0.010,0.600,-1.000,-1.000,5.230,Run,NaN,NaN,-0.398,1.000
30.511,0.010,0.600,1.000,1.000,5.240,Run,NaN,NaN,1.598,1.000
30.521,0.010,0.600,-1.000,-1.000,5.230,Run,NaN,NaN,-0.398,1.000
30.531,0.010,0.600,1.000,1.000,5.240,Run,NaN,NaN,1.598,1.000
30.541,0.010,0.600,-1.000,-1.000,5.230,Run,NaN,NaN,-0.398,1.000
30.551,0.010,0.600,1.000,1.000,5.240,Run,NaN,NaN,1.598,1.000
30.561,0.010,0.600,-1.000,-1.000,5.230,Run,NaN,NaN,-0.398,1.000
30.571,0.010,0.600,1.000,1.000,5.240,Run,NaN,NaN,1.598,1.000
30.581,0.010,0.600,-1.000,-1.000,5.230,Run,NaN,NaN,-0.398,1.000
30.591,0.010,0.600,1.000,1.000,5.240,Run,NaN,NaN,1.598,1.000
30.601,0.010,0.600,-1.000,-1.000,5.230,Run,NaN,NaN,-0.398,1.000
30.611,0.010,0.600,1.000,1.000,5.240,Run,NaN,NaN,1.598,1.000
30.621,0.010,0.600,-1.000,-1.000,5.230,Run,NaN,NaN,-0.398,1.000
30.631,0.010,0.600,1.000,1.000,5.240,Run,NaN,NaN,1.598,1.000
30.641,0.010,0.600,-1.000,-1.000,5.230,Run,NaN,NaN,-0.398,1.000
30.651,0.010,0.600,1.000,1.000,5.240,Run,NaN,NaN,1.598,1.000
30.661,0.010,0.600,-1.000,-1.000,5.230,Run,NaN,NaN,-0.398,1.000
30.671,0.010,0.600,1.000,1.000,5.240,Run,NaN,NaN,1.598,1.000
30.681,0.010,0.600,-1.000,-1.000,5.230,Run,NaN,NaN,-0.398,1.000
30.691,0.010,0.600,1.000,1.000,5.240,Run,NaN,NaN,1.598,1.000
30.701,0.010,0.600,-1.000,-1.000,5.230,Run,NaN,NaN,-0.398,1.000
30.711,0.010,0.600,1.000,1.000,5.240,Run,NaN,NaN,1.598,1.000
30.721,0.010,0.600,-1.000,-1.000,5.230,Run,NaN,NaN,-0.398,1.000
30.731,0.010,0.600,1.000,1.000,5.240,Run,NaN,NaN,1.598,1.000
30.741,0.010,0.600,-1.000,-1.000,5.230,Run,NaN,NaN,-0.398,1.000
30.751,0.010,0.600,1.000,1.000,5.240,Run,NaN,NaN,1.598,1.000
30.761,0.010,0.600,-1.000,-1.000,5.230,Run,NaN,NaN,-0.398,1.000
30.771,0.010,0.600,1.000,1.000,5.240,Run,NaN,NaN,1.598,1.000
30.781,0.010,0.600,-1.000,-1.000,5.230,Run,NaN,NaN,-0.398,1.000
30.791,0.010,0.600,1.000,1.000,5.240,Run,NaN,NaN,1.598,1.000
30.801,0.010,0.600,-1.000,-1.000,5.230,Run,NaN,NaN,-0.398,1.000
30.811,0.010,0.600,1.000,1.000,5.240,Run,NaN,NaN,1.598,1.000
30.821,0.010,0.600,-1.000,-1.000,5.230,Run,NaN,NaN,-0.398,1.000
30.831,0.010,0.600,1.000,1.000,5.240,Run,NaN,NaN,1.598,1.000
30.841,0.010,0.600,-1.000,-1.000,5.230,Run,NaN,NaN,-0.398,1.000
30.851,0.010,0.600,1.000,1.000,5.240,Run,NaN,NaN,1.598,1.000
30.861,0.010,0.600,-1.000,-1.000,5.230,Run,NaN,NaN,-0.398,1.000
30.871,0.010,0.600,1.000,1.000,5.240,Run,NaN,NaN,1.598,1.000
30.881,0.010,0.600,-1.000,-1.000,5.230,Run,NaN,NaN,-0.398,1.000
30.891,0.010,0.600,1.000,1.000,5.240,Run,NaN,NaN,1.598,1.000
30.901,0.010,0.600,-1.000,-1.000,5.230,Run,NaN,NaN,-0.398,1.000
30.911,0.010,0.600,1.000,1.000,5.240,Run,NaN,NaN,1.598,1.000
30.921,0.010,0.600,-1.000,-1.000,5.230,Run,NaN,NaN,-0.398,1.000
30.931,0.010,0.600,1.000,1.000,5.240,Run,NaN,NaN,1.598,1.000
30.941,0.010,0.600,-1.000,-1.000,5.230,Run,NaN,NaN,-0.398,1.000
30.951,0.010,0.600,1.000,1.000,5.240,Run,NaN,NaN,1.598,1.000
30.961,0.010,0.600,-1.000,-1.000,5.230,Run,NaN,NaN,-0.398,1.000
30.971,0.010,0.600,1.000,1.000,5.240,Run,NaN,NaN,1.598,1.000
30.981,0.010,0.600,-1.000,-1.000,5.230,Run,NaN,NaN,-0.398,1.000
30.991,0.010,0.600,1.000,1.000,5.240,Run,NaN,NaN,1.598,1.000
31.001,0.010,0.600,-1.000,-1.000,5.230,Run,NaN,NaN,-0.398,1.000
31.011,0.010,0.600,1.000,1.000,5.240,Run,NaN,NaN,1.598,1.000
31.021,0.010,0.600,-1.000,-1.000,5.230,Run,NaN,NaN,-0.398,1.000
31.031,0.010,0.600,1.000,1.000,5.240,Run,NaN,NaN,1.598,1.000
31.041,0.010,0.600,-1.000,-1.000,5.230,Run,NaN,NaN,-0.398,1.000
31.051,0.010,0.600,1.000,1.000,5.240,Run,NaN,NaN,1.598,1.000
31.061,0.010,0.600,-1.000,-1.000,5.230,Run,NaN,NaN,-0.398,1.000
31.071,0.010,0.600,1.000,1.000,5.240,Run,NaN,NaN,1.598,1.000
31.081,0.010,0.600,-1.000,-1.000,5.230,Run,NaN,NaN,-0.398,1.000
31.091,0.010,0.600,1.000,1.000,5.240,Run,NaN,NaN,1.598,1.000
31.101,0.010,0.600,-1.000,-1.000,5.230,Run,NaN,NaN,-0.398,1.000
31.111,0.010,0.600,1.000,1.000,5.240,Run,NaN,NaN,1.598,1.000
31.121,0.010,0.600,-1.000,-1.000,5.230,Run,NaN,NaN,-0.398,1.000
31.131,0.010,0.600,1.000,1.000,5.240,Run,NaN,NaN,1.598,1.000
31.141,0.010,0.600,-1.000,-1.000,5.230,Run,NaN,NaN,-0.398,1.000
31.151,0.010,0.600,1.000,1.000,5.240,Run,NaN,NaN,1.598,1.000
31.161,0.010,0.600,-1.000,-1.000,5.230,Run,NaN,NaN,-0.398,1.000
31.171,0.010,0.600,1.000,1.000,5.240,Run,NaN,NaN,1.598,1.000
31.181,0.010,0.600,-1.000,-1.000,5.230,Run,NaN,NaN,-0.398,1.000
31.191,0.010,0.600,1.000,1.000,5.240,Run,NaN,NaN,1.598,1.000
31.201,0.010,0.600,-1.000,-1.000,5.230,Run,NaN,NaN,-0.398,1.000
31.211,0.010,0.600,1.000,1.000,5.240,Run,NaN,NaN,1.598,1.000
31.221,0.010,0.600,-1.000,-1.000,5.230,Run,NaN,NaN,-0.398,1.000
31.231,0.010,0.600,1.000,1.000,5.240,Run,NaN,NaN,1.598,1.000
31.241,0.010,0.600,-1.000,-1.000,5.230,Run,NaN,NaN,-0.398,1.000
31.251,0.010,0.600,1.000,1.000,5.240,Run,NaN,NaN,1.598,1.000
31.261,0.010,0.600,-1.000,-1.000,5.230,Run,NaN,NaN,-0.398,1.000
31.271,0.010,0.600,1.000,1.000,5.240,Run,NaN,NaN,1.598,1.000
31.281,0.010,0.600,-1.000,-1.000,5.230,Run,NaN,NaN,-0.398,1.000
31.291,0.010,0.600,1.000,1.000,5.240,Run,NaN,NaN,1.598,1.000
31.301,0.010,0.600,-1.000,-1.000,5.230,Run,NaN,NaN,-0.398,1.000
31.311,0.010,0.600,1.000,1.000,5.240,Run,NaN,NaN,1.598,1.000
31.321,0.010,0.600,-1.000,-1.000,5.230,Run,NaN,NaN,-0.398,1.000
31.331,0.010,0.600,1.000,1.000,5.240,Run,NaN,NaN,1.598,1.000
31.341,0.010,0.600,-1.000,-1.000,5.230,Run,NaN,NaN,-0.398,1.000
31.351,0.010,0.600,1.000,1.000,5.240,Run,NaN,NaN,1.598,1.000
31.361,0.010,0.600,-1.000,-1.000,5.230,Run,NaN,NaN,-0.398,1.000
31.371,0.010,0.600,1.000,1.000,5.240,Run,NaN,NaN,1.598,1.000
31.381,0.010,0.600,-1.000,-1.000,5.230,Run,NaN,NaN,-0.398,1.000
31.391,0.010,0.600,1.000,1.000,5.240,Run,NaN,NaN,1.598,1.000
31.401,0.010,0.600,-1.000,-1.000,5.230,Run,NaN,NaN,-0.398,1.000
31.411,0.010,0.600,1.000,1.000,5.240,Run,NaN,NaN,1.598,1.000
31.421,0.010,0.600,-1.000,-1.000,5.230,Run,NaN,NaN,-0.398,1.000
31.431,0.010,0.600,1.000,1.000,5.240,Run,NaN,NaN,1.598,1.000
31.441,0.010,0.600,-1.000,-1.000,5.230,Run,NaN,NaN,-0.398,1.000
31.451,0.010,0.600,1.000,1.000,5.240,Run,NaN,NaN,1.598,1.000
31.461,0.010,0.600,-1.000,-1.000,5.230,Run,NaN,NaN,-0.398,1.000
31.471,0.010,0.600,1.000,1.000,5.240,Run,NaN,NaN,1.598,1.000
31.481,0.010,0.600,-1.000,-1.000,5.230,Run,NaN,NaN,-0.398,1.000
31.491,0.010,0.600,1.000,1.000,5.240,Run,NaN,NaN,1.598,1.000
31.501,0.010,0.600,-1.000,-1.000,5.230,Run,NaN,NaN,-0.398,1.000
31.511,0.010,0.600,1.000,1.000,5.240,Run,NaN,NaN,1.598,1.000
31.521,0.010,0.600,-1.000,-1.000,5.230,Run,NaN,NaN,-0.398,1.000
31.531,0.010,0.600,1.000,1.000,5.240,Run,NaN,NaN,1.598,1.000
31.541,0.010,0.600,-1.000,-1.000,5.230,Run,NaN,NaN,-0.398,1.000
31.551,0.010,0.600,1.000,1.000,5.240,Run,NaN,NaN,1.598,1.000
31.561,0.010,0.600,-1.000,-1.000,5.230,Run,NaN,NaN,-0.398,1.000
31.571,0.010,0.600,1.000,1.000,5.240,Run,NaN,NaN,1.598,1.000
31.581,0.010,0.600,-1.000,-1.000,5.230,Run,NaN,NaN,-0.398,1.000
31.591,0.010,0.600,1.000,1.000,5.240,Run,NaN,NaN,1.598,1.000
31.601,0.010,0.600,-1.000,-1.000,5.230,Run,NaN,NaN,-0.398,1.000
31.611,0.010,0.600,1.000,1.000,5.240,Run,NaN,NaN,1.598,1.000
31.621,0.010,0.600,-1.000,-1.000,5.230,Run,NaN,NaN,-0.398,1.000
31.631,0.010,0.600,1.000,1.000,5.240,Run,NaN,NaN,1.598,1.000
31.641,0.010,0.600,-1.000,-1.000,5.230,Run,NaN,NaN,-0.398,1.000
31.651,0.010,0.600,1.000,1.000,5.240,Run,NaN,NaN,1.598,1.000
31.661,0.010,0.600,-1.000,-1.000,5.230,Run,NaN,NaN,-0.398,1.000
31.671,0.010,0.600,1.000,1.000,5.240,Run,NaN,NaN,1.598,1.000
31.681,0.010,0.600,-1.000,-1.000,5.230,Run,NaN,NaN,-0.398,1.000
31.691,0.010,0.600,1.000,1.000,5.240,Run,NaN,NaN,1.598,1.000
31.701,0.010,0.600,-1.000,-1.000,5.230,Run,NaN,NaN,-0.398,1.000
31.711,0.010,0.600,1.000,1.000,5.240,Run,NaN,NaN,1.598,1.000
31.721,0.010,0.600,-1.000,-1.000,5.230,Run,NaN,NaN,-0.398,1.000
31.731,0.010,0.600,1.000,1.000,5.240,Run,NaN,NaN,1.598,1.000
31.741,0.010,0.600,-1.000,-1.000,5.230,Run,NaN,NaN,-0.398,1.000
31.751,0.010,0.600,1.000,1.000,5.240,Run,NaN,NaN,1.598,1.000
31.761,0.010,0.600,-1.000,-1.000,5.230,Run,NaN,NaN,-0.398,1.000
31.771,0.010,0.600,1.000,1.000,5.240,Run,NaN,NaN,1.598,1.000
31.781,0.010,0.600,-1.000,-1.000,5.230,Run,NaN,NaN,-0.398,1.000
31.791,0.010,0.600,1.000,1.000,5.240,Run,NaN,NaN,1.598,1.000
31.801,0.010,0.600,-1.000,-1.000,5.230,Run,NaN,NaN,-0.398,1.000
31.811,0.010,0.600,1.000,1.000,5.240,Run,NaN,NaN,1.598,1.000
31.821,0.010,0.600,-1.000,-1.000,5.230,Run,NaN,NaN,-0.398,1.000
31.831,0.010,0.600,1.000,1.000,5.240,Run,NaN,NaN,1.598,1.000
31.841,0.010,0.600,-1.000,-1.000,5.230,Run,NaN,NaN,-0.398,1.000
31.851,0.010,0.600,1.000,1.000,5.240,Run,NaN,NaN,1.598,1.000
31.861,0.010,0.600,-1.000,-1.000,5.230,Run,NaN,NaN,-0.398,1.000
31.871,0.010,0.600,1.000,1.000,5.240,Run,NaN,NaN,1.598,1.000
31.881,0.010,0.600,-1.000,-1.000,5.230,Run,NaN,NaN,-0.398,1.000
31.891,0.010,0.600,1.000,1.000,5.240,Run,NaN,NaN,1.598,1.000
31.901,0.010,0.600,-1.000,-1.000,5.230,Run,NaN,NaN,-0.398,1.000
31.911,0.010,0.600,1.000,1.000,5.240,Run,NaN,NaN,1.598,1.000
31.921,0.010,0.600,-1.000,-1.000,5.230,Run,NaN,NaN,-0.398,1.000
31.931,0.010,0.600,1.000,1.000,5.240,Run,NaN,NaN,1.598,1.000
31.941,0.010,0.600,-1.000,-1.000,5.230,Run,NaN,NaN,-0.398,1.000
31.951,0.010,0.600,1.000,1.000,5.240,Run,NaN,NaN,1.598,1.000
31.961,0.010,0.600,-1.000,-1.000,5.230,Run,NaN,NaN,-0.398,1.000
31.971,0.010,0.600,1.000,1.000,5.240,Run,NaN,NaN,1.598,1.000
31.981,0.010,0.600,-1.000,-1.000,5.230,Run,NaN,NaN,-0.398,1.000
31.991,0.010,0.600,1.000,1.000,5.240,Run,NaN,NaN,1.598,1.000
32.001,0.010,0.600,-1.000,-1.000,5.230,Run,NaN,NaN,-0.398,1.000
32.011,0.010,0.600,1.000,1.000,5.240,Run,NaN,NaN,1.598,1.000
32.021,0.010,0.600,-1.000,-1.000,5.230,Run,NaN,NaN,-0.398,1.000
32.031,0.010,0.600,1.000,1.000,5.240,Run,NaN,NaN,1.598,1.000
32.041,0.010,0.600,-1.000,-1.000,5.230,Run,NaN,NaN,-0.398,1.000
32.051,0.010,0.600,1.000,1.000,5.240,Run,NaN,NaN,1.598,1.000
32.061,0.010,0.600,-1.000,-1.000,5.230,Run,NaN,NaN,-0.398,1.000
32.071,0.010,0.600,1.000,1.000,5.240,Run,NaN,NaN,1.598,1.000
32.081,0.010,0.600,-1.000,-1.000,5.230,Run,NaN,NaN,-0.398,1.000
32.091,0.010,0.600,1.000,1.000,5.240,Run,NaN,NaN,1.598,1.000
32.101,0.010,0.600,-1.000,-1.000,5.230,Run,NaN,NaN,-0.398,1.000
32.111,0.010,0.600,1.000,1.000,5.240,Run,NaN,NaN,1.598,1.000
32.121,0.010,0.600,-1.000,-1.000,5.230,Run,NaN,NaN,-0.398,1.000
32.131,0.010,0.600,1.000,1.000,5.240,Run,NaN,NaN,1.598,1.000
32.141,0.010,0.600,-1.000,-1.000,5.230,Run,NaN,NaN,-0.398,1.000
32.151,0.010,0.600,1.000,1.000,5.240,Run,NaN,NaN,1.598,1.000
32.161,0.010,0.600,-1.000,-1.000,5.230,Run,NaN,NaN,-0.398,1.000
32.171,0.010,0.600,1.000,1.000,5.240,Run,NaN,NaN,1.598,1.000
32.181,0.010,0.600,-1.000,-1.000,5.230,Run,NaN,NaN,-0.398,1.000
32.191,0.010,0.600,1.000,1.000,5.240,Run,NaN,NaN,1.598,1.000
32.201,0.010,0.600,-1.000,-1.000,5.230,Run,NaN,NaN,-0.398,1.000
32.211,0.010,0.600,1.000,1.000,5.240,Run,NaN,NaN,1.598,1.000
32.221,0.010,0.600,-1.000,-1.000,5.230,Run,NaN,NaN,-0.398,1.000
32.231,0.010,0.600,1.000,1.000,5.240,Run,NaN,NaN,1.598,1.000
32.241,0.010,0.600,-1.000,-1.000,5.230,Run,NaN,NaN,-0.398,1.000
32.251,0.010,0.600,1.000,1.000,5.240,Run,NaN,NaN,1.598,1.000
32.261,0.010,0.600,-1.000,-1.000,5.230,Run,NaN,NaN,-0.398,1.000
32.271,0.010,0.600,1.000,1.000,5.240,Run,NaN,NaN,1.598,1.000
32.281,0.010,0.600,-1.000,-1.000,5.230,Run,NaN,NaN,-0.398,1.000
32.291,0.010,0.600,1.000,1.000,5.240,Run,NaN,NaN,1.598,1.000
32.301,0.010,0.600,-1.000,-1.000,5.230,Run,NaN,NaN,-0.398,1.000
32.311,0.010,0.600,1.000,1.000,5.240,Run,NaN,NaN,1.598,1.000
32.321,0.010,0.600,-1.000,-1.000,5.230,Run,NaN,NaN,-0.398,1.000
32.331,0.010,0.600,1.000,1.000,5.240,Run,NaN,NaN,1.598,1.000
32.341,0.010,0.600,-1.000,-1.000,5.230,Run,NaN,NaN,-0.398,1.000
32.351,0.010,0.600,1.000,1.000,5.240,Run,NaN,NaN,1.598,1.000
32.361,0.010,0.600,-1.000,-1.000,5.230,Run,NaN,NaN,-0.398,1.000
32.371,0.010,0.600,1.000,1.000,5.240,Run,NaN,NaN,1.598,1.000
32.381,0.010,0.600,-1.000,-1.000,5.230,Run,NaN,NaN,-0.398,1.000
32.391,0.010,0.600,1.000,1.000,5.240,Run,NaN,NaN,1.598,1.000
32.401,0.010,0.600,-1.000,-1.000,5.230,Run,NaN,NaN,-0.398,1.000
32.411,0.010,0.600,1.000,1.000,5.240,Run,NaN,NaN,1.598,1.000
32.421,0.010,0.600,-1.000,-1.000,5.230,Run,NaN,NaN,-0.398,1.000
32.431,0.010,0.600,1.000,1.000,5.240,Run,NaN,NaN,1.598,1.000
32.441,0.010,0.600,-1.000,-1.000,5.230,Run,NaN,NaN,-0.398,1.000
32.451,0.010,0.600,1.000,1.000,5.240,Run,NaN,NaN,1.598,1.000
32.461,0.010,0.600,-1.000,-1.000,5.230,Run,NaN,NaN,-0.398,1.000
32.471,0.010,0.600,1.000,1.000,5.240,Run,NaN,NaN,1.598,1.000
32.481,0.010,0.600,-1.000,-1.000,5.230,Run,NaN,NaN,-0.398,1.000
32.491,0.010,0.600,1.000,1.000,5.240,Run,NaN,NaN,1.598,1.000
32.501,0.010,0.600,-1.000,-1.000,5.230,Run,NaN,NaN,-0.398,1.000
32.511,0.010,0.600,1.000,1.000,5.240,Run,NaN,NaN,1.598,1.000
32.521,0.010,0.600,-1.000,-1.000,5.230,Run,NaN,NaN,-0.398,1.000
32.531,0.010,0.600,1.000,1.000,5.240,Run,NaN,NaN,1.598,1.000
32.541,0.010,0.600,-1.000,-1.000,5.230,Run,NaN,NaN,-0.398,1.000
32.551,0.010,0.600,1.000,1.000,5.240,Run,NaN,NaN,1.598,1.000
32.561,0.010,0.600,-1.000,-1.000,5.230,Run,NaN,NaN,-0.398,1.000
32.571,0.010,0.600,1.000,1.000,5.240,Run,NaN,NaN,1.598,1.000
32.581,0.010,0.600,-1.000,-1.000,5.230,Run,NaN,NaN,-0.398,1.000
32.591,0.010,0.600,1.000,1.000,5.240,Run,NaN,NaN,1.598,1.000
32.601,0.010,0.600,-1.000,-1.000,5.230,Run,NaN,NaN,-0.398,1.000
32.611,0.010,0.600,1.000,1.000,5.240,Run,NaN,NaN,1.598,1.000
32.621,0.010,0.600,-1.000,-1.000,5.230,Run,NaN,NaN,-0.398,1.000
32.631,0.010,0.600,1.000,1.000,5.240,Run,NaN,NaN,1.598,1.000
32.641,0.010,0.600,-1.000,-1.000,5.230,Run,NaN,NaN,-0.398,1.000
32.651,0.010,0.600,1.000,1.000,5.240,Run,NaN,NaN,1.598,1.000
32.661,0.010,0.600,-1.000,-1.000,5.230,Run,NaN,NaN,-0.398,1.000
32.671,0.010,0.600,1.000,1.000,5.240,Run,NaN,NaN,1.598,1.000
32.681,0.010,0.600,-1.000,-1.000,5.230,Run,NaN,NaN,-0.398,1.000
32.691,0.010,0.600,1.000,1.000,5.240,Run,NaN,NaN,1.598,1.000
32.701,0.010,0.600,-1.000,-1.000,5.230,Run,NaN,NaN,-0.398,1.000
32.711,0.010,0.600,1.000,1.000,5.240,Run,NaN,NaN,1.598,1.000
32.721,0.010,0.600,-1.000,-1.000,5.230,Run,NaN,NaN,-0.398,1.000
32.731,0.010,0.600,1.000,1.000,5.240,Run,NaN,NaN,1.598,1.000
32.741,0.010,0.600,-1.000,-1.000,5.230,Run,NaN,NaN,-0.398,1.000
32.751,0.010,0.600,1.000,1.000,5.240,Run,NaN,NaN,1.598,1.000
32.761,0.010,0.600,-1.000,-1.000,5.230,Run,NaN,NaN,-0.398,1.000
32.771,0.010,0.600,1.000,1.000,5.240,Run,NaN,NaN,1.598,1.000
32.781,0.010,0.600,-1.000,-1.000,5.230,Run,NaN,NaN,-0.398,1.000
32.791,0.010,0.600,1.000,1.000,5.240,Run,NaN,NaN,1.598,1.000
32.801,0.010,0.600,-1.000,-1.000,5.230,Run,NaN,NaN,-0.398,1.000
32.811,0.010,0.600,1.000,1.000,5.240,Run,NaN,NaN,1.598,1.000
32.820,0.010,0.600,-1.000,-1.000,5.230,Run,NaN,NaN,-0.398,1.000
32.830,0.010,0.600,1.000,1.000,5.240,Run,NaN,NaN,1.598,1.000
32.840,0.010,0.600,-1.000,-1.000,5.230,Run,NaN,NaN,-0.398,1.000
32.850,0.010,0.600,1.000,1.000,5.240,Run,NaN,NaN,1.598,1.000
32.860,0.010,0.600,-1.000,-1.000,5.230,Run,NaN,NaN,-0.398,1.000
32.870,0.010,0.600,1.000,1.000,5.240,Run,NaN,NaN,1.598,1.000
32.880,0.010,0.600,-1.000,-1.000,5.230,Run,NaN,NaN,-0.398,1.000
32.890,0.010,0.600,1.000,1.000,5.240,Run,NaN,NaN,1.598,1.000
32.900,0.010,0.600,-1.000,-1.000,5.230,Run,NaN,NaN,-0.398,1.000
32.910,0.010,0.600,1.000,1.000,5.240,Run,NaN,NaN,1.598,1.000
32.920,0.010,0.600,-1.000,-1.000,5.230,Run,NaN,NaN,-0.398,1.000
32.930,0.010,0.600,1.000,1.000,5.240,Run,NaN,NaN,1.598,1.000
32.940,0.010,0.600,-1.000,-1.000,5.230,Run,NaN,NaN,-0.398,1.000
32.950,0.010,0.600,1.000,1.000,5.240,Run,NaN,NaN,1.598,1.000
32.960,0.010,0.600,-1.000,-1.000,5.230,Run,NaN,NaN,-0.398,1.000
32.970,0.010,0.600,1.000,1.000,5.240,Run,NaN,NaN,1.598,1.000
32.980,0.010,0.600,-1.000,-1.000,5.230,Run,NaN,NaN,-0.398,1.000
32.990,0.010,0.600,1.000,1.000,5.240,Run,NaN,NaN,1.598,1.000
33.000,0.010,0.600,-1.000,-1.000,5.230,Run,NaN,NaN,-0.398,1.000
33.010,0.010,0.600,1.000,1.000,5.240,Run,NaN,NaN,1.598,1.000
33.020,0.010,0.600,-1.000,-1.000,5.230,Run,NaN,NaN,-0.398,1.000
33.030,0.010,0.600,1.000,1.000,5.240,Run,NaN,NaN,1.598,1.000
33.040,0.010,0.600,-1.000,-1.000,5.230,Run,NaN,NaN,-0.398,1.000
33.050,0.010,0.600,1.000,1.000,5.240,Run,NaN,NaN,1.598,1.000
33.060,0.010,0.600,-1.000,-1.000,5.230,Run,NaN,NaN,-0.398,1.000
33.070,0.010,0.600,1.000,1.000,5.240,Run,NaN,NaN,1.598,1.000
33.080,0.010,0.600,-1.000,-1.000,5.230,Run,NaN,NaN,-0.398,1.000
33.090,0.010,0.600,1.000,1.000,5.240,Run,NaN,NaN,1.598,1.000
33.100,0.010,0.600,-1.000,-1.000,5.230,Run,NaN,NaN,-0.398,1.000
33.110,0.010,0.600,1.000,1.000,5.240,Run,NaN,NaN,1.598,1.000
33.120,0.010,0.600,-1.000,-1.000,5.230,Run,NaN,NaN,-0.398,1.000
33.130,0.010,0.600,1.000,1.000,5.240,Run,NaN,NaN,1.598,1.000
33.140,0.010,0.600,-1.000,-1.000,5.230,Run,NaN,NaN,-0.398,1.000
33.150,0.010,0.600,1.000,1.000,5.240,Run,NaN,NaN,1.598,1.000
33.160,0.010,0.600,-1.000,-1.000,5.230,Run,NaN,NaN,-0.398,1.000
33.170,0.010,0.600,1.000,1.000,5.240,Run,NaN,NaN,1.598,1.000
33.180,0.010,0.600,-1.000,-1.000,5.230,Run,NaN,NaN,-0.398,1.000
33.190,0.010,0.600,1.000,1.000,5.240,Run,NaN,NaN,1.598,1.000
33.200,0.010,0.600,-1.000,-1.000,5.230,Run,NaN,NaN,-0.398,1.000
33.210,0.010,0.600,1.000,1.000,5.240,Run,NaN,NaN,1.598,1.000
33.220,0.010,0.600,-1.000,-1.000,5.230,Run,NaN,NaN,-0.398,1.000
33.230,0.010,0.600,1.000,1.000,5.240,Run,NaN,NaN,1.598,1.000
33.240,0.010,0.600,-1.000,-1.000,5.230,Run,NaN,NaN,-0.398,1.000
33.250,0.010,0.600,1.000,1.000,5.240,Run,NaN,NaN,1.598,1.000
33.260,0.010,0.600,-1.000,-1.000,5.230,Run,NaN,NaN,-0.398,1.000
33.270,0.010,0.600,1.000,1.000,5.240,Run,NaN,NaN,1.598,1.000
33.280,0.010,0.600,-1.000,-1.000,5.230,Run,NaN,NaN,-0.398,1.000
33.290,0.010,0.600,1.000,1.000,5.240,Run,NaN,NaN,1.598,1.000
33.300,0.010,0.600,-1.000,-1.000,5.230,Run,NaN,NaN,-0.398,1.000
33.310,0.010,0.600,1.000,1.000,5.240,Run,NaN,NaN,1.598,1.000
33.320,0.010,0.600,-1.000,-1.000,5.230,Run,NaN,NaN,-0.398,1.000
33.330,0.010,0.600,1.000,1.000,5.240,Run,NaN,NaN,1.598,1.000
33.340,0.010,0.600,-1.000,-1.000,5.230,Run,NaN,NaN,-0.398,1.000
33.350,0.010,0.600,1.000,1.000,5.240,Run,NaN,NaN,1.598,1.000
33.360,0.010,0.600,-1.000,-1.000,5.230,Run,NaN,NaN,-0.398,1.000
33.370,0.010,0.600,1.000,1.000,5.240,Run,NaN,NaN,1.598,1.000
33.380,0.010,0.600,-1.000,-1.000,5.230,Run,NaN,NaN,-0.398,1.000
33.390,0.010,0.600,1.000,1.000,5.240,Run,NaN,NaN,1.598,1.000
33.400,0.010,0.600,-1.000,-1.000,5.230,Run,NaN,NaN,-0.398,1.000
33.410,0.010,0.600,1.000,1.000,5.240,Run,NaN,NaN,1.598,1.000
33.420,0.010,0.600,-1.000,-1.000,5.230,Run,NaN,NaN,-0.398,1.000
33.430,0.010,0.600,1.000,1.000,5.240,Run,NaN,NaN,1.598,1.000
33.440,0.010,0.600,-1.000,-1.000,5.230,Run,NaN,NaN,-0.398,1.000
33.450,0.010,0.600,1.000,1.000,5.240,Run,NaN,NaN,1.598,1.000
33.460,0.010,0.600,-1.000,-1.000,5.230,Run,NaN,NaN,-0.398,1.000
33.470,0.010,0.600,1.000,1.000,5.240,Run,NaN,NaN,1.598,1.000
33.480,0.010,0.600,-1.000,-1.000,5.230,Run,NaN,NaN,-0.398,1.000
33.490,0.010,0.600,1.000,1.000,5.240,Run,NaN,NaN,1.598,1.000
33.500,0.010,0.600,-1.000,-1.000,5.230,Run,NaN,NaN,-0.398,1.000
33.510,0.010,0.600,1.000,1.000,5.240,Run,NaN,NaN,1.598,1.000
33.520,0.010,0.600,-1.000,-1.000,5.230,Run,NaN,NaN,-0.398,1.000
33.530,0.010,0.600,1.000,1.000,5.240,Run,NaN,NaN,1.598,1.000
33.540,0.010,0.600,-1.000,-1.000,5.230,Run,NaN,NaN,-0.398,1.000
33.550,0.010,0.600,1.000,1.000,5.240,Run,NaN,NaN,1.598,1.000
33.560,0.010,0.600,-1.000,-1.000,5.230,Run,NaN,NaN,-0.398,1.000
33.570,0.010,0.600,1.000,1.000,5.240,Run,NaN,NaN,1.598,1.000
33.580,0.010,0.600,-1.000,-1.000,5.230,Run,NaN,NaN,-0.398,1.000
33.590,0.010,0.600,1.000,1.000,5.240,Run,NaN,NaN,1.598,1.000
33.600,0.010,0.600,-1.000,-1.000,5.230,Run,NaN,NaN,-0.398,1.000
33.610,0.010,0.600,1.000,1.000,5.240,Run,NaN,NaN,1.598,1.000
33.620,0.010,0.600,-1.000,-1.000,5.230,Run,NaN,NaN,-0.398,1.000
33.630,0.010,0.600,1.000,1.000,5.240,Run,NaN,NaN,1.598,1.000
33.640,0.010,0.600,-1.000,-1.000,5.230,Run,NaN,NaN,-0.398,1.000
33.650,0.010,0.600,1.000,1.000,5.240,Run,NaN,NaN,1.598,1.000
33.660,0.010,0.600,-1.000,-1.000,5.230,Run,NaN,NaN,-0.398,1.000
33.670,0.010,0.600,1.000,1.000,5.240,Run,NaN,NaN,1.598,1.000
33.680,0.010,0.600,-1.000,-1.000,5.230,Run,NaN,NaN,-0.398,1.000
33.690,0.010,0.600,1.000,1.000,5.240,Run,NaN,NaN,1.598,1.000
33.700,0.010,0.600,-1.000,-1.000,5.230,Run,NaN,NaN,-0.398,1.000
33.710,0.010,0.600,1.000,1.000,5.240,Run,NaN,NaN,1.598,1.000
33.720,0.010,0.600,-1.000,-1.000,5.230,Run,NaN,NaN,-0.398,1.000
33.730,0.010,0.600,1.000,1.000,5.240,Run,NaN,NaN,1.598,1.000
33.740,0.010,0.600,-1.000,-1.000,5.230,Run,NaN,NaN,-0.398,1.000
33.750,0.010,0.600,1.000,1.000,5.240,Run,NaN,NaN,1.598,1.000
33.760,0.010,0.600,-1.000,-1.000,5.230,Run,NaN,NaN,-0.398,1.000
33.770,0.010,0.600,1.000,1.000,5.240,Run,NaN,NaN,1.598,1.000
33.780,0.010,0.600,-1.000,-1.000,5.230,Run,NaN,NaN,-0.398,1.000
33.790,0.010,0.600,1.000,1.000,5.240,Run,NaN,NaN,1.598,1.000
33.800,0.010,0.600,-1.000,-1.000,5.230,Run,NaN,NaN,-0.398,1.000
33.810,0.010,0.600,1.000,1.000,5.240,Run,NaN,NaN,1.598,1.000
33.820,0.010,0.600,-1.000,-1.000,5.230,Run,NaN,NaN,-0.398,1.000
33.830,0.010,0.600,1.000,1.000,5.240,Run,NaN,NaN,1.598,1.000
33.840,0.010,0.600,-1.000,-1.000,5.230,Run,NaN,NaN,-0.398,1.000
33.850,0.010,0.600,1.000,1.000,5.240,Run,NaN,NaN,1.598,1.000
33.860,0.010,0.600,-1.000,-1.000,5.230,Run,NaN,NaN,-0.398,1.000
33.870,0.010,0.600,1.000,1.000,5.240,Run,NaN,NaN,1.598,1.000
33.880,0.010,0.600,-1.000,-1.000,5.230,Run,NaN,NaN,-0.398,1.000
33.890,0.010,0.600,1.000,1.000,5.240,Run,NaN,NaN,1.598,1.000
33.900,0.010,0.600,-1.000,-1.000,5.230,Run,NaN,NaN,-0.398,1.000
33.910,0.010,0.600,1.000,1.000,5.240,Run,NaN,NaN,1.598,1.000
33.920,0.010,0.600,-1.000,-1.000,5.230,Run,NaN,NaN,-0.398,1.000
33.930,0.010,0.600,1.000,1.000,5.240,Run,NaN,NaN,1.598,1.000
33.940,0.010,0.600,-1.000,-1.000,5.230,Run,NaN,NaN,-0.398,1.000
33.950,0.010,0.600,1.000,1.000,5.240,Run,NaN,NaN,1.598,1.000
33.960,0.010,0.600,-1.000,-1.000,5.230,Run,NaN,NaN,-0.398,1.000
33.970,0.010,0.600,1.000,1.000,5.240,Run,NaN,NaN,1.598,1.000
33.980,0.010,0.600,-1.000,-1.000,5.230,Run,NaN,NaN,-0.398,1.000
33.990,0.010,0.600,1.000,1.000,5.240,Run,NaN,NaN,1.598,1.000
34.000,0.010,0.600,-1.000,-1.000,5.230,Run,NaN,NaN,-0.398,1.000
34.010,0.010,0.600,1.000,1.000,5.240,Run,NaN,NaN,1.598,1.000
34.020,0.010,0.600,-1.000,-1.000,5.230,Run,NaN,NaN,-0.398,1.000
34.030,0.010,0.600,1.000,1.000,5.240,Run,NaN,NaN,1.598,1.000
34.040,0.010,0.600,-1.000,-1.000,5.230,Run,NaN,NaN,-0.398,1.000
34.050,0.010,0.600,1.000,1.000,5.240,Run,NaN,NaN,1.598,1.000
34.060,0.010,0.600,-1.000,-1.000,5.230,Run,NaN,NaN,-0.398,1.000
34.070,0.010,0.600,1.000,1.000,5.240,Run,NaN,NaN,1.598,1.000
34.080,0.010,0.600,-1.000,-1.000,5.230,Run,NaN,NaN,-0.398,1.000
34.090,0.010,0.600,1.000,1.000,5.240,Run,NaN,NaN,1.598,1.000
34.100,0.010,0.600,-1.000,-1.000,5.230,Run,NaN,NaN,-0.398,1.000
34.110,0.010,0.600,1.000,1.000,5.240,Run,NaN,NaN,1.598,1.000
34.120,0.010,0.600,-1.000,-1.000,5.230,Run,NaN,NaN,-0.398,1.000
34.130,0.010,0.600,1.000,1.000,5.240,Run,NaN,NaN,1.598,1.000
34.140,0.010,0.600,-1.000,-1.000,5.230,Run,NaN,NaN,-0.398,1.000
34.150,0.010,0.600,1.000,1.000,5.240,Run,NaN,NaN,1.598,1.000
34.160,0.010,0.600,-1.000,-1.000,5.230,Run,NaN,NaN,-0.398,1.000
34.170,0.010,0.600,1.000,1.000,5.240,Run,NaN,NaN,1.598,1.000
34.180,0.010,0.600,-1.000,-1.000,5.230,Run,NaN,NaN,-0.398,1.000
34.190,0.010,0.600,1.000,1.000,5.240,Run,NaN,NaN,1.598,1.000
34.200,0.010,0.600,-1.000,-1.000,5.230,Run,NaN,NaN,-0.398,1.000
34.210,0.010,0.600,1.000,1.000,5.240,Run,NaN,NaN,1.598,1.000
34.220,0.010,0.600,-1.000,-1.000,5.230,Run,NaN,NaN,-0.398,1.000
34.230,0.010,0.600,1.000,1.000,5.240,Run,NaN,NaN,1.598,1.000
34.240,0.010,0.600,-1.000,-1.000,5.230,Run,NaN,NaN,-0.398,1.000
34.250,0.010,0.600,1.000,1.000,5.240,Run,NaN,NaN,1.598,1.000
34.260,0.010,0.600,-1.000,-1.000,5.230,Run,NaN,NaN,-0.398,1.000
34.270,0.010,0.600,1.000,1.000,5.240,Run,NaN,NaN,1.598,1.000
34.280,0.010,0.600,-1.000,-1.000,5.230,Run,NaN,NaN,-0.398,1.000
34.290,0.010,0.600,1.000,1.000,5.240,Run,NaN,NaN,1.598,1.000
34.300,0.010,0.600,-1.000,-1.000,5.230,Run,NaN,NaN,-0.398,1.000
34.310,0.010,0.600,1.000,1.000,5.240,Run,NaN,NaN,1.598,1.000
34.320,0.010,0.600,-1.000,-1.000,5.230,Run,NaN,NaN,-0.398,1.000
34.330,0.010,0.600,1.000,1.000,5.240,Run,NaN,NaN,1.598,1.000
34.340,0.010,0.600,-1.000,-1.000,5.230,Run,NaN,NaN,-0.398,1.000
34.350,0.010,0.600,1.000,1.000,5.240,Run,NaN,NaN,1.598,1.000
34.360,0.010,0.600,-1.000,-1.000,5.230,Run,NaN,NaN,-0.398,1.000
34.370,0.010,0.600,1.000,1.000,5.240,Run,NaN,NaN,1.598,1.000
34.380,0.010,0.600,-1.000,-1.000,5.230,Run,NaN,NaN,-0.398,1.000
34.390,0.010,0.600,1.000,1.000,5.240,Run,NaN,NaN,1.598,1.000
34.400,0.010,0.600,-1.000,-1.000,5.230,Run,NaN,NaN,-0.398,1.000
34.410,0.010,0.600,1.000,1.000,5.240,Run,NaN,NaN,1.598,1.000
34.420,0.010,0.600,-1.000,-1.000,5.230,Run,NaN,NaN,-0.398,1.000
34.430,0.010,0.600,1.000,1.000,5.240,Run,NaN,NaN,1.598,1.000
34.440,0.010,0.600,-1.000,-1.000,5.230,Run,NaN,NaN,-0.398,1.000
34.450,0.010,0.600,1.000,1.000,5.240,Run,NaN,NaN,1.598,1.000
34.460,0.010,0.600,-1.000,-1.000,5.230,Run,NaN,NaN,-0.398,1.000
34.470,0.010,0.600,1.000,1.000,5.240,Run,NaN,NaN,1.598,1.000
34.480,0.010,0.600,-1.000,-1.000,5.230,Run,NaN,NaN,-0.398,1.000
34.490,0.010,0.600,1.000,1.000,5.240,Run,NaN,NaN,1.598,1.000
34.500,0.010,0.600,-1.000,-1.000,5.230,Run,NaN,NaN,-0.398,1.000
34.510,0.010,0.600,1.000,1.000,5.240,Run,NaN,NaN,1.598,1.000
34.520,0.010,0.600,-1.000,-1.000,5.230,Run,NaN,NaN,-0.398,1.000
34.530,0.010,0.600,1.000,1.000,5.240,Run,NaN,NaN,1.598,1.000
34.540,0.010,0.600,-1.000,-1.000,5.230,Run,NaN,NaN,-0.398,1.000
34.550,0.010,0.600,1.000,1.000,5.240,Run,NaN,NaN,1.598,1.000
34.560,0.010,0.600,-1.000,-1.000,5.230,Run,NaN,NaN,-0.398,1.000
34.570,0.010,0.600,1.000,1.000,5.240,Run,NaN,NaN,1.598,1.000
34.580,0.010,0.600,-1.000,-1.000,5.230,Run,NaN,NaN,-0.398,1.000
34.590,0.010,0.600,1.000,1.000,5.240,Run,NaN,NaN,1.598,1.000
34.600,0.010,0.600,-1.000,-1.000,5.230,Run,NaN,NaN,-0.398,1.000
34.610,0.010,0.600,1.000,1.000,5.240,Run,NaN,NaN,1.598,1.000
34.620,0.010,0.600,-1.000,-1.000,5.230,Run,NaN,NaN,-0.398,1.000
34.630,0.010,0.600,1.000,1.000,5.240,Run,NaN,NaN,1.598,1.000
34.640,0.010,0.600,-1.000,-1.000,5.230,Run,NaN,NaN,-0.398,1.000
34.650,0.010,0.600,1.000,1.000,5.240,Run,NaN,NaN,1.598,1.000
34.660,0.010,0.600,-1.000,-1.000,5.230,Run,NaN,NaN,-0.398,1.000
34.670,0.010,0.600,1.000,1.000,5.240,Run,NaN,NaN,1.598,1.000
34.680,0.010,0.600,-1.000,-1.000,5.230,Run,NaN,NaN,-0.398,1.000
34.690,0.010,0.600,1.000,1.000,5.240,Run,NaN,NaN,1.598,1.000
34.700,0.010,0.600,-1.000,-1.000,5.230,Run,NaN,NaN,-0.398,1.000
34.710,0.010,0.600,1.000,1.000,5.240,Run,NaN,NaN,1.598,1.000
34.720,0.010,0.600,-1.000,-1.000,5.230,Run,NaN,NaN,-0.398,1.000
34.730,0.010,0.600,1.000,1.000,5.240,Run,NaN,NaN,1.598,1.000
34.740,0.010,0.600,-1.000,-1.000,5.230,Run,NaN,NaN,-0.398,1.000
34.750,0.010,0.600,1.000,1.000,5.240,Run,NaN,NaN,1.598,1.000
34.760,0.010,0.600,-1.000,-1.000,5.230,Run,NaN,NaN,-0.398,1.000
34.770,0.010,0.600,1.000,1.000,5.240,Run,NaN,NaN,1.598,1.000
34.780,0.010,0.600,-1.000,-1.000,5.230,Run,NaN,NaN,-0.398,1.000
34.790,0.010,0.600,1.000,1.000,5.240,Run,NaN,NaN,1.598,1.000
34.800,0.010,0.600,-1.000,-1.000,5.230,Run,NaN,NaN,-0.398,1.000
34.810,0.010,0.600,1.000,1.000,5.240,Run,NaN,NaN,1.598,1.000
34.820,0.010,0.600,-1.000,-1.000,5.230,Run,NaN,NaN,-0.398,1.000
34.830,0.010,0.600,1.000,1.000,5.240,Run,NaN,NaN,1.598,1.000
34.840,0.010,0.600,-1.000,-1.000,5.230,Run,NaN,NaN,-0.398,1.000
34.850,0.010,0.600,1.000,1.000,5.240,Run,NaN,NaN,1.598,1.000
34.860,0.010,0.600,-1.000,-1.000,5.230,Run,NaN,NaN,-0.398,1.000
34.870,0.010,0.600,1.000,1.000,5.240,Run,NaN,NaN,1.598,1.000
34.880,0.010,0.600,-1.000,-1.000,5.230,Run,NaN,NaN,-0.398,1.000
34.890,0.010,0.600,1.000,1.000,5.240,Run,NaN,NaN,1.598,1.000
34.900,0.010,0.600,-1.000,-1.000,5.230,Run,NaN,NaN,-0.398,1.000
34.910,0.010,0.600,1.000,1.000,5.240,Run,NaN,NaN,1.598,1.000
34.920,0.010,0.600,-1.000,-1.000,5.230,Run,NaN,NaN,-0.398,1.000
34.930,0.010,0.600,1.000,1.000,5.240,Run,NaN,NaN,1.598,1.000
34.940,0.010,0.600,-1.000,-1.000,5.230,Run,NaN,NaN,-0.398,1.000
34.950,0.010,0.600,1.000,1.000,5.240,Run,NaN,NaN,1.598,1.000
34.960,0.010,0.600,-1.000,-1.000,5.230,Run,NaN,NaN,-0.398,1.000
34.970,0.010,0.600,1.000,1.000,5.240,Run,NaN,NaN,1.598,1.000
34.980,0.010,0.600,-1.000,-1.000,5.230,Run,NaN,NaN,-0.398,1.000
34.990,0.010,0.600,1.000,1.000,5.240,Run,NaN,NaN,1.598,1.000
35.000,0.010,0.600,-1.000,-1.000,5.230,Run,NaN,NaN,-0.398,1.000
35.010,0.010,0.600,1.000,1.000,5.240,Run,NaN,NaN,1.598,1.000
35.020,0.010,0.600,-1.000,-1.000,5.230,Run,NaN,NaN,-0.398,1.000
35.030,0.010,0.600,1.000,1.000,5.240,Run,NaN,NaN,1.598,1.000
35.040,0.010,0.600,-1.000,-1.000,5.230,Run,NaN,NaN,-0.398,1.000
35.050,0.010,0.600,1.000,1.000,5.240,Run,NaN,NaN,1.598,1.000
35.060,0.010,0.600,-1.000,-1.000,5.230,Run,NaN,NaN,-0.398,1.000
35.070,0.010,0.600,1.000,1.000,5.240,Run,NaN,NaN,1.598,1.000
35.080,0.010,0.600,-1.000,-1.000,5.230,Run,NaN,NaN,-0.398,1.000
35.090,0.010,0.600,1.000,1.000,5.240,Run,NaN,NaN,1.598,1.000
35.100,0.010,0.600,-1.000,-1.000,5.230,Run,NaN,NaN,-0.398,1.000
35.110,0.010,0.600,1.000,1.000,5.240,Run,NaN,NaN,1.598,1.000
35.120,0.010,0.600,-1.000,-1.000,5.230,Run,NaN,NaN,-0.398,1.000
35.130,0.010,0.600,1.000,1.000,5.240,Run,NaN,NaN,1.598,1.000
35.140,0.010,0.600,-1.000,-1.000,5.230,Run,NaN,NaN,-0.398,1.000
35.150,0.010,0.600,1.000,1.000,5.240,Run,NaN,NaN,1.598,1.000
35.160,0.010,0.600,-1.000,-1.000,5.230,Run,NaN,NaN,-0.398,1.000
35.170,0.010,0.600,1.000,1.000,5.240,Run,NaN,NaN,1.598,1.000
35.180,0.010,0.600,-1.000,-1.000,5.230,Run,NaN,NaN,-0.398,1.000
35.190,0.010,0.600,1.000,1.000,5.240,Run,NaN,NaN,1.598,1.000
35.200,0.010,0.600,-1.000,-1.000,5.230,Run,NaN,NaN,-0.398,1.000
35.210,0.010,0.600,1.000,1.000,5.240,Run,NaN,NaN,1.598,1.000
35.220,0.010,0.600,-1.000,-1.000,5.230,Run,NaN,NaN,-0.398,1.000
35.230,0.010,0.600,1.000,1.000,5.240,Run,NaN,NaN,1.598,1.000
35.240,0.010,0.600,-1.000,-1.000,5.230,Run,NaN,NaN,-0.398,1.000
35.250,0.010,0.600,1.000,1.000,5.240,Run,NaN,NaN,1.598,1.000
35.260,0.010,0.600,-1.000,-1.000,5.230,Run,NaN,NaN,-0.398,1.000
35.270,0.010,0.600,1.000,1.000,5.240,Run,NaN,NaN,1.598,1.000
35.280,0.010,0.600,-1.000,-1.000,5.230,Run,NaN,NaN,-0.398,1.000
35.290,0.010,0.600,1.000,1.000,5.240,Run,NaN,NaN,1.598,1.000
35.300,0.010,0.600,-1.000,-1.000,5.230,Run,NaN,NaN,-0.398,1.000
35.310,0.010,0.600,1.000,1.000,5.240,Run,NaN,NaN,1.598,1.000
35.320,0.010,0.600,-1.000,-1.000,5.230,Run,NaN,NaN,-0.398,1.000
35.330,0.010,0.600,1.000,1.000,5.240,Run,NaN,NaN,1.598,1.000
35.340,0.010,0.600,-1.000,-1.000,5.230,Run,NaN,NaN,-0.398,1.000
35.350,0.010,0.600,1.000,1.000,5.240,Run,NaN,NaN,1.598,1.000
35.360,0.010,0.600,-1.000,-1.000,5.230,Run,NaN,NaN,-0.398,1.000
35.370,0.010,0.600,1.000,1.000,5.240,Run,NaN,NaN,1.598,1.000
35.380,0.010,0.600,-1.000,-1.000,5.230,Run,NaN,NaN,-0.398,1.000
35.390,0.010,0.600,1.000,1.000,5.240,Run,NaN,NaN,1.598,1.000
35.400,0.010,0.600,-1.000,-1.000,5.230,Run,NaN,NaN,-0.398,1.000
35.410,0.010,0.600,1.000,1.000,5.240,Run,NaN,NaN,1.598,1.000
35.420,0.010,0.600,-1.000,-1.000,5.230,Run,NaN,NaN,-0.398,1.000
35.430,0.010,0.600,1.000,1.000,5.240,Run,NaN,NaN,1.598,1.000
35.440,0.010,0.600,-1.000,-1.000,5.230,Run,NaN,NaN,-0.398,1.000
35.450,0.010,0.600,1.000,1.000,5.240,Run,NaN,NaN,1.598,1.000
35.460,0.010,0.600,-1.000,-1.000,5.230,Run,NaN,NaN,-0.398,1.000
35.470,0.010,0.600,1.000,1.000,5.240,Run,NaN,NaN,1.598,1.000
35.480,0.010,0.600,-1.000,-1.000,5.230,Run,NaN,NaN,-0.398,1.000
35.490,0.010,0.600,1.000,1.000,5.240,Run,NaN,NaN,1.598,1.000
35.500,0.010,0.600,-1.000,-1.000,5.230,Run,NaN,NaN,-0.398,1.000
35.510,0.010,0.600,1.000,1.000,5.240,Run,NaN,NaN,1.598,1.000
35.520,0.010,0.600,-1.000,-1.000,5.230,Run,NaN,NaN,-0.398,1.000
35.530,0.010,0.600,1.000,1.000,5.240,Run,NaN,NaN,1.598,1.000
35.540,0.010,0.600,-1.000,-1.000,5.230,Run,NaN,NaN,-0.398,1.000
35.550,0.010,0.600,1.000,1.000,5.240,Run,NaN,NaN,1.598,1.000
35.560,0.010,0.600,-1.000,-1.000,5.230,Run,NaN,NaN,-0.398,1.000
35.570,0.010,0.600,1.000,1.000,5.240,Run,NaN,NaN,1.598,1.000
35.580,0.010,0.600,-1.000,-1.000,5.230,Run,NaN,NaN,-0.398,1.000
35.590,0.010,0.600,1.000,1.000,5.240,Run,NaN,NaN,1.598,1.000
35.600,0.010,0.600,-1.000,-1.000,5.230,Run,NaN,NaN,-0.398,1.000
35.610,0.010,0.600,1.000,1.000,5.240,Run,NaN,NaN,1.598,1.000
35.620,0.010,0.600,-1.000,-1.000,5.230,Run,NaN,NaN,-0.398,1.000
35.630,0.010,0.600,1.000,1.000,5.240,Run,NaN,NaN,1.598,1.000
35.640,0.010,0.600,-1.000,-1.000,5.230,Run,NaN,NaN,-0.398,1.000
35.650,0.010,0.600,1.000,1.000,5.240,Run,NaN,NaN,1.598,1.000
35.660,0.010,0.600,-1.000,-1.000,5.230,Run,NaN,NaN,-0.398,1.000
35.670,0.010,0.600,1.000,1.000,5.240,Run,NaN,NaN,1.598,1.000
35.680,0.010,0.600,-1.000,-1.000,5.230,Run,NaN,NaN,-0.398,1.000
35.690,0.010,0.600,1.000,1.000,5.240,Run,NaN,NaN,1.598,1.000
35.700,0.010,0.600,-1.000,-1.000,5.230,Run,NaN,NaN,-0.398,1.000
35.710,0.010,0.600,1.000,1.000,5.240,Run,NaN,NaN,1.598,1.000
35.720,0.010,0.600,-1.000,-1.000,5.230,Run,NaN,NaN,-0.398,1.000
35.730,0.010,0.600,1.000,1.000,5.240,Run,NaN,NaN,1.598,1.000
35.740,0.010,0.600,-1.000,-1.000,5.230,Run,NaN,NaN,-0.398,1.000
35.750,0.010,0.600,1.000,1.000,5.240,Run,NaN,NaN,1.598,1.000
35.760,0.010,0.600,-1.000,-1.000,5.230,Run,NaN,NaN,-0.398,1.000
35.770,0.010,0.600,1.000,1.000,5.240,Run,NaN,NaN,1.598,1.000
35.780,0.010,0.600,-1.000,-1.000,5.230,Run,NaN,NaN,-0.398,1.000
35.790,0.010,0.600,1.000,1.000,5.240,Run,NaN,NaN,1.598,1.000
35.800,0.010,0.600,-1.000,-1.000,5.230,Run,NaN,NaN,-0.398,1.000
35.810,0.010,0.600,1.000,1.000,5.240,Run,NaN,NaN,1.598,1.000
35.820,0.010,0.600,-1.000,-1.000,5.230,Run,NaN,NaN,-0.398,1.000
35.830,0.010,0.600,1.000,1.000,5.240,Run,NaN,NaN,1.598,1.000
35.840,0.010,0.600,-1.000,-1.000,5.230,Run,NaN,NaN,-0.398,1.000
35.850,0.010,0.600,1.000,1.000,5.240,Run,NaN,NaN,1.598,1.000
35.860,0.010,0.600,-1.000,-1.000,5.230,Run,NaN,NaN,-0.398,1.000
35.870,0.010,0.600,1.000,1.000,5.240,Run,NaN,NaN,1.598,1.000
35.880,0.010,0.600,-1.000,-1.000,5.230,Run,NaN,NaN,-0.398,1.000
35.890,0.010,0.600,1.000,1.000,5.240,Run,NaN,NaN,1.598,1.000
35.900,0.010,0.600,-1.000,-1.000,5.230,Run,NaN,NaN,-0.398,1.000
35.910,0.010,0.600,1.000,1.000,5.240,Run,NaN,NaN,1.598,1.000
35.920,0.010,0.600,-1.000,-1.000,5.230,Run,NaN,NaN,-0.398,1.000
35.930,0.010,0.600,1.000,1.000,5.240,Run,NaN,NaN,1.598,1.000
35.940,0.010,0.600,-1.000,-1.000,5.230,Run,NaN,NaN,-0.398,1.000
35.950,0.010,0.600,1.000,1.000,5.240,Run,NaN,NaN,1.598,1.000
35.960,0.010,0.600,-1.000,-1.000,5.230,Run,NaN,NaN,-0.398,1.000
35.970,0.010,0.600,1.000,1.000,5.240,Run,NaN,NaN,1.598,1.000
35.980,0.010,0.600,-1.000,-1.000,5.230,Run,NaN,NaN,-0.398,1.000
35.990,0.010,0.600,1.000,1.000,5.240,Run,NaN,NaN,1.598,1.000
36.000,0.010,0.600,-1.000,-1.000,5.230,Run,NaN,NaN,-0.398,1.000
36.010,0.010,0.600,1.000,1.000,5.240,Run,NaN,NaN,1.598,1.000
36.020,0.010,0.600,-1.000,-1.000,5.230,Run,NaN,NaN,-0.398,1.000
36.030,0.010,0.600,1.000,1.000,5.240,Run,NaN,NaN,1.598,1.000
36.040,0.010,0.600,-1.000,-1.000,5.230,Run,NaN,NaN,-0.398,1.000
36.050,0.010,0.600,1.000,1.000,5.240,Run,NaN,NaN,1.598,1.000
36.060,0.010,0.600,-1.000,-1.000,5.230,Run,NaN,NaN,-0.398,1.000
36.070,0.010,0.600,1.000,1.000,5.240,Run,NaN,NaN,1.598,1.000
36.080,0.010,0.600,-1.000,-1.000,5.230,Run,NaN,NaN,-0.398,1.000
36.090,0.010,0.600,1.000,1.000,5.240,Run,NaN,NaN,1.598,1.000
36.100,0.010,0.600,-1.000,-1.000,5.230,Run,NaN,NaN,-0.398,1.000
36.110,0.010,0.600,1.000,1.000,5.240,Run,NaN,NaN,1.598,1.000
36.120,0.010,0.600,-1.000,-1.000,5.230,Run,NaN,NaN,-0.398,1.000
36.130,0.010,0.600,1.000,1.000,5.240,Run,NaN,NaN,1.598,1.000
36.140,0.010,0.600,-1.000,-1.000,5.230,Run,NaN,NaN,-0.398,1.000
36.150,0.010,0.600,1.000,1.000,5.240,Run,NaN,NaN,1.598,1.000
36.160,0.010,0.600,-1.000,-1.000,5.230,Run,NaN,NaN,-0.398,1.000
36.170,0.010,0.600,1.000,1.000,5.240,Run,NaN,NaN,1.598,1.000
36.180,0.010,0.600,-1.000,-1.000,5.230,Run,NaN,NaN,-0.398,1.000
36.190,0.010,0.600,1.000,1.000,5.240,Run,NaN,NaN,1.598,1.000
36.200,0.010,0.600,-1.000,-1.000,5.230,Run,NaN,NaN,-0.398,1.000
36.210,0.010,0.600,1.000,1.000,5.240,Run,NaN,NaN,1.598,1.000
36.220,0.010,0.600,-1.000,-1.000,5.230,Run,NaN,NaN,-0.398,1.000
36.230,0.010,0.600,1.000,1.000,5.240,Run,NaN,NaN,1.598,1.000
36.240,0.010,0.600,-1.000,-1.000,5.230,Run,NaN,NaN,-0.398,1.000
36.250,0.010,0.600,1.000,1.000,5.240,Run,NaN,NaN,1.598,1.000
36.260,0.010,0.600,-1.000,-1.000,5.230,Run,NaN,NaN,-0.398,1.000
36.270,0.010,0.600,1.000,1.000,5.240,Run,NaN,NaN,1.598,1.000
36.280,0.010,0.600,-1.000,-1.000,5.230,Run,NaN,NaN,-0.398,1.000
36.290,0.010,0.600,1.000,1.000,5.240,Run,NaN,NaN,1.598,1.000
36.300,0.010,0.600,-1.000,-1.000,5.230,Run,NaN,NaN,-0.398,1.000
36.310,0.010,0.600,1.000,1.000,5.240,Run,NaN,NaN,1.598,1.000
36.320,0.010,0.600,-1.000,-1.000,5.230,Run,NaN,NaN,-0.398,1.000
36.330,0.010,0.600,1.000,1.000,5.240,Run,NaN,NaN,1.598,1.000
36.340,0.010,0.600,-1.000,-1.000,5.230,Run,NaN,NaN,-0.398,1.000
36.350,0.010,0.600,1.000,1.000,5.240,Run,NaN,NaN,1.598,1.000
36.360,0.010,0.600,-1.000,-1.000,5.230,Run,NaN,NaN,-0.398,1.000
36.370,0.010,0.600,1.000,1.000,5.240,Run,NaN,NaN,1.598,1.000
36.380,0.010,0.600,-1.000,-1.000,5.230,Run,NaN,NaN,-0.398,1.000
36.390,0.010,0.600,1.000,1.000,5.240,Run,NaN,NaN,1.598,1.000
36.400,0.010,0.600,-1.000,-1.000,5.230,Run,NaN,NaN,-0.398,1.000
36.410,0.010,0.600,1.000,1.000,5.240,Run,NaN,NaN,1.598,1.000
36.420,0.010,0.600,-1.000,-1.000,5.230,Run,NaN,NaN,-0.398,1.000
36.430,0.010,0.600,1.000,1.000,5.240,Run,NaN,NaN,1.598,1.000
36.440,0.010,0.600,-1.000,-1.000,5.230,Run,NaN,NaN,-0.398,1.000
36.450,0.010,0.600,1.000,1.000,5.240,Run,NaN,NaN,1.598,1.000
36.460,0.010,0.600,-1.000,-1.000,5.230,Run,NaN,NaN,-0.398,1.000
36.470,0.010,0.600,1.000,1.000,5.240,Run,NaN,NaN,1.598,1.000
36.480,0.010,0.600,-1.000,-1.000,5.230,Run,NaN,NaN,-0.398,1.000
36.490,0.010,0.600,1.000,1.000,5.240,Run,NaN,NaN,1.598,1.000
36.500,0.010,0.600,-1.000,-1.000,5.230,Run,NaN,NaN,-0.398,1.000
36.510,0.010,0.600,1.000,1.000,5.240,Run,NaN,NaN,1.598,1.000
36.520,0.010,0.600,-1.000,-1.000,5.230,Run,NaN,NaN,-0.398,1.000
36.530,0.010,0.600,1.000,1.000,5.240,Run,NaN,NaN,1.598,1.000
36.540,0.010,0.600,-1.000,-1.000,5.230,Run,NaN,NaN,-0.398,1.000
36.550,0.010,0.600,1.000,1.000,5.240,Run,NaN,NaN,1.598,1.000
36.560,0.010,0.600,-1.000,-1.000,5.230,Run,NaN,NaN,-0.398,1.000
36.570,0.010,0.600,1.000,1.000,5.240,Run,NaN,NaN,1.598,1.000
36.580,0.010,0.600,-1.000,-1.000,5.230,Run,NaN,NaN,-0.398,1.000
36.590,0.010,0.600,1.000,1.000,5.240,Run,NaN,NaN,1.598,1.000
36.600,0.010,0.600,-1.000,-1.000,5.230,Run,NaN,NaN,-0.398,1.000
36.610,0.010,0.600,1.000,1.000,5.240,Run,NaN,NaN,1.598,1.000
36.620,0.010,0.600,-1.000,-1.000,5.230,Run,NaN,NaN,-0.398,1.000
36.630,0.010,0.600,1.000,1.000,5.240,Run,NaN,NaN,1.598,1.000
36.640,0.010,0.600,-1.000,-1.000,5.230,Run,NaN,NaN,-0.398,1.000
36.650,0.010,0.600,1.000,1.000,5.240,Run,NaN,NaN,1.598,1.000
36.660,0.010,0.600,-1.000,-1.000,5.230,Run,NaN,NaN,-0.398,1.000
36.670,0.010,0.600,1.000,1.000,5.240,Run,NaN,NaN,1.598,1.000
36.680,0.010,0.600,-1.000,-1.000,5.230,Run,NaN,NaN,-0.398,1.000
36.690,0.010,0.600,1.000,1.000,5.240,Run,NaN,NaN,1.598,1.000
36.700,0.010,0.600,-1.000,-1.000,5.230,Run,NaN,NaN,-0.398,1.000
36.710,0.010,0.600,1.000,1.000,5.240,Run,NaN,NaN,1.598,1.000
36.720,0.010,0.600,-1.000,-1.000,5.230,Run,NaN,NaN,-0.398,1.000
36.730,0.010,0.600,1.000,1.000,5.240,Run,NaN,NaN,1.598,1.000
36.740,0.010,0.600,-1.000,-1.000,5.230,Run,NaN,NaN,-0.398,1.000
36.750,0.010,0.600,1.000,1.000,5.240,Run,NaN,NaN,1.598,1.000
36.760,0.010,0.600,-1.000,-1.000,5.230,Run,NaN,NaN,-0.398,1.000
36.770,0.010,0.600,1.000,1.000,5.240,Run,NaN,NaN,1.598,1.000
36.780,0.010,0.600,-1.000,-1.000,5.230,Run,NaN,NaN,-0.398,1.000
36.790,0.010,0.600,1.000,1.000,5.240,Run,NaN,NaN,1.598,1.000
36.800,0.010,0.600,-1.000,-1.000,5.230,Run,NaN,NaN,-0.398,1.000
36.810,0.010,0.600,1.000,1.000,5.240,Run,NaN,NaN,1.598,1.000
36.820,0.010,0.600,-1.000,-1.000,5.230,Run,NaN,NaN,-0.398,1.000
36.830,0.010,0.600,1.000,1.000,5.240,Run,NaN,NaN,1.598,1.000
36.840,0.010,0.600,-1.000,-1.000,5.230,Run,NaN,NaN,-0.398,1.000
36.850,0.010,0.600,1.000,1.000,5.240,Run,NaN,NaN,1.598,1.000
36.860,0.010,0.600,-1.000,-1.000,5.230,Run,NaN,NaN,-0.398,1.000
36.870,0.010,0.600,1.000,1.000,5.240,Run,NaN,NaN,1.598,1.000
36.880,0.010,0.600,-1.000,-1.000,5.230,Run,NaN,NaN,-0.398,1.000
36.890,0.010,0.600,1.000,1.000,5.240,Run,NaN,NaN,1.598,1.000
36.900,0.010,0.600,-1.000,-1.000,5.230,Run,NaN,NaN,-0.398,1.000
36.910,0.010,0.600,1.000,1.000,5.240,Run,NaN,NaN,1.598,1.000
36.920,0.010,0.600,-1.000,-1.000,5.230,Run,NaN,NaN,-0.398,1.000
36.930,0.010,0.600,1.000,1.000,5.240,Run,NaN,NaN,1.598,1.000
36.940,0.010,0.600,-1.000,-1.000,5.230,Run,NaN,NaN,-0.398,1.000
36.950,0.010,0.600,1.000,1.000,5.240,Run,NaN,NaN,1.598,1.000
36.960,0.010,0.600,-1.000,-1.000,5.230,Run,NaN,NaN,-0.398,1.000
36.970,0.010,0.600,1.000,1.000,5.240,Run,NaN,NaN,1.598,1.000
36.980,0.010,0.600,-1.000,-1.000,5.230,Run,NaN,NaN,-0.398,1.000
36.990,0.010,0.600,1.000,1.000,5.240,Run,NaN,NaN,1.598,1.000
37.000,0.010,0.600,-1.000,-1.000,5.230,Run,NaN,NaN,-0.398,1.000
37.010,0.010,0.600,1.000,1.000,5.240,Run,NaN,NaN,1.598,1.000
37.020,0.010,0.600,-1.000,-1.000,5.230,Run,NaN,NaN,-0.398,1.000
37.030,0.010,0.600,1.000,1.000,5.240,Run,NaN,NaN,1.598,1.000
37.040,0.010,0.600,-1.000,-1.000,5.230,Run,NaN,NaN,-0.398,1.000
37.050,0.010,0.600,1.000,1.000,5.240,Run,NaN,NaN,1.598,1.000
37.060,0.010,0.600,-1.000,-1.000,5.230,Run,NaN,NaN,-0.398,1.000
37.070,0.010,0.600,1.000,1.000,5.240,Run,NaN,NaN,1.598,1.000
37.080,0.010,0.600,-1.000,-1.000,5.230,Run,NaN,NaN,-0.398,1.000
37.090,0.010,0.600,1.000,1.000,5.240,Run,NaN,NaN,1.598,1.000
37.100,0.010,0.600,-1.000,-1.000,5.230,Run,NaN,NaN,-0.398,1.000
37.110,0.010,0.600,1.000,1.000,5.240,Run,NaN,NaN,1.598,1.000
37.120,0.010,0.600,-1.000,-1.000,5.230,Run,NaN,NaN,-0.398,1.000
37.130,0.010,0.600,1.000,1.000,5.240,Run,NaN,NaN,1.598,1.000
37.140,0.010,0.600,-1.000,-1.000,5.230,Run,NaN,NaN,-0.398,1.000
37.150,0.010,0.600,1.000,1.000,5.240,Run,NaN,NaN,1.598,1.000
37.160,0.010,0.600,-1.000,-1.000,5.230,Run,NaN,NaN,-0.398,1.000
37.170,0.010,0.600,1.000,1.000,5.240,Run,NaN,NaN,1.598,1.000
37.180,0.010,0.600,-1.000,-1.000,5.230,Run,NaN,NaN,-0.398,1.000
37.190,0.010,0.600,1.000,1.000,5.240,Run,NaN,NaN,1.598,1.000
37.200,0.010,0.600,-1.000,-1.000,5.230,Run,NaN,NaN,-0.398,1.000
37.210,0.010,0.600,1.000,1.000,5.240,Run,NaN,NaN,1.598,1.000
37.220,0.010,0.600,-1.000,-1.000,5.230,Run,NaN,NaN,-0.398,1.000
37.230,0.010,0.600,1.000,1.000,5.240,Run,NaN,NaN,1.598,1.000
37.240,0.010,0.600,-1.000,-1.000,5.230,Run,NaN,NaN,-0.398,1.000
37.250,0.010,0.600,1.000,1.000,5.240,Run,NaN,NaN,1.598,1.000
37.260,0.010,0.600,-1.000,-1.000,5.230,Run,NaN,NaN,-0.398,1.000
37.270,0.010,0.600,1.000,1.000,5.240,Run,NaN,NaN,1.598,1.000
37.280,0.010,0.600,-1.000,-1.000,5.230,Run,NaN,NaN,-0.398,1.000
37.290,0.010,0.600,1.000,1.000,5.240,Run,NaN,NaN,1.598,1.000
37.300,0.010,0.600,-1.000,-1.000,5.230,Run,NaN,NaN,-0.398,1.000
37.310,0.010,0.600,1.000,1.000,5.240,Run,NaN,NaN,1.598,1.000
37.320,0.010,0.600,-1.000,-1.000,5.230,Run,NaN,NaN,-0.398,1.000
37.330,0.010,0.600,1.000,1.000,5.240,Run,NaN,NaN,1.598,1.000
37.340,0.010,0.600,-1.000,-1.000,5.230,Run,NaN,NaN,-0.398,1.000
37.350,0.010,0.600,1.000,1.000,5.240,Run,NaN,NaN,1.598,1.000
37.360,0.010,0.600,-1.000,-1.000,5.230,Run,NaN,NaN,-0.398,1.000
37.370,0.010,0.600,1.000,1.000,5.240,Run,NaN,NaN,1.598,1.000
37.380,0.010,0.600,-1.000,-1.000,5.230,Run,NaN,NaN,-0.398,1.000
37.390,0.010,0.600,1.000,1.000,5.240,Run,NaN,NaN,1.598,1.000
37.400,0.010,0.600,-1.000,-1.000,5.230,Run,NaN,NaN,-0.398,1.000
37.410,0.010,0.600,1.000,1.000,5.240,Run,NaN,NaN,1.598,1.000
37.420,0.010,0.600,-1.000,-1.000,5.230,Run,NaN,NaN,-0.398,1.000
37.430,0.010,0.600,1.000,1.000,5.240,Run,NaN,NaN,1.598,1.000
37.440,0.010,0.600,-1.000,-1.000,5.230,Run,NaN,NaN,-0.398,1.000
37.450,0.010,0.600,1.000,1.000,5.240,Run,NaN,NaN,1.598,1.000
37.460,0.010,0.600,-1.000,-1.000,5.230,Run,NaN,NaN,-0.398,1.000
37.470,0.010,0.600,1.000,1.000,5.240,Run,NaN,NaN,1.598,1.000
37.480,0.010,0.600,-1.000,-1.000,5.230,Run,NaN,NaN,-0.398,1.000
37.490,0.010,0.600,1.000,1.000,5.240,Run,NaN,NaN,1.598,1.000
37.500,0.010,0.600,-1.000,-1.000,5.230,Run,NaN,NaN,-0.398,1.000
37.510,0.010,0.600,1.000,1.000,5.240,Run,NaN,NaN,1.598,1.000
37.520,0.010,0.600,-1.000,-1.000,5.230,Run,NaN,NaN,-0.398,1.000
37.530,0.010,0.600,1.000,1.000,5.240,Run,NaN,NaN,1.598,1.000
37.540,0.010,0.600,-1.000,-1.000,5.230,Run,NaN,NaN,-0.398,1.000
37.550,0.010,0.600,1.000,1.000,5.240,Run,NaN,NaN,1.598,1.000
37.560,0.010,0.600,-1.000,-1.000,5.230,Run,NaN,NaN,-0.398,1.000
37.570,0.010,0.600,1.000,1.000,5.240,Run,NaN,NaN,1.598,1.000
37.580,0.010,0.600,-1.000,-1.000,5.230,Run,NaN,NaN,-0.398,1.000
37.590,0.010,0.600,1.000,1.000,5.240,Run,NaN,NaN,1.598,1.000
37.600,0.010,0.600,-1.000,-1.000,5.230,Run,NaN,NaN,-0.398,1.000
37.610,0.010,0.600,1.000,1.000,5.240,Run,NaN,NaN,1.598,1.000
37.620,0.010,0.600,-1.000,-1.000,5.230,Run,NaN,NaN,-0.398,1.000
37.630,0.010,0.600,1.000,1.000,5.240,Run,NaN,NaN,1.598,1.000
37.640,0.010,0.600,-1.000,-1.000,5.230,Run,NaN,NaN,-0.398,1.000
37.650,0.010,0.600,1.000,1.000,5.240,Run,NaN,NaN,1.598,1.000
37.660,0.010,0.600,-1.000,-1.000,5.230,Run,NaN,NaN,-0.398,1.000
37.670,0.010,0.600,1.000,1.000,5.240,Run,NaN,NaN,1.598,1.000
37.680,0.010,0.600,-1.000,-1.000,5.230,Run,NaN,NaN,-0.398,1.000
37.690,0.010,0.600,1.000,1.000,5.240,Run,NaN,NaN,1.598,1.000
37.700,0.010,0.600,-1.000,-1.000,5.230,Run,NaN,NaN,-0.398,1.000
37.710,0.010,0.600,1.000,1.000,5.240,Run,NaN,NaN,1.598,1.000
37.720,0.010,0.600,-1.000,-1.000,5.230,Run,NaN,NaN,-0.398,1.000
37.730,0.010,0.600,1.000,1.000,5.240,Run,NaN,NaN,1.598,1.000
37.740,0.010,0.600,-1.000,-1.000,5.230,Run,NaN,NaN,-0.398,1.000
37.750,0.010,0.600,1.000,1.000,5.240,Run,NaN,NaN,1.598,1.000
37.760,0.010,0.600,-1.000,-1.000,5.230,Run,NaN,NaN,-0.398,1.000
37.770,0.010,0.600,1.000,1.000,5.240,Run,NaN,NaN,1.598,1.000
37.780,0.010,0.600,-1.000,-1.000,5.230,Run,NaN,NaN,-0.398,1.000
37.790,0.010,0.600,1.000,1.000,5.240,Run,NaN,NaN,1.598,1.000
37.800,0.010,0.600,-1.000,-1.000,5.230,Run,NaN,NaN,-0.398,1.000
37.810,0.010,0.600,1.000,1.000,5.240,Run,NaN,NaN,1.598,1.000
37.820,0.010,0.600,-1.000,-1.000,5.230,Run,NaN,NaN,-0.398,1.000
37.830,0.010,0.600,1.000,1.000,5.240,Run,NaN,NaN,1.598,1.000
37.840,0.010,0.600,-1.000,-1.000,5.230,Run,NaN,NaN,-0.398,1.000
37.850,0.010,0.600,1.000,1.000,5.240,Run,NaN,NaN,1.598,1.000
37.860,0.010,0.600,-1.000,-1.000,5.230,Run,NaN,NaN,-0.398,1.000
37.870,0.010,0.600,1.000,1.000,5.240,Run,NaN,NaN,1.598,1.000
37.880,0.010,0.600,-1.000,-1.000,5.230,Run,NaN,NaN,-0.398,1.000
37.890,0.010,0.600,1.000,1.000,5.240,Run,NaN,NaN,1.598,1.000
37.900,0.010,0.600,-1.000,-1.000,5.230,Run,NaN,NaN,-0.398,1.000
37.910,0.010,0.600,1.000,1.000,5.240,Run,NaN,NaN,1.598,1.000
37.920,0.010,0.600,-1.000,-1.000,5.230,Run,NaN,NaN,-0.398,1.000
37.930,0.010,0.600,1.000,1.000,5.240,Run,NaN,NaN,1.598,1.000
37.940,0.010,0.600,-1.000,-1.000,5.230,Run,NaN,NaN,-0.398,1.000
37.950,0.010,0.600,1.000,1.000,5.240,Run,NaN,NaN,1.598,1.000
37.960,0.010,0.600,-1.000,-1.000,5.230,Run,NaN,NaN,-0.398,1.000
37.970,0.010,0.600,1.000,1.000,5.240,Run,NaN,NaN,1.598,1.000
37.980,0.010,0.600,-1.000,-1.000,5.230,Run,NaN,NaN,-0.398,1.000
37.990,0.010,0.600,1.000,1.000,5.240,Run,NaN,NaN,1.598,1.000
38.000,0.010,0.600,-1.000,-1.000,5.230,Run,NaN,NaN,-0.398,1.000
38.010,0.010,0.600,1.000,1.000,5.240,Run,NaN,NaN,1.598,1.000
38.020,0.010,0.600,-1.000,-1.000,5.230,Run,NaN,NaN,-0.398,1.000
38.030,0.010,0.600,1.000,1.000,5.240,Run,NaN,NaN,1.598,1.000
38.040,0.010,0.600,-1.000,-1.000,5.230,Run,NaN,NaN,-0.398,1.000
38.050,0.010,0.600,1.000,1.000,5.240,Run,NaN,NaN,1.598,1.000
38.060,0.010,0.600,-1.000,-1.000,5.230,Run,NaN,NaN,-0.398,1.000
38.070,0.010,0.600,1.000,1.000,5.240,Run,NaN,NaN,1.598,1.000
38.080,0.010,0.600,-1.000,-1.000,5.230,Run,NaN,NaN,-0.398,1.000
38.090,0.010,0.600,1.000,1.000,5.240,Run,NaN,NaN,1.598,1.000
38.100,0.010,0.600,-1.000,-1.000,5.230,Run,NaN,NaN,-0.398,1.000
38.110,0.010,0.600,1.000,1.000,5.240,Run,NaN,NaN,1.598,1.000
38.120,0.010,0.600,-1.000,-1.000,5.230,Run,NaN,NaN,-0.398,1.000
38.130,0.010,0.600,1.000,1.000,5.240,Run,NaN,NaN,1.598,1.000
38.140,0.010,0.600,-1.000,-1.000,5.230,Run,NaN,NaN,-0.398,1.000
38.150,0.010,0.600,1.000,1.000,5.240,Run,NaN,NaN,1.598,1.000
38.160,0.010,0.600,-1.000,-1.000,5.230,Run,NaN,NaN,-0.398,1.000
38.170,0.010,0.600,1.000,1.000,5.240,Run,NaN,NaN,1.598,1.000
38.180,0.010,0.600,-1.000,-1.000,5.230,Run,NaN,NaN,-0.398,1.000
38.190,0.010,0.600,1.000,1.000,5.240,Run,NaN,NaN,1.598,1.000
38.200,0.010,0.600,-1.000,-1.000,5.230,Run,NaN,NaN,-0.398,1.000
38.210,0.010,0.600,1.000,1.000,5.240,Run,NaN,NaN,1.598,1.000
38.220,0.010,0.600,-1.000,-1.000,5.230,Run,NaN,NaN,-0.398,1.000
38.230,0.010,0.600,1.000,1.000,5.240,Run,NaN,NaN,1.598,1.000
38.240,0.010,0.600,-1.000,-1.000,5.230,Run,NaN,NaN,-0.398,1.000
38.250,0.010,0.600,1.000,1.000,5.240,Run,NaN,NaN,1.598,1.000
38.260,0.010,0.600,-1.000,-1.000,5.230,Run,NaN,NaN,-0.398,1.000
38.270,0.010,0.600,1.000,1.000,5.240,Run,NaN,NaN,1.598,1.000
38.280,0.010,0.600,-1.000,-1.000,5.230,Run,NaN,NaN,-0.398,1.000
38.290,0.010,0.600,1.000,1.000,5.240,Run,NaN,NaN,1.598,1.000
38.300,0.010,0.600,-1.000,-1.000,5.230,Run,NaN,NaN,-0.398,1.000
38.310,0.010,0.600,1.000,1.000,5.240,Run,NaN,NaN,1.598,1.000
38.320,0.010,0.600,-1.000,-1.000,5.230,Run,NaN,NaN,-0.398,1.000
38.330,0.010,0.600,1.000,1.000,5.240,Run,NaN,NaN,1.598,1.000
38.340,0.010,0.600,-1.000,-1.000,5.230,Run,NaN,NaN,-0.398,1.000
38.350,0.010,0.600,1.000,1.000,5.240,Run,NaN,NaN,1.598,1.000
38.360,0.010,0.600,-1.000,-1.000,5.230,Run,NaN,NaN,-0.398,1.000
38.370,0.010,0.600,1.000,1.000,5.240,Run,NaN,NaN,1.598,1.000
38.380,0.010,0.600,-1.000,-1.000,5.230,Run,NaN,NaN,-0.398,1.000
38.390,0.010,0.600,1.000,1.000,5.240,Run,NaN,NaN,1.598,1.000
38.400,0.010,0.600,-1.000,-1.000,5.230,Run,NaN,NaN,-0.398,1.000
38.410,0.010,0.600,1.000,1.000,5.240,Run,NaN,NaN,1.598,1.000
38.420,0.010,0.600,-1.000,-1.000,5.230,Run,NaN,NaN,-0.398,1.000
38.430,0.010,0.600,1.000,1.000,5.240,Run,NaN,NaN,1.598,1.000
38.440,0.010,0.600,-1.000,-1.000,5.230,Run,NaN,NaN,-0.398,1.000
38.450,0.010,0.600,1.000,1.000,5.240,Run,NaN,NaN,1.598,1.000
38.460,0.010,0.600,-1.000,-1.000,5.230,Run,NaN,NaN,-0.398,1.000
38.470,0.010,0.600,1.000,1.000,5.240,Run,NaN,NaN,1.598,1.000
38.480,0.010,0.600,-1.000,-1.000,5.230,Run,NaN,NaN,-0.398,1.000
38.490,0.010,0.600,1.000,1.000,5.240,Run,NaN,NaN,1.598,1.000
38.500,0.010,0.600,-1.000,-1.000,5.230,Run,NaN,NaN,-0.398,1.000
38.510,0.010,0.600,1.000,1.000,5.240,Run,NaN,NaN,1.598,1.000
38.520,0.010,0.600,-1.000,-1.000,5.230,Run,NaN,NaN,-0.398,1.000
38.530,0.010,0.600,1.000,1.000,5.240,Run,NaN,NaN,1.598,1.000
38.540,0.010,0.600,-1.000,-1.000,5.230,Run,NaN,NaN,-0.398,1.000
38.550,0.010,0.600,1.000,1.000,5.240,Run,NaN,NaN,1.598,1.000
38.560,0.010,0.600,-1.000,-1.000,5.230,Run,NaN,NaN,-0.398,1.000
38.570,0.010,0.600,1.000,1.000,5.240,Run,NaN,NaN,1.598,1.000
38.580,0.010,0.600,-1.000,-1.000,5.230,Run,NaN,NaN,-0.398,1.000
38.590,0.010,0.600,1.000,1.000,5.240,Run,NaN,NaN,1.598,1.000
38.600,0.010,0.600,-1.000,-1.000,5.230,Run,NaN,NaN,-0.398,1.000
38.610,0.010,0.600,1.000,1.000,5.240,Run,NaN,NaN,1.598,1.000
38.620,0.010,0.600,-1.000,-1.000,5.230,Run,NaN,NaN,-0.398,1.000
38.630,0.010,0.600,1.000,1.000,5.240,Run,NaN,NaN,1.598,1.000
38.640,0.010,0.600,-1.000,-1.000,5.230,Run,NaN,NaN,-0.398,1.000
38.650,0.010,0.600,1.000,1.000,5.240,Run,NaN,NaN,1.598,1.000
38.660,0.010,0.600,-1.000,-1.000,5.230,Run,NaN,NaN,-0.398,1.000
38.670,0.010,0.600,1.000,1.000,5.240,Run,NaN,NaN,1.598,1.000
38.680,0.010,0.600,-1.000,-1.000,5.230,Run,NaN,NaN,-0.398,1.000
38.690,0.010,0.600,1.000,1.000,5.240,Run,NaN,NaN,1.598,1.000
38.700,0.010,0.600,-1.000,-1.000,5.230,Run,NaN,NaN,-0.398,1.000
38.710,0.010,0.600,1.000,1.000,5.240,Run,NaN,NaN,1.598,1.000
38.720,0.010,0.600,-1.000,-1.000,5.230,Run,NaN,NaN,-0.398,1.000
38.730,0.010,0.600,1.000,1.000,5.240,Run,NaN,NaN,1.598,1.000
38.740,0.010,0.600,-1.000,-1.000,5.230,Run,NaN,NaN,-0.398,1.000
38.750,0.010,0.600,1.000,1.000,5.240,Run,NaN,NaN,1.598,1.000
38.760,0.010,0.600,-1.000,-1.000,5.230,Run,NaN,NaN,-0.398,1.000
38.770,0.010,0.600,1.000,1.000,5.240,Run,NaN,NaN,1.598,1.000
38.779,0.010,0.600,-1.000,-1.000,5.230,Run,NaN,NaN,-0.398,1.000
38.789,0.010,0.600,1.000,1.000,5.240,Run,NaN,NaN,1.598,1.000
38.799,0.010,0.600,-1.000,-1.000,5.230,Run,NaN,NaN,-0.398,1.000
38.809,0.010,0.600,1.000,1.000,5.240,Run,NaN,NaN,1.598,1.000
38.819,0.010,0.600,-1.000,-1.000,5.230,Run,NaN,NaN,-0.398,1.000
38.829,0.010,0.600,1.000,1.000,5.240,Run,NaN,NaN,1.598,1.000
38.839,0.010,0.600,-1.000,-1.000,5.230,Run,NaN,NaN,-0.398,1.000
38.849,0.010,0.600,1.000,1.000,5.240,Run,NaN,NaN,1.598,1.000
38.859,0.010,0.600,-1.000,-1.000,5.230,Run,NaN,NaN,-0.398,1.000
38.869,0.010,0.600,1.000,1.000,5.240,Run,NaN,NaN,1.598,1.000
38.879,0.010,0.600,-1.000,-1.000,5.230,Run,NaN,NaN,-0.398,1.000
38.889,0.010,0.600,1.000,1.000,5.240,Run,NaN,NaN,1.598,1.000
38.899,0.010,0.600,-1.000,-1.000,5.230,Run,NaN,NaN,-0.398,1.000
38.909,0.010,0.600,1.000,1.000,5.240,Run,NaN,NaN,1.598,1.000
38.919,0.010,0.600,-1.000,-1.000,5.230,Run,NaN,NaN,-0.398,1.000
38.929,0.010,0.600,1.000,1.000,5.240,Run,NaN,NaN,1.598,1.000
38.939,0.010,0.600,-1.000,-1.000,5.230,Run,NaN,NaN,-0.398,1.000
38.949,0.010,0.600,1.000,1.000,5.240,Run,NaN,NaN,1.598,1.000
38.959,0.010,0.600,-1.000,-1.000,5.230,Run,NaN,NaN,-0.398,1.000
38.969,0.010,0.600,1.000,1.000,5.240,Run,NaN,NaN,1.598,1.000
38.979,0.010,0.600,-1.000,-1.000,5.230,Run,NaN,NaN,-0.398,1.000
38.989,0.010,0.600,1.000,1.000,5.240,Run,NaN,NaN,1.598,1.000
38.999,0.010,0.600,-1.000,-1.000,5.230,Run,NaN,NaN,-0.398,1.000
39.009,0.010,0.600,1.000,1.000,5.240,Run,NaN,NaN,1.598,1.000
39.019,0.010,0.600,-1.000,-1.000,5.230,Run,NaN,NaN,-0.398,1.000
39.029,0.010,0.600,1.000,1.000,5.240,Run,NaN,NaN,1.598,1.000
39.039,0.010,0.600,-1.000,-1.000,5.230,Run,NaN,NaN,-0.398,1.000
39.049,0.010,0.600,1.000,1.000,5.240,Run,NaN,NaN,1.598,1.000
39.059,0.010,0.600,-1.000,-1.000,5.230,Run,NaN,NaN,-0.398,1.000
39.069,0.010,0.600,1.000,1.000,5.240,Run,NaN,NaN,1.598,1.000
39.079,0.010,0.600,-1.000,-1.000,5.230,Run,NaN,NaN,-0.398,1.000
39.089,0.010,0.600,1.000,1.000,5.240,Run,NaN,NaN,1.598,1.000
39.099,0.010,0.600,-1.000,-1.000,5.230,Run,NaN,NaN,-0.398,1.000
39.109,0.010,0.600,1.000,1.000,5.240,Run,NaN,NaN,1.598,1.000
39.119,0.010,0.600,-1.000,-1.000,5.230,Run,NaN,NaN,-0.398,1.000
39.129,0.010,0.600,1.000,1.000,5.240,Run,NaN,NaN,1.598,1.000
39.139,0.010,0.600,-1.000,-1.000,5.230,Run,NaN,NaN,-0.398,1.000
39.149,0.010,0.600,1.000,1.000,5.240,Run,NaN,NaN,1.598,1.000
39.159,0.010,0.600,-1.000,-1.000,5.230,Run,NaN,NaN,-0.398,1.000
39.169,0.010,0.600,1.000,1.000,5.240,Run,NaN,NaN,1.598,1.000
39.179,0.010,0.600,-1.000,-1.000,5.230,Run,NaN,NaN,-0.398,1.000
39.189,0.010,0.600,1.000,1.000,5.240,Run,NaN,NaN,1.598,1.000
39.199,0.010,0.600,-1.000,-1.000,5.230,Run,NaN,NaN,-0.398,1.000
39.209,0.010,0.600,1.000,1.000,5.240,Run,NaN,NaN,1.598,1.000
39.219,0.010,0.600,-1.000,-1.000,5.230,Run,NaN,NaN,-0.398,1.000
39.229,0.010,0.600,1.000,1.000,5.240,Run,NaN,NaN,1.598,1.000
39.239,0.010,0.600,-1.000,-1.000,5.230,Run,NaN,NaN,-0.398,1.000
39.249,0.010,0.600,1.000,1.000,5.240,Run,NaN,NaN,1.598,1.000
39.259,0.010,0.600,-1.000,-1.000,5.230,Run,NaN,NaN,-0.398,1.000
39.269,0.010,0.600,1.000,1.000,5.240,Run,NaN,NaN,1.598,1.000
39.279,0.010,0.600,-1.000,-1.000,5.230,Run,NaN,NaN,-0.398,1.000
39.289,0.010,0.600,1.000,1.000,5.240,Run,NaN,NaN,1.598,1.000
39.299,0.010,0.600,-1.000,-1.000,5.230,Run,NaN,NaN,-0.398,1.000
39.309,0.010,0.600,1.000,1.000,5.240,Run,NaN,NaN,1.598,1.000
39.319,0.010,0.600,-1.000,-1.000,5.230,Run,NaN,NaN,-0.398,1.000
39.329,0.010,0.600,1.000,1.000,5.240,Run,NaN,NaN,1.598,1.000
39.339,0.010,0.600,-1.000,-1.000,5.230,Run,NaN,NaN,-0.398,1.000
39.349,0.010,0.600,1.000,1.000,5.240,Run,NaN,NaN,1.598,1.000
39.359,0.010,0.600,-1.000,-1.000,5.230,Run,NaN,NaN,-0.398,1.000
39.369,0.010,0.600,1.000,1.000,5.240,Run,NaN,NaN,1.598,1.000
39.379,0.010,0.600,-1.000,-1.000,5.230,Run,NaN,NaN,-0.398,1.000
39.389,0.010,0.600,1.000,1.000,5.240,Run,NaN,NaN,1.598,1.000
39.399,0.010,0.600,-1.000,-1.000,5.230,Run,NaN,NaN,-0.398,1.000
39.409,0.010,0.600,1.000,1.000,5.240,Run,NaN,NaN,1.598,1.000
39.419,0.010,0.600,-1.000,-1.000,5.230,Run,NaN,NaN,-0.398,1.000
39.429,0.010,0.600,1.000,1.000,5.240,Run,NaN,NaN,1.598,1.000
39.439,0.010,0.600,-1.000,-1.000,5.230,Run,NaN,NaN,-0.398,1.000
39.449,0.010,0.600,1.000,1.000,5.240,Run,NaN,NaN,1.598,1.000
39.459,0.010,0.600,-1.000,-1.000,5.230,Run,NaN,NaN,-0.398,1.000
39.469,0.010,0.600,1.000,1.000,5.240,Run,NaN,NaN,1.598,1.000
39.479,0.010,0.600,-1.000,-1.000,5.230,Run,NaN,NaN,-0.398,1.000
39.489,0.010,0.600,1.000,1.000,5.240,Run,NaN,NaN,1.598,1.000
39.499,0.010,0.600,-1.000,-1.000,5.230,Run,NaN,NaN,-0.398,1.000
39.509,0.010,0.600,1.000,1.000,5.240,Run,NaN,NaN,1.598,1.000
39.519,0.010,0.600,-1.000,-1.000,5.230,Run,NaN,NaN,-0.398,1.000
39.529,0.010,0.600,1.000,1.000,5.240,Run,NaN,NaN,1.598,1.000
39.539,0.010,0.600,-1.000,-1.000,5.230,Run,NaN,NaN,-0.398,1.000
39.549,0.010,0.600,1.000,1.000,5.240,Run,NaN,NaN,1.598,1.000
39.559,0.010,0.600,-1.000,-1.000,5.230,Run,NaN,NaN,-0.398,1.000
39.569,0.010,0.600,1.000,1.000,5.240,Run,NaN,NaN,1.598,1.000
39.579,0.010,0.600,-1.000,-1.000,5.230,Run,NaN,NaN,-0.398,1.000
39.589,0.010,0.600,1.000,1.000,5.240,Run,NaN,NaN,1.598,1.000
39.599,0.010,0.600,-1.000,-1.000,5.230,Run,NaN,NaN,-0.398,1.000
39.609,0.010,0.600,1.000,1.000,5.240,Run,NaN,NaN,1.598,1.000
39.619,0.010,0.600,-1.000,-1.000,5.230,Run,NaN,NaN,-0.398,1.000
39.629,0.010,0.600,1.000,1.000,5.240,Run,NaN,NaN,1.598,1.000
39.639,0.010,0.600,-1.000,-1.000,5.230,Run,NaN,NaN,-0.398,1.000
39.649,0.010,0.600,1.000,1.000,5.240,Run,NaN,NaN,1.598,1.000
39.659,0.010,0.600,-1.000,-1.000,5.230,Run,NaN,NaN,-0.398,1.000
39.669,0.010,0.600,1.000,1.000,5.240,Run,NaN,NaN,1.598,1.000
39.679,0.010,0.600,-1.000,-1.000,5.230,Run,NaN,NaN,-0.398,1.000
39.689,0.010,0.600,1.000,1.000,5.240,Run,NaN,NaN,1.598,1.000
39.699,0.010,0.600,-1.000,-1.000,5.230,Run,NaN,NaN,-0.398,1.000
39.709,0.010,0.600,1.000,1.000,5.240,Run,NaN,NaN,1.598,1.000
39.719,0.010,0.600,-1.000,-1.000,5.230,Run,NaN,NaN,-0.398,1.000
39.729,0.010,0.600,1.000,1.000,5.240,Run,NaN,NaN,1.598,1.000
39.739,0.010,0.600,-1.000,-1.000,5.230,Run,NaN,NaN,-0.398,1.000
39.749,0.010,0.600,1.000,1.000,5.240,Run,NaN,NaN,1.598,1.000
39.759,0.010,0.600,-1.000,-1.000,5.230,Run,NaN,NaN,-0.398,1.000
39.769,0.010,0.600,1.000,1.000,5.240,Run,NaN,NaN,1.598,1.000
39.779,0.010,0.600,-1.000,-1.000,5.230,Run,NaN,NaN,-0.398,1.000
39.789,0.010,0.600,1.000,1.000,5.240,Run,NaN,NaN,1.598,1.000
39.799,0.010,0.600,-1.000,-1.000,5.230,Run,NaN,NaN,-0.398,1.000
39.809,0.010,0.600,1.000,1.000,5.240,Run,NaN,NaN,1.598,1.000
39.819,0.010,0.600,-1.000,-1.000,5.230,Run,NaN,NaN,-0.398,1.000
39.829,0.010,0.600,1.000,1.000,5.240,Run,NaN,NaN,1.598,1.000
39.839,0.010,0.600,-1.000,-1.000,5.230,Run,NaN,NaN,-0.398,1.000
39.849,0.010,0.600,1.000,1.000,5.240,Run,NaN,NaN,1.598,1.000
39.859,0.010,0.600,-1.000,-1.000,5.230,Run,NaN,NaN,-0.398,1.000
39.869,0.010,0.600,1.000,1.000,5.240,Run,NaN,NaN,1.598,1.000
39.879,0.010,0.600,-1.000,-1.000,5.230,Run,NaN,NaN,-0.398,1.000
39.889,0.010,0.600,1.000,1.000,5.240,Run,NaN,NaN,1.598,1.000
39.899,0.010,0.600,-1.000,-1.000,5.230,Run,NaN,NaN,-0.398,1.000
39.909,0.010,0.600,1.000,1.000,5.240,Run,NaN,NaN,1.598,1.000
39.919,0.010,0.600,-1.000,-1.000,5.230,Run,NaN,NaN,-0.398,1.000
39.929,0.010,0.600,1.000,1.000,5.240,Run,NaN,NaN,1.598,1.000
39.939,0.010,0.600,-1.000,-1.000,5.230,Run,NaN,NaN,-0.398,1.000
39.949,0.010,0.600,1.000,1.000,5.240,Run,NaN,NaN,1.598,1.000
39.959,0.010,0.600,-1.000,-1.000,5.230,Run,NaN,NaN,-0.398,1.000
39.969,0.010,0.600,1.000,1.000,5.240,Run,NaN,NaN,1.598,1.000
39.979,0.010,0.600,-1.000,-1.000,5.230,Run,NaN,NaN,-0.398,1.000
39.989,0.010,0.600,1.000,1.000,5.240,Run,NaN,NaN,1.598,1.000
39.999,0.010,0.600,-1.000,-1.000,5.230,Run,NaN,NaN,-0.398,1.000
40.009,0.010,0.600,1.000,1.000,5.240,Run,NaN,NaN,1.598,1.000
40.019,0.010,0.600,-1.000,-1.000,5.230,Run,NaN,NaN,-0.398,1.000
40.029,0.010,0.600,1.000,1.000,5.240,Run,NaN,NaN,1.598,1.000
40.039,0.010,0.600,-1.000,-1.000,5.230,Run,NaN,NaN,-0.398,1.000
40.049,0.010,0.600,1.000,1.000,5.240,Run,NaN,NaN,1.598,1.000
40.059,0.010,0.600,-1.000,-1.000,5.230,Run,NaN,NaN,-0.398,1.000
40.069,0.010,0.600,1.000,1.000,5.240,Run,NaN,NaN,1.598,1.000
40.079,0.010,0.600,-1.000,-1.000,5.230,Run,NaN,NaN,-0.398,1.000
40.089,0.010,0.600,1.000,1.000,5.240,Run,NaN,NaN,1.598,1.000
40.099,0.010,0.600,-1.000,-1.000,5.230,Run,NaN,NaN,-0.398,1.000
40.109,0.010,0.600,1.000,1.000,5.240,Run,NaN,NaN,1.598,1.000
40.119,0.010,0.600,-1.000,-1.000,5.230,Run,NaN,NaN,-0.398,1.000
40.129,0.010,0.600,1.000,1.000,5.240,Run,NaN,NaN,1.598,1.000
40.139,0.010,0.600,-1.000,-1.000,5.230,Run,NaN,NaN,-0.398,1.000
40.149,0.010,0.600,1.000,1.000,5.240,Run,NaN,NaN,1.598,1.000
40.159,0.010,0.600,-1.000,-1.000,5.230,Run,NaN,NaN,-0.398,1.000
40.169,0.010,0.600,1.000,1.000,5.240,Run,NaN,NaN,1.598,1.000
40.179,0.010,0.600,-1.000,-1.000,5.230,Run,NaN,NaN,-0.398,1.000
40.189,0.010,0.600,1.000,1.000,5.240,Run,NaN,NaN,1.598,1.000
40.199,0.010,0.600,-1.000,-1.000,5.230,Run,NaN,NaN,-0.398,1.000
40.209,0.010,0.600,1.000,1.000,5.240,Run,NaN,NaN,1.598,1.000
40.219,0.010,0.600,-1.000,-1.000,5.230,Run,NaN,NaN,-0.398,1.000
40.229,0.010,0.600,1.000,1.000,5.240,Run,NaN,NaN,1.598,1.000
40.239,0.010,0.600,-1.000,-1.000,5.230,Run,NaN,NaN,-0.398,1.000
40.249,0.010,0.600,1.000,1.000,5.240,Run,NaN,NaN,1.598,1.000
40.259,0.010,0.600,-1.000,-1.000,5.230,Run,NaN,NaN,-0.398,1.000
40.269,0.010,0.600,1.000,1.000,5.240,Run,NaN,NaN,1.598,1.000
40.279,0.010,0.600,-1.000,-1.000,5.230,Run,NaN,NaN,-0.398,1.000
40.289,0.010,0.600,1.000,1.000,5.240,Run,NaN,NaN,1.598,1.000
40.299,0.010,0.600,-1.000,-1.000,5.230,Run,NaN,NaN,-0.398,1.000
40.309,0.010,0.600,1.000,1.000,5.240,Run,NaN,NaN,1.598,1.000
40.319,0.010,0.600,-1.000,-1.000,5.230,Run,NaN,NaN,-0.398,1.000
40.329,0.010,0.600,1.000,1.000,5.240,Run,NaN,NaN,1.598,1.000
40.339,0.010,0.600,-1.000,-1.000,5.230,Run,NaN,NaN,-0.398,1.000
40.349,0.010,0.600,1.000,1.000,5.240,Run,NaN,NaN,1.598,1.000
40.359,0.010,0.600,-1.000,-1.000,5.230,Run,NaN,NaN,-0.398,1.000
40.369,0.010,0.600,1.000,1.000,5.240,Run,NaN,NaN,1.598,1.000
40.379,0.010,0.600,-1.000,-1.000,5.230,Run,NaN,NaN,-0.398,1.000
40.389,0.010,0.600,1.000,1.000,5.240,Run,NaN,NaN,1.598,1.000
40.399,0.010,0.600,-1.000,-1.000,5.230,Run,NaN,NaN,-0.398,1.000
40.409,0.010,0.600,1.000,1.000,5.240,Run,NaN,NaN,1.598,1.000
40.419,0.010,0.600,-1.000,-1.000,5.230,Run,NaN,NaN,-0.398,1.000
40.429,0.010,0.600,1.000,1.000,5.240,Run,NaN,NaN,1.598,1.000
40.439,0.010,0.600,-1.000,-1.000,5.230,Run,NaN,NaN,-0.398,1.000
40.449,0.010,0.600,1.000,1.000,5.240,Run,NaN,NaN,1.598,1.000
40.459,0.010,0.600,-1.000,-1.000,5.230,Run,NaN,NaN,-0.398,1.000
40.469,0.010,0.600,1.000,1.000,5.240,Run,NaN,NaN,1.598,1.000
40.479,0.010,0.600,-1.000,-1.000,5.230,Run,NaN,NaN,-0.398,1.000
40.489,0.010,0.600,1.000,1.000,5.240,Run,NaN,NaN,1.598,1.000
40.499,0.010,0.600,-1.000,-1.000,5.230,Run,NaN,NaN,-0.398,1.000
40.509,0.010,0.600,1.000,1.000,5.240,Run,NaN,NaN,1.598,1.000
40.519,0.010,0.600,-1.000,-1.000,5.230,Run,NaN,NaN,-0.398,1.000
40.529,0.010,0.600,1.000,1.000,5.240,Run,NaN,NaN,1.598,1.000
40.539,0.010,0.600,-1.000,-1.000,5.230,Run,NaN,NaN,-0.398,1.000
40.549,0.010,0.600,1.000,1.000,5.240,Run,NaN,NaN,1.598,1.000
40.559,0.010,0.600,-1.000,-1.000,5.230,Run,NaN,NaN,-0.398,1.000
40.569,0.010,0.600,1.000,1.000,5.240,Run,NaN,NaN,1.598,1.000
40.579,0.010,0.600,-1.000,-1.000,5.230,Run,NaN,NaN,-0.398,1.000
40.589,0.010,0.600,1.000,1.000,5.240,Run,NaN,NaN,1.598,1.000
40.599,0.010,0.600,-1.000,-1.000,5.230,Run,NaN,NaN,-0.398,1.000
40.609,0.010,0.600,1.000,1.000,5.240,Run,NaN,NaN,1.598,1.000
40.619,0.010,0.600,-1.000,-1.000,5.230,Run,NaN,NaN,-0.398,1.000
40.629,0.010,0.600,1.000,1.000,5.240,Run,NaN,NaN,1.598,1.000
40.639,0.010,0.600,-1.000,-1.000,5.230,Run,NaN,NaN,-0.398,1.000
40.649,0.010,0.600,1.000,1.000,5.240,Run,NaN,NaN,1.598,1.000
40.659,0.010,0.600,-1.000,-1.000,5.230,Run,NaN,NaN,-0.398,1.000
40.669,0.010,0.600,1.000,1.000,5.240,Run,NaN,NaN,1.598,1.000
40.679,0.010,0.600,-1.000,-1.000,5.230,Run,NaN,NaN,-0.398,1.000
40.689,0.010,0.600,1.000,1.000,5.240,Run,NaN,NaN,1.598,1.000
40.699,0.010,0.600,-1.000,-1.000,5.230,Run,NaN,NaN,-0.398,1.000
40.709,0.010,0.600,1.000,1.000,5.240,Run,NaN,NaN,1.598,1.000
40.719,0.010,0.600,-1.000,-1.000,5.230,Run,NaN,NaN,-0.398,1.000
40.729,0.010,0.600,1.000,1.000,5.240,Run,NaN,NaN,1.598,1.000
40.739,0.010,0.600,-1.000,-1.000,5.230,Run,NaN,NaN,-0.398,1.000
40.749,0.010,0.600,1.000,1.000,5.240,Run,NaN,NaN,1.598,1.000
40.759,0.010,0.600,-1.000,-1.000,5.230,Run,NaN,NaN,-0.398,1.000
40.769,0.010,0.600,1.000,1.000,5.240,Run,NaN,NaN,1.598,1.000
40.779,0.010,0.600,-1.000,-1.000,5.230,Run,NaN,NaN,-0.398,1.000
40.789,0.010,0.600,1.000,1.000,5.240,Run,NaN,NaN,1.598,1.000
40.799,0.010,0.600,-1.000,-1.000,5.230,Run,NaN,NaN,-0.398,1.000
40.809,0.010,0.600,1.000,1.000,5.240,Run,NaN,NaN,1.598,1.000
40.819,0.010,0.600,-1.000,-1.000,5.230,Run,NaN,NaN,-0.398,1.000
40.829,0.010,0.600,1.000,1.000,5.240,Run,NaN,NaN,1.598,1.000
40.839,0.010,0.600,-1.000,-1.000,5.230,Run,NaN,NaN,-0.398,1.000
40.849,0.010,0.600,1.000,1.000,5.240,Run,NaN,NaN,1.598,1.000
40.859,0.010,0.600,-1.000,-1.000,5.230,Run,NaN,NaN,-0.398,1.000
40.869,0.010,0.600,1.000,1.000,5.240,Run,NaN,NaN,1.598,1.000
40.879,0.010,0.600,-1.000,-1.000,5.230,Run,NaN,NaN,-0.398,1.000
40.889,0.010,0.600,1.000,1.000,5.240,Run,NaN,NaN,1.598,1.000
40.899,0.010,0.600,-1.000,-1.000,5.230,Run,NaN,NaN,-0.398,1.000
40.909,0.010,0.600,1.000,1.000,5.240,Run,NaN,NaN,1.598,1.000
40.919,0.010,0.600,-1.000,-1.000,5.230,Run,NaN,NaN,-0.398,1.000
40.929,0.010,0.600,1.000,1.000,5.240,Run,NaN,NaN,1.598,1.000
40.939,0.010,0.600,-1.000,-1.000,5.230,Run,NaN,NaN,-0.398,1.000
40.949,0.010,0.600,1.000,1.000,5.240,Run,NaN,NaN,1.598,1.000
40.959,0.010,0.600,-1.000,-1.000,5.230,Run,NaN,NaN,-0.398,1.000
40.969,0.010,0.600,1.000,1.000,5.240,Run,NaN,NaN,1.598,1.000
40.979,0.010,0.600,-1.000,-1.000,5.230,Run,NaN,NaN,-0.398,1.000
40.989,0.010,0.600,1.000,1.000,5.240,Run,NaN,NaN,1.598,1.000
40.999,0.010,0.600,-1.000,-1.000,5.230,Run,NaN,NaN,-0.398,1.000
41.009,0.010,0.600,1.000,1.000,5.240,Run,NaN,NaN,1.598,1.000
41.019,0.010,0.600,-1.000,-1.000,5.230,Run,NaN,NaN,-0.398,1.000
41.029,0.010,0.600,1.000,1.000,5.240,Run,NaN,NaN,1.598,1.000
41.039,0.010,0.600,-1.000,-1.000,5.230,Run,NaN,NaN,-0.398,1.000
41.049,0.010,0.600,1.000,1.000,5.240,Run,NaN,NaN,1.598,1.000
41.059,0.010,0.600,-1.000,-1.000,5.230,Run,NaN,NaN,-0.398,1.000
41.069,0.010,0.600,1.000,1.000,5.240,Run,NaN,NaN,1.598,1.000
41.079,0.010,0.600,-1.000,-1.000,5.230,Run,NaN,NaN,-0.398,1.000
41.089,0.010,0.600,1.000,1.000,5.240,Run,NaN,NaN,1.598,1.000
41.099,0.010,0.600,-1.000,-1.000,5.230,Run,NaN,NaN,-0.398,1.000
41.109,0.010,0.600,1.000,1.000,5.240,Run,NaN,NaN,1.598,1.000
41.119,0.010,0.600,-1.000,-1.000,5.230,Run,NaN,NaN,-0.398,1.000
41.129,0.010,0.600,1.000,1.000,5.240,Run,NaN,NaN,1.598,1.000
41.139,0.010,0.600,-1.000,-1.000,5.230,Run,NaN,NaN,-0.398,1.000
41.149,0.010,0.600,1.000,1.000,5.240,Run,NaN,NaN,1.598,1.000
41.159,0.010,0.600,-1.000,-1.000,5.230,Run,NaN,NaN,-0.398,1.000
41.169,0.010,0.600,1.000,1.000,5.240,Run,NaN,NaN,1.598,1.000
41.179,0.010,0.600,-1.000,-1.000,5.230,Run,NaN,NaN,-0.398,1.000
41.189,0.010,0.600,1.000,1.000,5.240,Run,NaN,NaN,1.598,1.000
41.199,0.010,0.600,-1.000,-1.000,5.230,Run,NaN,NaN,-0.398,1.000
41.209,0.010,0.600,1.000,1.000,5.240,Run,NaN,NaN,1.598,1.000
41.219,0.010,0.600,-1.000,-1.000,5.230,Run,NaN,NaN,-0.398,1.000
41.229,0.010,0.600,1.000,1.000,5.240,Run,NaN,NaN,1.598,1.000
41.239,0.010,0.600,-1.000,-1.000,5.230,Run,NaN,NaN,-0.398,1.000
41.249,0.010,0.600,1.000,1.000,5.240,Run,NaN,NaN,1.598,1.000
41.259,0.010,0.600,-1.000,-1.000,5.230,Run,NaN,NaN,-0.398,1.000
41.269,0.010,0.600,1.000,1.000,5.240,Run,NaN,NaN,1.598,1.000
41.279,0.010,0.600,-1.000,-1.000,5.230,Run,NaN,NaN,-0.398,1.000
41.289,0.010,0.600,1.000,1.000,5.240,Run,NaN,NaN,1.598,1.000
41.299,0.010,0.600,-1.000,-1.000,5.230,Run,NaN,NaN,-0.398,1.000
41.309,0.010,0.600,1.000,1.000,5.240,Run,NaN,NaN,1.598,1.000
41.319,0.010,0.600,-1.000,-1.000,5.230,Run,NaN,NaN,-0.398,1.000
41.329,0.010,0.600,1.000,1.000,5.240,Run,NaN,NaN,1.598,1.000
41.339,0.010,0.600,-1.000,-1.000,5.230,Run,NaN,NaN,-0.398,1.000
41.349,0.010,0.600,1.000,1.000,5.240,Run,NaN,NaN,1.598,1.000
41.359,0.010,0.600,-1.000,-1.000,5.230,Run,NaN,NaN,-0.398,1.000
41.369,0.010,0.600,1.000,1.000,5.240,Run,NaN,NaN,1.598,1.000
41.379,0.010,0.600,-1.000,-1.000,5.230,Run,NaN,NaN,-0.398,1.000
41.389,0.010,0.600,1.000,1.000,5.240,Run,NaN,NaN,1.598,1.000
41.399,0.010,0.600,-1.000,-1.000,5.230,Run,NaN,NaN,-0.398,1.000
41.409,0.010,0.600,1.000,1.000,5.240,Run,NaN,NaN,1.598,1.000
41.419,0.010,0.600,-1.000,-1.000,5.230,Run,NaN,NaN,-0.398,1.000
41.429,0.010,0.600,1.000,1.000,5.240,Run,NaN,NaN,1.598,1.000
41.439,0.010,0.600,-1.000,-1.000,5.230,Run,NaN,NaN,-0.398,1.000
41.449,0.010,0.600,1.000,1.000,5.240,Run,NaN,NaN,1.598,1.000
41.459,0.010,0.600,-1.000,-1.000,5.230,Run,NaN,NaN,-0.398,1.000
41.469,0.010,0.600,1.000,1.000,5.240,Run,NaN,NaN,1.598,1.000
41.479,0.010,0.600,-1.000,-1.000,5.230,Run,NaN,NaN,-0.398,1.000
41.489,0.010,0.600,1.000,1.000,5.240,Run,NaN,NaN,1.598,1.000
41.499,0.010,0.600,-1.000,-1.000,5.230,Run,NaN,NaN,-0.398,1.000
41.509,0.010,0.600,1.000,1.000,5.240,Run,NaN,NaN,1.598,1.000
41.519,0.010,0.600,-1.000,-1.000,5.230,Run,NaN,NaN,-0.398,1.000
41.529,0.010,0.600,1.000,1.000,5.240,Run,NaN,NaN,1.598,1.000
41.539,0.010,0.600,-1.000,-1.000,5.230,Run,NaN,NaN,-0.398,1.000
41.549,0.010,0.600,1.000,1.000,5.240,Run,NaN,NaN,1.598,1.000
41.559,0.010,0.600,-1.000,-1.000,5.230,Run,NaN,NaN,-0.398,1.000
41.569,0.010,0.600,1.000,1.000,5.240,Run,NaN,NaN,1.598,1.000
41.579,0.010,0.600,-1.000,-1.000,5.230,Run,NaN,NaN,-0.398,1.000
41.589,0.010,0.600,1.000,1.000,5.240,Run,NaN,NaN,1.598,1.000
41.599,0.010,0.600,-1.000,-1.000,5.230,Run,NaN,NaN,-0.398,1.000
41.609,0.010,0.600,1.000,1.000,5.240,Run,NaN,NaN,1.598,1.000
41.619,0.010,0.600,-1.000,-1.000,5.230,Run,NaN,NaN,-0.398,1.000
41.629,0.010,0.600,1.000,1.000,5.240,Run,NaN,NaN,1.598,1.000
41.639,0.010,0.600,-1.000,-1.000,5.230,Run,NaN,NaN,-0.398,1.000
41.649,0.010,0.600,1.000,1.000,5.240,Run,NaN,NaN,1.598,1.000
41.659,0.010,0.600,-1.000,-1.000,5.230,Run,NaN,NaN,-0.398,1.000
41.669,0.010,0.600,1.000,1.000,5.240,Run,NaN,NaN,1.598,1.000
41.679,0.010,0.600,-1.000,-1.000,5.230,Run,NaN,NaN,-0.398,1.000
41.689,0.010,0.600,1.000,1.000,5.240,Run,NaN,NaN,1.598,1.000
41.699,0.010,0.600,-1.000,-1.000,5.230,Run,NaN,NaN,-0.398,1.000
41.709,0.010,0.600,1.000,1.000,5.240,Run,NaN,NaN,1.598,1.000
41.719,0.010,0.600,-1.000,-1.000,5.230,Run,NaN,NaN,-0.398,1.000
41.729,0.010,0.600,1.000,1.000,5.240,Run,NaN,NaN,1.598,1.000
41.739,0.010,0.600,-1.000,-1.000,5.230,Run,NaN,NaN,-0.398,1.000
41.749,0.010,0.600,1.000,1.000,5.240,Run,NaN,NaN,1.598,1.000
41.759,0.010,0.600,-1.000,-1.000,5.230,Run,NaN,NaN,-0.398,1.000
41.769,0.010,0.600,1.000,1.000,5.240,Run,NaN,NaN,1.598,1.000
41.779,0.010,0.600,-1.000,-1.000,5.230,Run,NaN,NaN,-0.398,1.000
41.789,0.010,0.600,1.000,1.000,5.240,Run,NaN,NaN,1.598,1.000
41.799,0.010,0.600,-1.000,-1.000,5.230,Run,NaN,NaN,-0.398,1.000
41.809,0.010,0.600,1.000,1.000,5.240,Run,NaN,NaN,1.598,1.000
41.819,0.010,0.600,-1.000,-1.000,5.230,Run,NaN,NaN,-0.398,1.000
41.829,0.010,0.600,1.000,1.000,5.240,Run,NaN,NaN,1.598,1.000
41.839,0.010,0.600,-1.000,-1.000,5.230,Run,NaN,NaN,-0.398,1.000
41.849,0.010,0.600,1.000,1.000,5.240,Run,NaN,NaN,1.598,1.000
41.859,0.010,0.600,-1.000,-1.000,5.230,Run,NaN,NaN,-0.398,1.000
41.869,0.010,0.600,1.000,1.000,5.240,Run,NaN,NaN,1.598,1.000
41.879,0.010,0.600,-1.000,-1.000,5.230,Run,NaN,NaN,-0.398,1.000
41.889,0.010,0.600,1.000,1.000,5.240,Run,NaN,NaN,1.598,1.000
41.899,0.010,0.600,-1.000,-1.000,5.230,Run,NaN,NaN,-0.398,1.000
41.909,0.010,0.600,1.000,1.000,5.240,Run,NaN,NaN,1.598,1.000
41.919,0.010,0.600,-1.000,-1.000,5.230,Run,NaN,NaN,-0.398,1.000
41.929,0.010,0.600,1.000,1.000,5.240,Run,NaN,NaN,1.598,1.000
41.939,0.010,0.600,-1.000,-1.000,5.230,Run,NaN,NaN,-0.398,1.000
41.949,0.010,0.600,1.000,1.000,5.240,Run,NaN,NaN,1.598,1.000
41.959,0.010,0.600,-1.000,-1.000,5.230,Run,NaN,NaN,-0.398,1.000
41.969,0.010,0.600,1.000,1.000,5.240,Run,NaN,NaN,1.598,1.000
41.979,0.010,0.600,-1.000,-1.000,5.230,Run,NaN,NaN,-0.398,1.000
41.989,0.010,0.600,1.000,1.000,5.240,Run,NaN,NaN,1.598,1.000
41.999,0.010,0.600,-1.000,-1.000,5.230,Run,NaN,NaN,-0.398,1.000
42.009,0.010,0.600,1.000,1.000,5.240,Run,NaN,NaN,1.598,1.000
42.019,0.010,0.600,-1.000,-1.000,5.230,Run,NaN,NaN,-0.398,1.000
42.029,0.010,0.600,1.000,1.000,5.240,Run,NaN,NaN,1.598,1.000
42.039,0.010,0.600,-1.000,-1.000,5.230,Run,NaN,NaN,-0.398,1.000
42.049,0.010,0.600,1.000,1.000,5.240,Run,NaN,NaN,1.598,1.000
42.059,0.010,0.600,-1.000,-1.000,5.230,Run,NaN,NaN,-0.398,1.000
42.069,0.010,0.600,1.000,1.000,5.240,Run,NaN,NaN,1.598,1.000
42.079,0.010,0.600,-1.000,-1.000,5.230,Run,NaN,NaN,-0.398,1.000
42.089,0.010,0.600,1.000,1.000,5.240,Run,NaN,NaN,1.598,1.000
42.099,0.010,0.600,-1.000,-1.000,5.230,Run,NaN,NaN,-0.398,1.000
42.109,0.010,0.600,1.000,1.000,5.240,Run,NaN,NaN,1.598,1.000
42.119,0.010,0.600,-1.000,-1.000,5.230,Run,NaN,NaN,-0.398,1.000
42.129,0.010,0.600,1.000,1.000,5.240,Run,NaN,NaN,1.598,1.000
42.139,0.010,0.600,-1.000,-1.000,5.230,Run,NaN,NaN,-0.398,1.000
42.149,0.010,0.600,1.000,1.000,5.240,Run,NaN,NaN,1.598,1.000
42.159,0.010,0.600,-1.000,-1.000,5.230,Run,NaN,NaN,-0.398,1.000
42.169,0.010,0.600,1.000,1.000,5.240,Run,NaN,NaN,1.598,1.000
42.179,0.010,0.600,-1.000,-1.000,5.230,Run,NaN,NaN,-0.398,1.000
42.189,0.010,0.600,1.000,1.000,5.240,Run,NaN,NaN,1.598,1.000
42.199,0.010,0.600,-1.000,-1.000,5.230,Run,NaN,NaN,-0.398,1.000
42.209,0.010,0.600,1.000,1.000,5.240,Run,NaN,NaN,1.598,1.000
42.219,0.010,0.600,-1.000,-1.000,5.230,Run,NaN,NaN,-0.398,1.000
42.229,0.010,0.600,1.000,1.000,5.240,Run,NaN,NaN,1.598,1.000
42.239,0.010,0.600,-1.000,-1.000,5.230,Run,NaN,NaN,-0.398,1.000
42.249,0.010,0.600,1.000,1.000,5.240,Run,NaN,NaN,1.598,1.000
42.259,0.010,0.600,-1.000,-1.000,5.230,Run,NaN,NaN,-0.398,1.000
42.269,0.010,0.600,1.000,1.000,5.240,Run,NaN,NaN,1.598,1.000
42.279,0.010,0.600,-1.000,-1.000,5.230,Run,NaN,NaN,-0.398,1.000
42.289,0.010,0.600,1.000,1.000,5.240,Run,NaN,NaN,1.598,1.000
42.299,0.010,0.600,-1.000,-1.000,5.230,Run,NaN,NaN,-0.398,1.000
42.309,0.010,0.600,1.000,1.000,5.240,Run,NaN,NaN,1.598,1.000
42.319,0.010,0.600,-1.000,-1.000,5.230,Run,NaN,NaN,-0.398,1.000
42.329,0.010,0.600,1.000,1.000,5.240,Run,NaN,NaN,1.598,1.000
42.339,0.010,0.600,-1.000,-1.000,5.230,Run,NaN,NaN,-0.398,1.000
42.349,0.010,0.600,1.000,1.000,5.240,Run,NaN,NaN,1.598,1.000
42.359,0.010,0.600,-1.000,-1.000,5.230,Run,NaN,NaN,-0.398,1.000
42.369,0.010,0.600,1.000,1.000,5.240,Run,NaN,NaN,1.598,1.000
42.379,0.010,0.600,-1.000,-1.000,5.230,Run,NaN,NaN,-0.398,1.000
42.389,0.010,0.600,1.000,1.000,5.240,Run,NaN,NaN,1.598,1.000
42.399,0.010,0.600,-1.000,-1.000,5.230,Run,NaN,NaN,-0.398,1.000
42.409,0.010,0.600,1.000,1.000,5.240,Run,NaN,NaN,1.598,1.000
42.419,0.010,0.600,-1.000,-1.000,5.230,Run,NaN,NaN,-0.398,1.000
42.429,0.010,0.600,1.000,1.000,5.240,Run,NaN,NaN,1.598,1.000
42.439,0.010,0.600,-1.000,-1.000,5.230,Run,NaN,NaN,-0.398,1.000
42.449,0.010,0.600,1.000,1.000,5.240,Run,NaN,NaN,1.598,1.000
42.459,0.010,0.600,-1.000,-1.000,5.230,Run,NaN,NaN,-0.398,1.000
42.469,0.010,0.600,1.000,1.000,5.240,Run,NaN,NaN,1.598,1.000
42.479,0.010,0.600,-1.000,-1.000,5.230,Run,NaN,NaN,-0.398,1.000
42.489,0.010,0.600,1.000,1.000,5.240,Run,NaN,NaN,1.598,1.000
42.499,0.010,0.600,-1.000,-1.000,5.230,Run,NaN,NaN,-0.398,1.000
42.509,0.010,0.600,1.000,1.000,5.240,Run,NaN,NaN,1.598,1.000
42.519,0.010,0.600,-1.000,-1.000,5.230,Run,NaN,NaN,-0.398,1.000
42.529,0.010,0.600,1.000,1.000,5.240,Run,NaN,NaN,1.598,1.000
42.539,0.010,0.600,-1.000,-1.000,5.230,Run,NaN,NaN,-0.398,1.000
42.549,0.010,0.600,1.000,1.000,5.240,Run,NaN,NaN,1.598,1.000
42.559,0.010,0.600,-1.000,-1.000,5.230,Run,NaN,NaN,-0.398,1.000
42.569,0.010,0.600,1.000,1.000,5.240,Run,NaN,NaN,1.598,1.000
42.579,0.010,0.600,-1.000,-1.000,5.230,Run,NaN,NaN,-0.398,1.000
42.589,0.010,0.600,1.000,1.000,5.240,Run,NaN,NaN,1.598,1.000
42.599,0.010,0.600,-1.000,-1.000,5.230,Run,NaN,NaN,-0.398,1.000
42.609,0.010,0.600,1.000,1.000,5.240,Run,NaN,NaN,1.598,1.000
42.619,0.010,0.600,-1.000,-1.000,5.230,Run,NaN,NaN,-0.398,1.000
42.629,0.010,0.600,1.000,1.000,5.240,Run,NaN,NaN,1.598,1.000
42.639,0.010,0.600,-1.000,-1.000,5.230,Run,NaN,NaN,-0.398,1.000
42.649,0.010,0.600,1.000,1.000,5.240,Run,NaN,NaN,1.598,1.000
42.659,0.010,0.600,-1.000,-1.000,5.230,Run,NaN,NaN,-0.398,1.000
42.669,0.010,0.600,1.000,1.000,5.240,Run,NaN,NaN,1.598,1.000
42.679,0.010,0.600,-1.000,-1.000,5.230,Run,NaN,NaN,-0.398,1.000
42.689,0.010,0.600,1.000,1.000,5.240,Run,NaN,NaN,1.598,1.000
42.699,0.010,0.600,-1.000,-1.000,5.230,Run,NaN,NaN,-0.398,1.000
42.709,0.010,0.600,1.000,1.000,5.240,Run,NaN,NaN,1.598,1.000
42.719,0.010,0.600,-1.000,-1.000,5.230,Run,NaN,NaN,-0.398,1.000
42.729,0.010,0.600,1.000,1.000,5.240,Run,NaN,NaN,1.598,1.000
42.739,0.010,0.600,-1.000,-1.000,5.230,Run,NaN,NaN,-0.398,1.000
42.749,0.010,0.600,1.000,1.000,5.240,Run,NaN,NaN,1.598,1.000
42.759,0.010,0.600,-1.000,-1.000,5.230,Run,NaN,NaN,-0.398,1.000
42.769,0.010,0.600,1.000,1.000,5.240,Run,NaN,NaN,1.598,1.000
42.779,0.010,0.600,-1.000,-1.000,5.230,Run,NaN,NaN,-0.398,1.000
42.789,0.010,0.600,1.000,1.000,5.240,Run,NaN,NaN,1.598,1.000
42.799,0.010,0.600,-1.000,-1.000,5.230,Run,NaN,NaN,-0.398,1.000
42.809,0.010,0.600,1.000,1.000,5.240,Run,NaN,NaN,1.598,1.000
42.819,0.010,0.600,-1.000,-1.000,5.230,Run,NaN,NaN,-0.398,1.000
42.829,0.010,0.600,1.000,1.000,5.240,Run,NaN,NaN,1.598,1.000
42.839,0.010,0.600,-1.000,-1.000,5.230,Run,NaN,NaN,-0.398,1.000
42.849,0.010,0.600,1.000,1.000,5.240,Run,NaN,NaN,1.598,1.000
42.859,0.010,0.600,-1.000,-1.000,5.230,Run,NaN,NaN,-0.398,1.000
42.869,0.010,0.600,1.000,1.000,5.240,Run,NaN,NaN,1.598,1.000
42.879,0.010,0.600,-1.000,-1.000,5.230,Run,NaN,NaN,-0.398,1.000
42.889,0.010,0.600,1.000,1.000,5.240,Run,NaN,NaN,1.598,1.000
42.899,0.010,0.600,-1.000,-1.000,5.230,Run,NaN,NaN,-0.398,1.000
42.909,0.010,0.600,1.000,1.000,5.240,Run,NaN,NaN,1.598,1.000
42.919,0.010,0.600,-1.000,-1.000,5.230,Run,NaN,NaN,-0.398,1.000
42.929,0.010,0.600,1.000,1.000,5.240,Run,NaN,NaN,1.598,1.000
42.939,0.010,0.600,-1.000,-1.000,5.230,Run,NaN,NaN,-0.398,1.000
42.949,0.010,0.600,1.000,1.000,5.240,Run,NaN,NaN,1.598,1.000
42.959,0.010,0.600,-1.000,-1.000,5.230,Run,NaN,NaN,-0.398,1.000
42.969,0.010,0.600,1.000,1.000,5.240,Run,NaN,NaN,1.598,1.000
42.979,0.010,0.600,-1.000,-1.000,5.230,Run,NaN,NaN,-0.398,1.000
42.989,0.010,0.600,1.000,1.000,5.240,Run,NaN,NaN,1.598,1.000
42.999,0.010,0.600,-1.000,-1.000,5.230,Run,NaN,NaN,-0.398,1.000
43.009,0.010,0.600,1.000,1.000,5.240,Run,NaN,NaN,1.598,1.000
43.019,0.010,0.600,-1.000,-1.000,5.230,Run,NaN,NaN,-0.398,1.000
43.029,0.010,0.600,1.000,1.000,5.240,Run,NaN,NaN,1.598,1.000
43.039,0.010,0.600,-1.000,-1.000,5.230,Run,NaN,NaN,-0.398,1.000
43.049,0.010,0.600,1.000,1.000,5.240,Run,NaN,NaN,1.598,1.000
43.059,0.010,0.600,-1.000,-1.000,5.230,Run,NaN,NaN,-0.398,1.000
43.069,0.010,0.600,1.000,1.000,5.240,Run,NaN,NaN,1.598,1.000
43.079,0.010,0.600,-1.000,-1.000,5.230,Run,NaN,NaN,-0.398,1.000
43.089,0.010,0.600,1.000,1.000,5.240,Run,NaN,NaN,1.598,1.000
43.099,0.010,0.600,-1.000,-1.000,5.230,Run,NaN,NaN,-0.398,1.000
43.109,0.010,0.600,1.000,1.000,5.240,Run,NaN,NaN,1.598,1.000
43.119,0.010,0.600,-1.000,-1.000,5.230,Run,NaN,NaN,-0.398,1.000
43.129,0.010,0.600,1.000,1.000,5.240,Run,NaN,NaN,1.598,1.000
43.139,0.010,0.600,-1.000,-1.000,5.230,Run,NaN,NaN,-0.398,1.000
43.149,0.010,0.600,1.000,1.000,5.240,Run,NaN,NaN,1.598,1.000
43.159,0.010,0.600,-1.000,-1.000,5.230,Run,NaN,NaN,-0.398,1.000
43.169,0.010,0.600,1.000,1.000,5.240,Run,NaN,NaN,1.598,1.000
43.179,0.010,0.600,-1.000,-1.000,5.230,Run,NaN,NaN,-0.398,1.000
43.189,0.010,0.600,1.000,1.000,5.240,Run,NaN,NaN,1.598,1.000
43.199,0.010,0.600,-1.000,-1.000,5.230,Run,NaN,NaN,-0.398,1.000
43.209,0.010,0.600,1.000,1.000,5.240,Run,NaN,NaN,1.598,1.000
43.219,0.010,0.600,-1.000,-1.000,5.230,Run,NaN,NaN,-0.398,1.000
43.229,0.010,0.600,1.000,1.000,5.240,Run,NaN,NaN,1.598,1.000
43.239,0.010,0.600,-1.000,-1.000,5.230,Run,NaN,NaN,-0.398,1.000
43.249,0.010,0.600,1.000,1.000,5.240,Run,NaN,NaN,1.598,1.000
43.259,0.010,0.600,-1.000,-1.000,5.230,Run,NaN,NaN,-0.398,1.000
43.269,0.010,0.600,1.000,1.000,5.240,Run,NaN,NaN,1.598,1.000
43.279,0.010,0.600,-1.000,-1.000,5.230,Run,NaN,NaN,-0.398,1.000
43.289,0.010,0.600,1.000,1.000,5.240,Run,NaN,NaN,1.598,1.000
43.299,0.010,0.600,-1.000,-1.000,5.230,Run,NaN,NaN,-0.398,1.000
43.309,0.010,0.600,1.000,1.000,5.240,Run,NaN,NaN,1.598,1.000
43.319,0.010,0.600,-1.000,-1.000,5.230,Run,NaN,NaN,-0.398,1.000
43.329,0.010,0.600,1.000,1.000,5.240,Run,NaN,NaN,1.598,1.000
43.339,0.010,0.600,-1.000,-1.000,5.230,Run,NaN,NaN,-0.398,1.000
43.349,0.010,0.600,1.000,1.000,5.240,Run,NaN,NaN,1.598,1.000
43.359,0.010,0.600,-1.000,-1.000,5.230,Run,NaN,NaN,-0.398,1.000
43.369,0.010,0.600,1.000,1.000,5.240,Run,NaN,NaN,1.598,1.000
43.379,0.010,0.600,-1.000,-1.000,5.230,Run,NaN,NaN,-0.398,1.000
43.389,0.010,0.600,1.000,1.000,5.240,Run,NaN,NaN,1.598,1.000
43.399,0.010,0.600,-1.000,-1.000,5.230,Run,NaN,NaN,-0.398,1.000
43.409,0.010,0.600,1.000,1.000,5.240,Run,NaN,NaN,1.598,1.000
43.419,0.010,0.600,-1.000,-1.000,5.230,Run,NaN,NaN,-0.398,1.000
43.429,0.010,0.600,1.000,1.000,5.240,Run,NaN,NaN,1.598,1.000
43.439,0.010,0.600,-1.000,-1.000,5.230,Run,NaN,NaN,-0.398,1.000
43.449,0.010,0.600,1.000,1.000,5.240,Run,NaN,NaN,1.598,1.000
43.459,0.010,0.600,-1.000,-1.000,5.230,Run,NaN,NaN,-0.398,1.000
43.469,0.010,0.600,1.000,1.000,5.240,Run,NaN,NaN,1.598,1.000
43.479,0.010,0.600,-1.000,-1.000,5.230,Run,NaN,NaN,-0.398,1.000
43.489,0.010,0.600,1.000,1.000,5.240,Run,NaN,NaN,1.598,1.000
43.499,0.010,0.600,-1.000,-1.000,5.230,Run,NaN,NaN,-0.398,1.000
43.509,0.010,0.600,1.000,1.000,5.240,Run,NaN,NaN,1.598,1.000
43.519,0.010,0.600,-1.000,-1.000,5.230,Run,NaN,NaN,-0.398,1.000
43.529,0.010,0.600,1.000,1.000,5.240,Run,NaN,NaN,1.598,1.000
43.539,0.010,0.600,-1.000,-1.000,5.230,Run,NaN,NaN,-0.398,1.000
43.549,0.010,0.600,1.000,1.000,5.240,Run,NaN,NaN,1.598,1.000
43.559,0.010,0.600,-1.000,-1.000,5.230,Run,NaN,NaN,-0.398,1.000
43.569,0.010,0.600,1.000,1.000,5.240,Run,NaN,NaN,1.598,1.000
43.579,0.010,0.600,-1.000,-1.000,5.230,Run,NaN,NaN,-0.398,1.000
43.589,0.010,0.600,1.000,1.000,5.240,Run,NaN,NaN,1.598,1.000
43.599,0.010,0.600,-1.000,-1.000,5.230,Run,NaN,NaN,-0.398,1.000
43.609,0.010,0.600,1.000,1.000,5.240,Run,NaN,NaN,1.598,1.000
43.619,0.010,0.600,-1.000,-1.000,5.230,Run,NaN,NaN,-0.398,1.000
43.629,0.010,0.600,1.000,1.000,5.240,Run,NaN,NaN,1.598,1.000
43.639,0.010,0.600,-1.000,-1.000,5.230,Run,NaN,NaN,-0.398,1.000
43.649,0.010,0.600,1.000,1.000,5.240,Run,NaN,NaN,1.598,1.000
43.659,0.010,0.600,-1.000,-1.000,5.230,Run,NaN,NaN,-0.398,1.000
43.669,0.010,0.600,1.000,1.000,5.240,Run,NaN,NaN,1.598,1.000
43.679,0.010,0.600,-1.000,-1.000,5.230,Run,NaN,NaN,-0.398,1.000
43.689,0.010,0.600,1.000,1.000,5.240,Run,NaN,NaN,1.598,1.000
43.699,0.010,0.600,-1.000,-1.000,5.230,Run,NaN,NaN,-0.398,1.000
43.709,0.010,0.600,1.000,1.000,5.240,Run,NaN,NaN,1.598,1.000
43.719,0.010,0.600,-1.000,-1.000,5.230,Run,NaN,NaN,-0.398,1.000
43.729,0.010,0.600,1.000,1.000,5.240,Run,NaN,NaN,1.598,1.000
43.739,0.010,0.600,-1.000,-1.000,5.230,Run,NaN,NaN,-0.398,1.000
43.749,0.010,0.600,1.000,1.000,5.240,Run,NaN,NaN,1.598,1.000
43.759,0.010,0.600,-1.000,-1.000,5.230,Run,NaN,NaN,-0.398,1.000
43.769,0.010,0.600,1.000,1.000,5.240,Run,NaN,NaN,1.598,1.000
43.779,0.010,0.600,-1.000,-1.000,5.230,Run,NaN,NaN,-0.398,1.000
43.789,0.010,0.600,1.000,1.000,5.240,Run,NaN,NaN,1.598,1.000
43.799,0.010,0.600,-1.000,-1.000,5.230,Run,NaN,NaN,-0.398,1.000
43.809,0.010,0.600,1.000,1.000,5.240,Run,NaN,NaN,1.598,1.000
43.819,0.010,0.600,-1.000,-1.000,5.230,Run,NaN,NaN,-0.398,1.000
43.829,0.010,0.600,1.000,1.000,5.240,Run,NaN,NaN,1.598,1.000
43.839,0.010,0.600,-1.000,-1.000,5.230,Run,NaN,NaN,-0.398,1.000
43.849,0.010,0.600,1.000,1.000,5.240,Run,NaN,NaN,1.598,1.000
43.859,0.010,0.600,-1.000,-1.000,5.230,Run,NaN,NaN,-0.398,1.000
43.869,0.010,0.600,1.000,1.000,5.240,Run,NaN,NaN,1.598,1.000
43.879,0.010,0.600,-1.000,-1.000,5.230,Run,NaN,NaN,-0.398,1.000
43.889,0.010,0.600,1.000,1.000,5.240,Run,NaN,NaN,1.598,1.000
43.899,0.010,0.600,-1.000,-1.000,5.230,Run,NaN,NaN,-0.398,1.000
43.909,0.010,0.600,1.000,1.000,5.240,Run,NaN,NaN,1.598,1.000
43.919,0.010,0.600,-1.000,-1.000,5.230,Run,NaN,NaN,-0.398,1.000
43.929,0.010,0.600,1.000,1.000,5.240,Run,NaN,NaN,1.598,1.000
43.939,0.010,0.600,-1.000,-1.000,5.230,Run,NaN,NaN,-0.398,1.000
43.949,0.010,0.600,1.000,1.000,5.240,Run,NaN,NaN,1.598,1.000
43.959,0.010,0.600,-1.000,-1.000,5.230,Run,NaN,NaN,-0.398,1.000
43.969,0.010,0.600,1.000,1.000,5.240,Run,NaN,NaN,1.598,1.000
43.979,0.010,0.600,-1.000,-1.000,5.230,Run,NaN,NaN,-0.398,1.000
43.989,0.010,0.600,1.000,1.000,5.240,Run,NaN,NaN,1.598,1.000
43.999,0.010,0.600,-1.000,-1.000,5.230,Run,NaN,NaN,-0.398,1.000
44.009,0.010,0.600,1.000,1.000,5.240,Run,NaN,NaN,1.598,1.000
44.019,0.010,0.600,-1.000,-1.000,5.230,Run,NaN,NaN,-0.398,1.000
44.029,0.010,0.600,1.000,1.000,5.240,Run,NaN,NaN,1.598,1.000
44.039,0.010,0.600,-1.000,-1.000,5.230,Run,NaN,NaN,-0.398,1.000
44.049,0.010,0.600,1.000,1.000,5.240,Run,NaN,NaN,1.598,1.000
44.059,0.010,0.600,-1.000,-1.000,5.230,Run,NaN,NaN,-0.398,1.000
44.069,0.010,0.600,1.000,1.000,5.240,Run,NaN,NaN,1.598,1.000
44.079,0.010,0.600,-1.000,-1.000,5.230,Run,NaN,NaN,-0.398,1.000
44.089,0.010,0.600,1.000,1.000,5.240,Run,NaN,NaN,1.598,1.000
44.099,0.010,0.600,-1.000,-1.000,5.230,Run,NaN,NaN,-0.398,1.000
44.109,0.010,0.600,1.000,1.000,5.240,Run,NaN,NaN,1.598,1.000
44.119,0.010,0.600,-1.000,-1.000,5.230,Run,NaN,NaN,-0.398,1.000
44.129,0.010,0.600,1.000,1.000,5.240,Run,NaN,NaN,1.598,1.000
44.139,0.010,0.600,-1.000,-1.000,5.230,Run,NaN,NaN,-0.398,1.000
44.149,0.010,0.600,1.000,1.000,5.240,Run,NaN,NaN,1.598,1.000
44.159,0.010,0.600,-1.000,-1.000,5.230,Run,NaN,NaN,-0.398,1.000
44.169,0.010,0.600,1.000,1.000,5.240,Run,NaN,NaN,1.598,1.000
44.179,0.010,0.600,-1.000,-1.000,5.230,Run,NaN,NaN,-0.398,1.000
44.189,0.010,0.600,1.000,1.000,5.240,Run,NaN,NaN,1.598,1.000
44.199,0.010,0.600,-1.000,-1.000,5.230,Run,NaN,NaN,-0.398,1.000
44.209,0.010,0.600,1.000,1.000,5.240,Run,NaN,NaN,1.598,1.000
44.219,0.010,0.600,-1.000,-1.000,5.230,Run,NaN,NaN,-0.398,1.000
44.229,0.010,0.600,1.000,1.000,5.240,Run,NaN,NaN,1.598,1.000
44.239,0.010,0.600,-1.000,-1.000,5.230,Run,NaN,NaN,-0.398,1.000
44.249,0.010,0.600,1.000,1.000,5.240,Run,NaN,NaN,1.598,1.000
44.259,0.010,0.600,-1.000,-1.000,5.230,Run,NaN,NaN,-0.398,1.000
44.269,0.010,0.600,1.000,1.000,5.240,Run,NaN,NaN,1.598,1.000
44.279,0.010,0.600,-1.000,-1.000,5.230,Run,NaN,NaN,-0.398,1.000
44.289,0.010,0.600,1.000,1.000,5.240,Run,NaN,NaN,1.598,1.000
44.299,0.010,0.600,-1.000,-1.000,5.230,Run,NaN,NaN,-0.398,1.000
44.309,0.010,0.600,1.000,1.000,5.240,Run,NaN,NaN,1.598,1.000
44.319,0.010,0.600,-1.000,-1.000,5.230,Run,NaN,NaN,-0.398,1.000
44.329,0.010,0.600,1.000,1.000,5.240,Run,NaN,NaN,1.598,1.000
44.339,0.010,0.600,-1.000,-1.000,5.230,Run,NaN,NaN,-0.398,1.000
44.349,0.010,0.600,1.000,1.000,5.240,Run,NaN,NaN,1.598,1.000
44.359,0.010,0.600,-1.000,-1.000,5.230,Run,NaN,NaN,-0.398,1.000
44.369,0.010,0.600,1.000,1.000,5.240,Run,NaN,NaN,1.598,1.000
44.379,0.010,0.600,-1.000,-1.000,5.230,Run,NaN,NaN,-0.398,1.000
44.389,0.010,0.600,1.000,1.000,5.240,Run,NaN,NaN,1.598,1.000
44.399,0.010,0.600,-1.000,-1.000,5.230,Run,NaN,NaN,-0.398,1.000
44.409,0.010,0.600,1.000,1.000,5.240,Run,NaN,NaN,1.598,1.000
44.419,0.010,0.600,-1.000,-1.000,5.230,Run,NaN,NaN,-0.398,1.000
44.429,0.010,0.600,1.000,1.000,5.240,Run,NaN,NaN,1.598,1.000
44.439,0.010,0.600,-1.000,-1.000,5.230,Run,NaN,NaN,-0.398,1.000
44.449,0.010,0.600,1.000,1.000,5.240,Run,NaN,NaN,1.598,1.000
44.459,0.010,0.600,-1.000,-1.000,5.230,Run,NaN,NaN,-0.398,1.000
44.469,0.010,0.600,1.000,1.000,5.240,Run,NaN,NaN,1.598,1.000
44.479,0.010,0.600,-1.000,-1.000,5.230,Run,NaN,NaN,-0.398,1.000
44.489,0.010,0.600,1.000,1.000,5.240,Run,NaN,NaN,1.598,1.000
44.499,0.010,0.600,-1.000,-1.000,5.230,Run,NaN,NaN,-0.398,1.000
44.509,0.010,0.600,1.000,1.000,5.240,Run,NaN,NaN,1.598,1.000
44.519,0.010,0.600,-1.000,-1.000,5.230,Run,NaN,NaN,-0.398,1.000
44.529,0.010,0.600,1.000,1.000,5.240,Run,NaN,NaN,1.598,1.000
44.539,0.010,0.600,-1.000,-1.000,5.230,Run,NaN,NaN,-0.398,1.000
44.549,0.010,0.600,1.000,1.000,5.240,Run,NaN,NaN,1.598,1.000
44.559,0.010,0.600,-1.000,-1.000,5.230,Run,NaN,NaN,-0.398,1.000
44.569,0.010,0.600,1.000,1.000,5.240,Run,NaN,NaN,1.598,1.000
44.579,0.010,0.600,-1.000,-1.000,5.230,Run,NaN,NaN,-0.398,1.000
44.589,0.010,0.600,1.000,1.000,5.240,Run,NaN,NaN,1.598,1.000
44.599,0.010,0.600,-1.000,-1.000,5.230,Run,NaN,NaN,-0.398,1.000
44.609,0.010,0.600,1.000,1.000,5.240,Run,NaN,NaN,1.598,1.000
44.619,0.010,0.600,-1.000,-1.000,5.230,Run,NaN,NaN,-0.398,1.000
44.629,0.010,0.600,1.000,1.000,5.240,Run,NaN,NaN,1.598,1.000
44.639,0.010,0.600,-1.000,-1.000,5.230,Run,NaN,NaN,-0.398,1.000
44.649,0.010,0.600,1.000,1.000,5.240,Run,NaN,NaN,1.598,1.000
44.659,0.010,0.600,-1.000,-1.000,5.230,Run,NaN,NaN,-0.398,1.000
44.669,0.010,0.600,1.000,1.000,5.240,Run,NaN,NaN,1.598,1.000
44.679,0.010,0.600,-1.000,-1.000,5.230,Run,NaN,NaN,-0.398,1.000
44.689,0.010,0.600,1.000,1.000,5.240,Run,NaN,NaN,1.598,1.000
44.699,0.010,0.600,-1.000,-1.000,5.230,Run,NaN,NaN,-0.398,1.000
44.709,0.010,0.600,1.000,1.000,5.240,Run,NaN,NaN,1.598,1.000
44.719,0.010,0.600,-1.000,-1.000,5.230,Run,NaN,NaN,-0.398,1.000
44.729,0.010,0.600,1.000,1.000,5.240,Run,NaN,NaN,1.598,1.000
44.738,0.010,0.600,-1.000,-1.000,5.230,Run,NaN,NaN,-0.398,1.000
44.748,0.010,0.600,1.000,1.000,5.240,Run,NaN,NaN,1.598,1.000
44.758,0.010,0.600,-1.000,-1.000,5.230,Run,NaN,NaN,-0.398,1.000
44.768,0.010,0.600,1.000,1.000,5.240,Run,NaN,NaN,1.598,1.000
44.778,0.010,0.600,-1.000,-1.000,5.230,Run,NaN,NaN,-0.398,1.000
44.788,0.010,0.600,1.000,1.000,5.240,Run,NaN,NaN,1.598,1.000
44.798,0.010,0.600,-1.000,-1.000,5.230,Run,NaN,NaN,-0.398,1.000
44.808,0.010,0.600,1.000,1.000,5.240,Run,NaN,NaN,1.598,1.000
44.818,0.010,0.600,-1.000,-1.000,5.230,Run,NaN,NaN,-0.398,1.000
44.828,0.010,0.600,1.000,1.000,5.240,Run,NaN,NaN,1.598,1.000
44.838,0.010,0.600,-1.000,-1.000,5.230,Run,NaN,NaN,-0.398,1.000
44.848,0.010,0.600,1.000,1.000,5.240,Run,NaN,NaN,1.598,1.000
44.858,0.010,0.600,-1.000,-1.000,5.230,Run,NaN,NaN,-0.398,1.000
44.868,0.010,0.600,1.000,1.000,5.240,Run,NaN,NaN,1.598,1.000
44.878,0.010,0.600,-1.000,-1.000,5.230,Run,NaN,NaN,-0.398,1.000
44.888,0.010,0.600,1.000,1.000,5.240,Run,NaN,NaN,1.598,1.000
44.898,0.010,0.600,-1.000,-1.000,5.230,Run,NaN,NaN,-0.398,1.000
44.908,0.010,0.600,1.000,1.000,5.240,Run,NaN,NaN,1.598,1.000
44.918,0.010,0.600,-1.000,-1.000,5.230,Run,NaN,NaN,-0.398,1.000
44.928,0.010,0.600,1.000,1.000,5.240,Run,NaN,NaN,1.598,1.000
44.938,0.010,0.600,-1.000,-1.000,5.230,Run,NaN,NaN,-0.398,1.000
44.948,0.010,0.600,1.000,1.000,5.240,Run,NaN,NaN,1.598,1.000
44.958,0.010,0.600,-1.000,-1.000,5.230,Run,NaN,NaN,-0.398,1.000
44.968,0.010,0.600,1.000,1.000,5.240,Run,NaN,NaN,1.598,1.000
44.978,0.010,0.600,-1.000,-1.000,5.230,Run,NaN,NaN,-0.398,1.000
44.988,0.010,0.600,1.000,1.000,5.240,Run,NaN,NaN,1.598,1.000
44.998,0.010,0.600,-1.000,-1.000,5.230,Run,NaN,NaN,-0.398,1.000
45.008,0.010,0.600,1.000,1.000,5.240,Run,NaN,NaN,1.598,1.000
45.018,0.010,0.600,-1.000,-1.000,5.230,Run,NaN,NaN,-0.398,1.000
45.028,0.010,0.600,1.000,1.000,5.240,Run,NaN,NaN,1.598,1.000
45.038,0.010,0.600,-1.000,-1.000,5.230,Run,NaN,NaN,-0.398,1.000
45.048,0.010,0.600,1.000,1.000,5.240,Run,NaN,NaN,1.598,1.000
45.058,0.010,0.600,-1.000,-1.000,5.230,Run,NaN,NaN,-0.398,1.000
45.068,0.010,0.600,1.000,1.000,5.240,Run,NaN,NaN,1.598,1.000
45.078,0.010,0.600,-1.000,-1.000,5.230,Run,NaN,NaN,-0.398,1.000
45.088,0.010,0.600,1.000,1.000,5.240,Run,NaN,NaN,1.598,1.000
45.098,0.010,0.600,-1.000,-1.000,5.230,Run,NaN,NaN,-0.398,1.000
45.108,0.010,0.600,1.000,1.000,5.240,Run,NaN,NaN,1.598,1.000
45.118,0.010,0.600,-1.000,-1.000,5.230,Run,NaN,NaN,-0.398,1.000
45.128,0.010,0.600,1.000,1.000,5.240,Run,NaN,NaN,1.598,1.000
45.138,0.010,0.600,-1.000,-1.000,5.230,Run,NaN,NaN,-0.398,1.000
45.148,0.010,0.600,1.000,1.000,5.240,Run,NaN,NaN,1.598,1.000
45.158,0.010,0.600,-1.000,-1.000,5.230,Run,NaN,NaN,-0.398,1.000
45.168,0.010,0.600,1.000,1.000,5.240,Run,NaN,NaN,1.598,1.000
45.178,0.010,0.600,-1.000,-1.000,5.230,Run,NaN,NaN,-0.398,1.000
45.188,0.010,0.600,1.000,1.000,5.240,Run,NaN,NaN,1.598,1.000
45.198,0.010,0.600,-1.000,-1.000,5.230,Run,NaN,NaN,-0.398,1.000
45.208,0.010,0.600,1.000,1.000,5.240,Run,NaN,NaN,1.598,1.000
45.218,0.010,0.600,-1.000,-1.000,5.230,Run,NaN,NaN,-0.398,1.000
45.228,0.010,0.600,1.000,1.000,5.240,Run,NaN,NaN,1.598,1.000
45.238,0.010,0.600,-1.000,-1.000,5.230,Run,NaN,NaN,-0.398,1.000
45.248,0.010,0.600,1.000,1.000,5.240,Run,NaN,NaN,1.598,1.000
45.258,0.010,0.600,-1.000,-1.000,5.230,Run,NaN,NaN,-0.398,1.000
45.268,0.010,0.600,1.000,1.000,5.240,Run,NaN,NaN,1.598,1.000
45.278,0.010,0.600,-1.000,-1.000,5.230,Run,NaN,NaN,-0.398,1.000
45.288,0.010,0.600,1.000,1.000,5.240,Run,NaN,NaN,1.598,1.000
45.298,0.010,0.600,-1.000,-1.000,5.230,Run,NaN,NaN,-0.398,1.000
45.308,0.010,0.600,1.000,1.000,5.240,Run,NaN,NaN,1.598,1.000
45.318,0.010,0.600,-1.000,-1.000,5.230,Run,NaN,NaN,-0.398,1.000
45.328,0.010,0.600,1.000,1.000,5.240,Run,NaN,NaN,1.598,1.000
45.338,0.010,0.600,-1.000,-1.000,5.230,Run,NaN,NaN,-0.398,1.000
45.348,0.010,0.600,1.000,1.000,5.240,Run,NaN,NaN,1.598,1.000
45.358,0.010,0.600,-1.000,-1.000,5.230,Run,NaN,NaN,-0.398,1.000
45.368,0.010,0.600,1.000,1.000,5.240,Run,NaN,NaN,1.598,1.000
45.378,0.010,0.600,-1.000,-1.000,5.230,Run,NaN,NaN,-0.398,1.000
45.388,0.010,0.600,1.000,1.000,5.240,Run,NaN,NaN,1.598,1.000
45.398,0.010,0.600,-1.000,-1.000,5.230,Run,NaN,NaN,-0.398,1.000
45.408,0.010,0.600,1.000,1.000,5.240,Run,NaN,NaN,1.598,1.000
45.418,0.010,0.600,-1.000,-1.000,5.230,Run,NaN,NaN,-0.398,1.000
45.428,0.010,0.600,1.000,1.000,5.240,Run,NaN,NaN,1.598,1.000
45.438,0.010,0.600,-1.000,-1.000,5.230,Run,NaN,NaN,-0.398,1.000
45.448,0.010,0.600,1.000,1.000,5.240,Run,NaN,NaN,1.598,1.000
45.458,0.010,0.600,-1.000,-1.000,5.230,Run,NaN,NaN,-0.398,1.000
45.468,0.010,0.600,1.000,1.000,5.240,Run,NaN,NaN,1.598,1.000
45.478,0.010,0.600,-1.000,-1.000,5.230,Run,NaN,NaN,-0.398,1.000
45.488,0.010,0.600,1.000,1.000,5.240,Run,NaN,NaN,1.598,1.000
45.498,0.010,0.600,-1.000,-1.000,5.230,Run,NaN,NaN,-0.398,1.000
45.508,0.010,0.600,1.000,1.000,5.240,Run,NaN,NaN,1.598,1.000
45.518,0.010,0.600,-1.000,-1.000,5.230,Run,NaN,NaN,-0.398,1.000
45.528,0.010,0.600,1.000,1.000,5.240,Run,NaN,NaN,1.598,1.000
45.538,0.010,0.600,-1.000,-1.000,5.230,Run,NaN,NaN,-0.398,1.000
45.548,0.010,0.600,1.000,1.000,5.240,Run,NaN,NaN,1.598,1.000
45.558,0.010,0.600,-1.000,-1.000,5.230,Run,NaN,NaN,-0.398,1.000
45.568,0.010,0.600,1.000,1.000,5.240,Run,NaN,NaN,1.598,1.000
45.578,0.010,0.600,-1.000,-1.000,5.230,Run,NaN,NaN,-0.398,1.000
45.588,0.010,0.600,1.000,1.000,5.240,Run,NaN,NaN,1.598,1.000
45.598,0.010,0.600,-1.000,-1.000,5.230,Run,NaN,NaN,-0.398,1.000
45.608,0.010,0.600,1.000,1.000,5.240,Run,NaN,NaN,1.598,1.000
45.618,0.010,0.600,-1.000,-1.000,5.230,Run,NaN,NaN,-0.398,1.000
45.628,0.010,0.600,1.000,1.000,5.240,Run,NaN,NaN,1.598,1.000
45.638,0.010,0.600,-1.000,-1.000,5.230,Run,NaN,NaN,-0.398,1.000
45.648,0.010,0.600,1.000,1.000,5.240,Run,NaN,NaN,1.598,1.000
45.658,0.010,0.600,-1.000,-1.000,5.230,Run,NaN,NaN,-0.398,1.000
45.668,0.010,0.600,1.000,1.000,5.240,Run,NaN,NaN,1.598,1.000
45.678,0.010,0.600,-1.000,-1.000,5.230,Run,NaN,NaN,-0.398,1.000
45.688,0.010,0.600,1.000,1.000,5.240,Run,NaN,NaN,1.598,1.000
45.698,0.010,0.600,-1.000,-1.000,5.230,Run,NaN,NaN,-0.398,1.000
45.708,0.010,0.600,1.000,1.000,5.240,Run,NaN,NaN,1.598,1.000
45.718,0.010,0.600,-1.000,-1.000,5.230,Run,NaN,NaN,-0.398,1.000
45.728,0.010,0.600,1.000,1.000,5.240,Run,NaN,NaN,1.598,1.000
45.738,0.010,0.600,-1.000,-1.000,5.230,Run,NaN,NaN,-0.398,1.000
45.748,0.010,0.600,1.000,1.000,5.240,Run,NaN,NaN,1.598,1.000
45.758,0.010,0.600,-1.000,-1.000,5.230,Run,NaN,NaN,-0.398,1.000
45.768,0.010,0.600,1.000,1.000,5.240,Run,NaN,NaN,1.598,1.000
45.778,0.010,0.600,-1.000,-1.000,5.230,Run,NaN,NaN,-0.398,1.000
45.788,0.010,0.600,1.000,1.000,5.240,Run,NaN,NaN,1.598,1.000
45.798,0.010,0.600,-1.000,-1.000,5.230,Run,NaN,NaN,-0.398,1.000
45.808,0.010,0.600,1.000,1.000,5.240,Run,NaN,NaN,1.598,1.000
45.818,0.010,0.600,-1.000,-1.000,5.230,Run,NaN,NaN,-0.398,1.000
45.828,0.010,0.600,1.000,1.000,5.240,Run,NaN,NaN,1.598,1.000
45.838,0.010,0.600,-1.000,-1.000,5.230,Run,NaN,NaN,-0.398,1.000
45.848,0.010,0.600,1.000,1.000,5.240,Run,NaN,NaN,1.598,1.000
45.858,0.010,0.600,-1.000,-1.000,5.230,Run,NaN,NaN,-0.398,1.000
45.868,0.010,0.600,1.000,1.000,5.240,Run,NaN,NaN,1.598,1.000
45.878,0.010,0.600,-1.000,-1.000,5.230,Run,NaN,NaN,-0.398,1.000
45.888,0.010,0.600,1.000,1.000,5.240,Run,NaN,NaN,1.598,1.000
45.898,0.010,0.600,-1.000,-1.000,5.230,Run,NaN,NaN,-0.398,1.000
45.908,0.010,0.600,1.000,1.000,5.240,Run,NaN,NaN,1.598,1.000
45.918,0.010,0.600,-1.000,-1.000,5.230,Run,NaN,NaN,-0.398,1.000
45.928,0.010,0.600,1.000,1.000,5.240,Run,NaN,NaN,1.598,1.000
45.938,0.010,0.600,-1.000,-1.000,5.230,Run,NaN,NaN,-0.398,1.000
45.948,0.010,0.600,1.000,1.000,5.240,Run,NaN,NaN,1.598,1.000
45.958,0.010,0.600,-1.000,-1.000,5.230,Run,NaN,NaN,-0.398,1.000
45.968,0.010,0.600,1.000,1.000,5.240,Run,NaN,NaN,1.598,1.000
45.978,0.010,0.600,-1.000,-1.000,5.230,Run,NaN,NaN,-0.398,1.000
45.988,0.010,0.600,1.000,1.000,5.240,Run,NaN,NaN,1.598,1.000
45.998,0.010,0.600,-1.000,-1.000,5.230,Run,NaN,NaN,-0.398,1.000
46.008,0.010,0.600,1.000,1.000,5.240,Run,NaN,NaN,1.598,1.000
46.018,0.010,0.600,-1.000,-1.000,5.230,Run,NaN,NaN,-0.398,1.000
46.028,0.010,0.600,1.000,1.000,5.240,Run,NaN,NaN,1.598,1.000
46.038,0.010,0.600,-1.000,-1.000,5.230,Run,NaN,NaN,-0.398,1.000
46.048,0.010,0.600,1.000,1.000,5.240,Run,NaN,NaN,1.598,1.000
46.058,0.010,0.600,-1.000,-1.000,5.230,Run,NaN,NaN,-0.398,1.000
46.068,0.010,0.600,1.000,1.000,5.240,Run,NaN,NaN,1.598,1.000
46.078,0.010,0.600,-1.000,-1.000,5.230,Run,NaN,NaN,-0.398,1.000
46.088,0.010,0.600,1.000,1.000,5.240,Run,NaN,NaN,1.598,1.000
46.098,0.010,0.600,-1.000,-1.000,5.230,Run,NaN,NaN,-0.398,1.000
46.108,0.010,0.600,1.000,1.000,5.240,Run,NaN,NaN,1.598,1.000
46.118,0.010,0.600,-1.000,-1.000,5.230,Run,NaN,NaN,-0.398,1.000
46.128,0.010,0.600,1.000,1.000,5.240,Run,NaN,NaN,1.598,1.000
46.138,0.010,0.600,-1.000,-1.000,5.230,Run,NaN,NaN,-0.398,1.000
46.148,0.010,0.600,1.000,1.000,5.240,Run,NaN,NaN,1.598,1.000
46.158,0.010,0.600,-1.000,-1.000,5.230,Run,NaN,NaN,-0.398,1.000
46.168,0.010,0.600,1.000,1.000,5.240,Run,NaN,NaN,1.598,1.000
46.178,0.010,0.600,-1.000,-1.000,5.230,Run,NaN,NaN,-0.398,1.000
46.188,0.010,0.600,1.000,1.000,5.240,Run,NaN,NaN,1.598,1.000
46.198,0.010,0.600,-1.000,-1.000,5.230,Run,NaN,NaN,-0.398,1.000
46.208,0.010,0.600,1.000,1.000,5.240,Run,NaN,NaN,1.598,1.000
46.218,0.010,0.600,-1.000,-1.000,5.230,Run,NaN,NaN,-0.398,1.000
46.228,0.010,0.600,1.000,1.000,5.240,Run,NaN,NaN,1.598,1.000
46.238,0.010,0.600,-1.000,-1.000,5.230,Run,NaN,NaN,-0.398,1.000
46.248,0.010,0.600,1.000,1.000,5.240,Run,NaN,NaN,1.598,1.000
46.258,0.010,0.600,-1.000,-1.000,5.230,Run,NaN,NaN,-0.398,1.000
46.268,0.010,0.600,1.000,1.000,5.240,Run,NaN,NaN,1.598,1.000
46.278,0.010,0.600,-1.000,-1.000,5.230,Run,NaN,NaN,-0.398,1.000
46.288,0.010,0.600,1.000,1.000,5.240,Run,NaN,NaN,1.598,1.000
46.298,0.010,0.600,-1.000,-1.000,5.230,Run,NaN,NaN,-0.398,1.000
46.308,0.010,0.600,1.000,1.000,5.240,Run,NaN,NaN,1.598,1.000
46.318,0.010,0.600,-1.000,-1.000,5.230,Run,NaN,NaN,-0.398,1.000
46.328,0.010,0.600,1.000,1.000,5.240,Run,NaN,NaN,1.598,1.000
46.338,0.010,0.600,-1.000,-1.000,5.230,Run,NaN,NaN,-0.398,1.000
46.348,0.010,0.600,1.000,1.000,5.240,Run,NaN,NaN,1.598,1.000
46.358,0.010,0.600,-1.000,-1.000,5.230,Run,NaN,NaN,-0.398,1.000
46.368,0.010,0.600,1.000,1.000,5.240,Run,NaN,NaN,1.598,1.000
46.378,0.010,0.600,-1.000,-1.000,5.230,Run,NaN,NaN,-0.398,1.000
46.388,0.010,0.600,1.000,1.000,5.240,Run,NaN,NaN,1.598,1.000
46.398,0.010,0.600,-1.000,-1.000,5.230,Run,NaN,NaN,-0.398,1.000
46.408,0.010,0.600,1.000,1.000,5.240,Run,NaN,NaN,1.598,1.000
46.418,0.010,0.600,-1.000,-1.000,5.230,Run,NaN,NaN,-0.398,1.000
46.428,0.010,0.600,1.000,1.000,5.240,Run,NaN,NaN,1.598,1.000
46.438,0.010,0.600,-1.000,-1.000,5.230,Run,NaN,NaN,-0.398,1.000
46.448,0.010,0.600,1.000,1.000,5.240,Run,NaN,NaN,1.598,1.000
46.458,0.010,0.600,-1.000,-1.000,5.230,Run,NaN,NaN,-0.398,1.000
46.468,0.010,0.600,1.000,1.000,5.240,Run,NaN,NaN,1.598,1.000
46.478,0.010,0.600,-1.000,-1.000,5.230,Run,NaN,NaN,-0.398,1.000
46.488,0.010,0.600,1.000,1.000,5.240,Run,NaN,NaN,1.598,1.000
46.498,0.010,0.600,-1.000,-1.000,5.230,Run,NaN,NaN,-0.398,1.000
46.508,0.010,0.600,1.000,1.000,5.240,Run,NaN,NaN,1.598,1.000
46.518,0.010,0.600,-1.000,-1.000,5.230,Run,NaN,NaN,-0.398,1.000
46.528,0.010,0.600,1.000,1.000,5.240,Run,NaN,NaN,1.598,1.000
46.538,0.010,0.600,-1.000,-1.000,5.230,Run,NaN,NaN,-0.398,1.000
46.548,0.010,0.600,1.000,1.000,5.240,Run,NaN,NaN,1.598,1.000
46.558,0.010,0.600,-1.000,-1.000,5.230,Run,NaN,NaN,-0.398,1.000
46.568,0.010,0.600,1.000,1.000,5.240,Run,NaN,NaN,1.598,1.000
46.578,0.010,0.600,-1.000,-1.000,5.230,Run,NaN,NaN,-0.398,1.000
46.588,0.010,0.600,1.000,1.000,5.240,Run,NaN,NaN,1.598,1.000
46.598,0.010,0.600,-1.000,-1.000,5.230,Run,NaN,NaN,-0.398,1.000
46.608,0.010,0.600,1.000,1.000,5.240,Run,NaN,NaN,1.598,1.000
46.618,0.010,0.600,-1.000,-1.000,5.230,Run,NaN,NaN,-0.398,1.000
46.628,0.010,0.600,1.000,1.000,5.240,Run,NaN,NaN,1.598,1.000
46.638,0.010,0.600,-1.000,-1.000,5.230,Run,NaN,NaN,-0.398,1.000
46.648,0.010,0.600,1.000,1.000,5.240,Run,NaN,NaN,1.598,1.000
46.658,0.010,0.600,-1.000,-1.000,5.230,Run,NaN,NaN,-0.398,1.000
46.668,0.010,0.600,1.000,1.000,5.240,Run,NaN,NaN,1.598,1.000
46.678,0.010,0.600,-1.000,-1.000,5.230,Run,NaN,NaN,-0.398,1.000
46.688,0.010,0.600,1.000,1.000,5.240,Run,NaN,NaN,1.598,1.000
46.698,0.010,0.600,-1.000,-1.000,5.230,Run,NaN,NaN,-0.398,1.000
46.708,0.010,0.600,1.000,1.000,5.240,Run,NaN,NaN,1.598,1.000
46.718,0.010,0.600,-1.000,-1.000,5.230,Run,NaN,NaN,-0.398,1.000
46.728,0.010,0.600,1.000,1.000,5.240,Run,NaN,NaN,1.598,1.000
46.738,0.010,0.600,-1.000,-1.000,5.230,Run,NaN,NaN,-0.398,1.000
46.748,0.010,0.600,1.000,1.000,5.240,Run,NaN,NaN,1.598,1.000
46.758,0.010,0.600,-1.000,-1.000,5.230,Run,NaN,NaN,-0.398,1.000
46.768,0.010,0.600,1.000,1.000,5.240,Run,NaN,NaN,1.598,1.000
46.778,0.010,0.600,-1.000,-1.000,5.230,Run,NaN,NaN,-0.398,1.000
46.788,0.010,0.600,1.000,1.000,5.240,Run,NaN,NaN,1.598,1.000
46.798,0.010,0.600,-1.000,-1.000,5.230,Run,NaN,NaN,-0.398,1.000
46.808,0.010,0.600,1.000,1.000,5.240,Run,NaN,NaN,1.598,1.000
46.818,0.010,0.600,-1.000,-1.000,5.230,Run,NaN,NaN,-0.398,1.000
46.828,0.010,0.600,1.000,1.000,5.240,Run,NaN,NaN,1.598,1.000
46.838,0.010,0.600,-1.000,-1.000,5.230,Run,NaN,NaN,-0.398,1.000
46.848,0.010,0.600,1.000,1.000,5.240,Run,NaN,NaN,1.598,1.000
46.858,0.010,0.600,-1.000,-1.000,5.230,Run,NaN,NaN,-0.398,1.000
46.868,0.010,0.600,1.000,1.000,5.240,Run,NaN,NaN,1.598,1.000
46.878,0.010,0.600,-1.000,-1.000,5.230,Run,NaN,NaN,-0.398,1.000
46.888,0.010,0.600,1.000,1.000,5.240,Run,NaN,NaN,1.598,1.000
46.898,0.010,0.600,-1.000,-1.000,5.230,Run,NaN,NaN,-0.398,1.000
46.908,0.010,0.600,1.000,1.000,5.240,Run,NaN,NaN,1.598,1.000
46.918,0.010,0.600,-1.000,-1.000,5.230,Run,NaN,NaN,-0.398,1.000
46.928,0.010,0.600,1.000,1.000,5.240,Run,NaN,NaN,1.598,1.000
46.938,0.010,0.600,-1.000,-1.000,5.230,Run,NaN,NaN,-0.398,1.000
46.948,0.010,0.600,1.000,1.000,5.240,Run,NaN,NaN,1.598,1.000
46.958,0.010,0.600,-1.000,-1.000,5.230,Run,NaN,NaN,-0.398,1.000
46.968,0.010,0.600,1.000,1.000,5.240,Run,NaN,NaN,1.598,1.000
46.978,0.010,0.600,-1.000,-1.000,5.230,Run,NaN,NaN,-0.398,1.000
46.988,0.010,0.600,1.000,1.000,5.240,Run,NaN,NaN,1.598,1.000
46.998,0.010,0.600,-1.000,-1.000,5.230,Run,NaN,NaN,-0.398,1.000
47.008,0.010,0.600,1.000,1.000,5.240,Run,NaN,NaN,1.598,1.000
47.018,0.010,0.600,-1.000,-1.000,5.230,Run,NaN,NaN,-0.398,1.000
47.028,0.010,0.600,1.000,1.000,5.240,Run,NaN,NaN,1.598,1.000
47.038,0.010,0.600,-1.000,-1.000,5.230,Run,NaN,NaN,-0.398,1.000
47.048,0.010,0.600,1.000,1.000,5.240,Run,NaN,NaN,1.598,1.000
47.058,0.010,0.600,-1.000,-1.000,5.230,Run,NaN,NaN,-0.398,1.000
47.068,0.010,0.600,1.000,1.000,5.240,Run,NaN,NaN,1.598,1.000
47.078,0.010,0.600,-1.000,-1.000,5.230,Run,NaN,NaN,-0.398,1.000
47.088,0.010,0.600,1.000,1.000,5.240,Run,NaN,NaN,1.598,1.000
47.098,0.010,0.600,-1.000,-1.000,5.230,Run,NaN,NaN,-0.398,1.000
47.108,0.010,0.600,1.000,1.000,5.240,Run,NaN,NaN,1.598,1.000
47.118,0.010,0.600,-1.000,-1.000,5.230,Run,NaN,NaN,-0.398,1.000
47.128,0.010,0.600,1.000,1.000,5.240,Run,NaN,NaN,1.598,1.000
47.138,0.010,0.600,-1.000,-1.000,5.230,Run,NaN,NaN,-0.398,1.000
47.148,0.010,0.600,1.000,1.000,5.240,Run,NaN,NaN,1.598,1.000
47.158,0.010,0.600,-1.000,-1.000,5.230,Run,NaN,NaN,-0.398,1.000
47.168,0.010,0.600,1.000,1.000,5.240,Run,NaN,NaN,1.598,1.000
47.178,0.010,0.600,-1.000,-1.000,5.230,Run,NaN,NaN,-0.398,1.000
47.188,0.010,0.600,1.000,1.000,5.240,Run,NaN,NaN,1.598,1.000
47.198,0.010,0.600,-1.000,-1.000,5.230,Run,NaN,NaN,-0.398,1.000
47.208,0.010,0.600,1.000,1.000,5.240,Run,NaN,NaN,1.598,1.000
47.218,0.010,0.600,-1.000,-1.000,5.230,Run,NaN,NaN,-0.398,1.000
47.228,0.010,0.600,1.000,1.000,5.240,Run,NaN,NaN,1.598,1.000
47.238,0.010,0.600,-1.000,-1.000,5.230,Run,NaN,NaN,-0.398,1.000
47.248,0.010,0.600,1.000,1.000,5.240,Run,NaN,NaN,1.598,1.000
47.258,0.010,0.600,-1.000,-1.000,5.230,Run,NaN,NaN,-0.398,1.000
47.268,0.010,0.600,1.000,1.000,5.240,Run,NaN,NaN,1.598,1.000
47.278,0.010,0.600,-1.000,-1.000,5.230,Run,NaN,NaN,-0.398,1.000
47.288,0.010,0.600,1.000,1.000,5.240,Run,NaN,NaN,1.598,1.000
47.298,0.010,0.600,-1.000,-1.000,5.230,Run,NaN,NaN,-0.398,1.000
47.308,0.010,0.600,1.000,1.000,5.240,Run,NaN,NaN,1.598,1.000
47.318,0.010,0.600,-1.000,-1.000,5.230,Run,NaN,NaN,-0.398,1.000
47.328,0.010,0.600,1.000,1.000,5.240,Run,NaN,NaN,1.598,1.000
47.338,0.010,0.600,-1.000,-1.000,5.230,Run,NaN,NaN,-0.398,1.000
47.348,0.010,0.600,1.000,1.000,5.240,Run,NaN,NaN,1.598,1.000
47.358,0.010,0.600,-1.000,-1.000,5.230,Run,NaN,NaN,-0.398,1.000
47.368,0.010,0.600,1.000,1.000,5.240,Run,NaN,NaN,1.598,1.000
47.378,0.010,0.600,-1.000,-1.000,5.230,Run,NaN,NaN,-0.398,1.000
47.388,0.010,0.600,1.000,1.000,5.240,Run,NaN,NaN,1.598,1.000
47.398,0.010,0.600,-1.000,-1.000,5.230,Run,NaN,NaN,-0.398,1.000
47.408,0.010,0.600,1.000,1.000,5.240,Run,NaN,NaN,1.598,1.000
47.418,0.010,0.600,-1.000,-1.000,5.230,Run,NaN,NaN,-0.398,1.000
47.428,0.010,0.600,1.000,1.000,5.240,Run,NaN,NaN,1.598,1.000
47.438,0.010,0.600,-1.000,-1.000,5.230,Run,NaN,NaN,-0.398,1.000
47.448,0.010,0.600,1.000,1.000,5.240,Run,NaN,NaN,1.598,1.000
47.458,0.010,0.600,-1.000,-1.000,5.230,Run,NaN,NaN,-0.398,1.000
47.468,0.010,0.600,1.000,1.000,5.240,Run,NaN,NaN,1.598,1.000
47.478,0.010,0.600,-1.000,-1.000,5.230,Run,NaN,NaN,-0.398,1.000
47.488,0.010,0.600,1.000,1.000,5.240,Run,NaN,NaN,1.598,1.000
47.498,0.010,0.600,-1.000,-1.000,5.230,Run,NaN,NaN,-0.398,1.000
47.508,0.010,0.600,1.000,1.000,5.240,Run,NaN,NaN,1.598,1.000
47.518,0.010,0.600,-1.000,-1.000,5.230,Run,NaN,NaN,-0.398,1.000
47.528,0.010,0.600,1.000,1.000,5.240,Run,NaN,NaN,1.598,1.000
47.538,0.010,0.600,-1.000,-1.000,5.230,Run,NaN,NaN,-0.398,1.000
47.548,0.010,0.600,1.000,1.000,5.240,Run,NaN,NaN,1.598,1.000
47.558,0.010,0.600,-1.000,-1.000,5.230,Run,NaN,NaN,-0.398,1.000
47.568,0.010,0.600,1.000,1.000,5.240,Run,NaN,NaN,1.598,1.000
47.578,0.010,0.600,-1.000,-1.000,5.230,Run,NaN,NaN,-0.398,1.000
47.588,0.010,0.600,1.000,1.000,5.240,Run,NaN,NaN,1.598,1.000
47.598,0.010,0.600,-1.000,-1.000,5.230,Run,NaN,NaN,-0.398,1.000
47.608,0.010,0.600,1.000,1.000,5.240,Run,NaN,NaN,1.598,1.000
47.618,0.010,0.600,-1.000,-1.000,5.230,Run,NaN,NaN,-0.398,1.000
47.628,0.010,0.600,1.000,1.000,5.240,Run,NaN,NaN,1.598,1.000
47.638,0.010,0.600,-1.000,-1.000,5.230,Run,NaN,NaN,-0.398,1.000
47.648,0.010,0.600,1.000,1.000,5.240,Run,NaN,NaN,1.598,1.000
47.658,0.010,0.600,-1.000,-1.000,5.230,Run,NaN,NaN,-0.398,1.000
47.668,0.010,0.600,1.000,1.000,5.240,Run,NaN,NaN,1.598,1.000
47.678,0.010,0.600,-1.000,-1.000,5.230,Run,NaN,NaN,-0.398,1.000
47.688,0.010,0.600,1.000,1.000,5.240,Run,NaN,NaN,1.598,1.000
47.698,0.010,0.600,-1.000,-1.000,5.230,Run,NaN,NaN,-0.398,1.000
47.708,0.010,0.600,1.000,1.000,5.240,Run,NaN,NaN,1.598,1.000
47.718,0.010,0.600,-1.000,-1.000,5.230,Run,NaN,NaN,-0.398,1.000
47.728,0.010,0.600,1.000,1.000,5.240,Run,NaN,NaN,1.598,1.000
47.738,0.010,0.600,-1.000,-1.000,5.230,Run,NaN,NaN,-0.398,1.000
47.748,0.010,0.600,1.000,1.000,5.240,Run,NaN,NaN,1.598,1.000
47.758,0.010,0.600,-1.000,-1.000,5.230,Run,NaN,NaN,-0.398,1.000
47.768,0.010,0.600,1.000,1.000,5.240,Run,NaN,NaN,1.598,1.000
47.778,0.010,0.600,-1.000,-1.000,5.230,Run,NaN,NaN,-0.398,1.000
47.788,0.010,0.600,1.000,1.000,5.240,Run,NaN,NaN,1.598,1.000
47.798,0.010,0.600,-1.000,-1.000,5.230,Run,NaN,NaN,-0.398,1.000
47.808,0.010,0.600,1.000,1.000,5.240,Run,NaN,NaN,1.598,1.000
47.818,0.010,0.600,-1.000,-1.000,5.230,Run,NaN,NaN,-0.398,1.000
47.828,0.010,0.600,1.000,1.000,5.240,Run,NaN,NaN,1.598,1.000
47.838,0.010,0.600,-1.000,-1.000,5.230,Run,NaN,NaN,-0.398,1.000
47.848,0.010,0.600,1.000,1.000,5.240,Run,NaN,NaN,1.598,1.000
47.858,0.010,0.600,-1.000,-1.000,5.230,Run,NaN,NaN,-0.398,1.000
47.868,0.010,0.600,1.000,1.000,5.240,Run,NaN,NaN,1.598,1.000
47.878,0.010,0.600,-1.000,-1.000,5.230,Run,NaN,NaN,-0.398,1.000
47.888,0.010,0.600,1.000,1.000,5.240,Run,NaN,NaN,1.598,1.000
47.898,0.010,0.600,-1.000,-1.000,5.230,Run,NaN,NaN,-0.398,1.000
47.908,0.010,0.600,1.000,1.000,5.240,Run,NaN,NaN,1.598,1.000
47.918,0.010,0.600,-1.000,-1.000,5.230,Run,NaN,NaN,-0.398,1.000
47.928,0.010,0.600,1.000,1.000,5.240,Run,NaN,NaN,1.598,1.000
47.938,0.010,0.600,-1.000,-1.000,5.230,Run,NaN,NaN,-0.398,1.000
47.948,0.010,0.600,1.000,1.000,5.240,Run,NaN,NaN,1.598,1.000
47.958,0.010,0.600,-1.000,-1.000,5.230,Run,NaN,NaN,-0.398,1.000
47.968,0.010,0.600,1.000,1.000,5.240,Run,NaN,NaN,1.598,1.000
47.978,0.010,0.600,-1.000,-1.000,5.230,Run,NaN,NaN,-0.398,1.000
47.988,0.010,0.600,1.000,1.000,5.240,Run,NaN,NaN,1.598,1.000
47.998,0.010,0.600,-1.000,-1.000,5.230,Run,NaN,NaN,-0.398,1.000
48.008,0.010,0.600,1.000,1.000,5.240,Run,NaN,NaN,1.598,1.000
48.018,0.010,0.600,-1.000,-1.000,5.230,Run,NaN,NaN,-0.398,1.000
48.028,0.010,0.600,1.000,1.000,5.240,Run,NaN,NaN,1.598,1.000
48.038,0.010,0.600,-1.000,-1.000,5.230,Run,NaN,NaN,-0.398,1.000
48.048,0.010,0.600,1.000,1.000,5.240,Run,NaN,NaN,1.598,1.000
48.058,0.010,0.600,-1.000,-1.000,5.230,Run,NaN,NaN,-0.398,1.000
48.068,0.010,0.600,1.000,1.000,5.240,Run,NaN,NaN,1.598,1.000
48.078,0.010,0.600,-1.000,-1.000,5.230,Run,NaN,NaN,-0.398,1.000
48.088,0.010,0.600,1.000,1.000,5.240,Run,NaN,NaN,1.598,1.000
48.098,0.010,0.600,-1.000,-1.000,5.230,Run,NaN,NaN,-0.398,1.000
48.108,0.010,0.600,1.000,1.000,5.240,Run,NaN,NaN,1.598,1.000
48.118,0.010,0.600,-1.000,-1.000,5.230,Run,NaN,NaN,-0.398,1.000
48.128,0.010,0.600,1.000,1.000,5.240,Run,NaN,NaN,1.598,1.000
48.138,0.010,0.600,-1.000,-1.000,5.230,Run,NaN,NaN,-0.398,1.000
48.148,0.010,0.600,1.000,1.000,5.240,Run,NaN,NaN,1.598,1.000
48.158,0.010,0.600,-1.000,-1.000,5.230,Run,NaN,NaN,-0.398,1.000
48.168,0.010,0.600,1.000,1.000,5.240,Run,NaN,NaN,1.598,1.000
48.178,0.010,0.600,-1.000,-1.000,5.230,Run,NaN,NaN,-0.398,1.000
48.188,0.010,0.600,1.000,1.000,5.240,Run,NaN,NaN,1.598,1.000
48.198,0.010,0.600,-1.000,-1.000,5.230,Run,NaN,NaN,-0.398,1.000
48.208,0.010,0.600,1.000,1.000,5.240,Run,NaN,NaN,1.598,1.000
48.218,0.010,0.600,-1.000,-1.000,5.230,Run,NaN,NaN,-0.398,1.000
48.228,0.010,0.600,1.000,1.000,5.240,Run,NaN,NaN,1.598,1.000
48.238,0.010,0.600,-1.000,-1.000,5.230,Run,NaN,NaN,-0.398,1.000
48.248,0.010,0.600,1.000,1.000,5.240,Run,NaN,NaN,1.598,1.000
48.258,0.010,0.600,-1.000,-1.000,5.230,Run,NaN,NaN,-0.398,1.000
48.268,0.010,0.600,1.000,1.000,5.240,Run,NaN,NaN,1.598,1.000
48.278,0.010,0.600,-1.000,-1.000,5.230,Run,NaN,NaN,-0.398,1.000
48.288,0.010,0.600,1.000,1.000,5.240,Run,NaN,NaN,1.598,1.000
48.298,0.010,0.600,-1.000,-1.000,5.230,Run,NaN,NaN,-0.398,1.000
48.308,0.010,0.600,1.000,1.000,5.240,Run,NaN,NaN,1.598,1.000
48.318,0.010,0.600,-1.000,-1.000,5.230,Run,NaN,NaN,-0.398,1.000
48.328,0.010,0.600,1.000,1.000,5.240,Run,NaN,NaN,1.598,1.000
48.338,0.010,0.600,-1.000,-1.000,5.230,Run,NaN,NaN,-0.398,1.000
48.348,0.010,0.600,1.000,1.000,5.240,Run,NaN,NaN,1.598,1.000
48.358,0.010,0.600,-1.000,-1.000,5.230,Run,NaN,NaN,-0.398,1.000
48.368,0.010,0.600,1.000,1.000,5.240,Run,NaN,NaN,1.598,1.000
48.378,0.010,0.600,-1.000,-1.000,5.230,Run,NaN,NaN,-0.398,1.000
48.388,0.010,0.600,1.000,1.000,5.240,Run,NaN,NaN,1.598,1.000
48.398,0.010,0.600,-1.000,-1.000,5.230,Run,NaN,NaN,-0.398,1.000
48.408,0.010,0.600,1.000,1.000,5.240,Run,NaN,NaN,1.598,1.000
48.418,0.010,0.600,-1.000,-1.000,5.230,Run,NaN,NaN,-0.398,1.000
48.428,0.010,0.600,1.000,1.000,5.240,Run,NaN,NaN,1.598,1.000
48.438,0.010,0.600,-1.000,-1.000,5.230,Run,NaN,NaN,-0.398,1.000
48.448,0.010,0.600,1.000,1.000,5.240,Run,NaN,NaN,1.598,1.000
48.458,0.010,0.600,-1.000,-1.000,5.230,Run,NaN,NaN,-0.398,1.000
48.468,0.010,0.600,1.000,1.000,5.240,Run,NaN,NaN,1.598,1.000
48.478,0.010,0.600,-1.000,-1.000,5.230,Run,NaN,NaN,-0.398,1.000
48.488,0.010,0.600,1.000,1.000,5.240,Run,NaN,NaN,1.598,1.000
48.498,0.010,0.600,-1.000,-1.000,5.230,Run,NaN,NaN,-0.398,1.000
48.508,0.010,0.600,1.000,1.000,5.240,Run,NaN,NaN,1.598,1.000
48.518,0.010,0.600,-1.000,-1.000,5.230,Run,NaN,NaN,-0.398,1.000
48.528,0.010,0.600,1.000,1.000,5.240,Run,NaN,NaN,1.598,1.000
48.538,0.010,0.600,-1.000,-1.000,5.230,Run,NaN,NaN,-0.398,1.000
48.548,0.010,0.600,1.000,1.000,5.240,Run,NaN,NaN,1.598,1.000
48.558,0.010,0.600,-1.000,-1.000,5.230,Run,NaN,NaN,-0.398,1.000
48.568,0.010,0.600,1.000,1.000,5.240,Run,NaN,NaN,1.598,1.000
48.578,0.010,0.600,-1.000,-1.000,5.230,Run,NaN,NaN,-0.398,1.000
48.588,0.010,0.600,1.000,1.000,5.240,Run,NaN,NaN,1.598,1.000
48.598,0.010,0.600,-1.000,-1.000,5.230,Run,NaN,NaN,-0.398,1.000
48.608,0.010,0.600,1.000,1.000,5.240,Run,NaN,NaN,1.598,1.000
48.618,0.010,0.600,-1.000,-1.000,5.230,Run,NaN,NaN,-0.398,1.000
48.628,0.010,0.600,1.000,1.000,5.240,Run,NaN,NaN,1.598,1.000
48.638,0.010,0.600,-1.000,-1.000,5.230,Run,NaN,NaN,-0.398,1.000
48.648,0.010,0.600,1.000,1.000,5.240,Run,NaN,NaN,1.598,1.000
48.658,0.010,0.600,-1.000,-1.000,5.230,Run,NaN,NaN,-0.398,1.000
48.668,0.010,0.600,1.000,1.000,5.240,Run,NaN,NaN,1.598,1.000
48.678,0.010,0.600,-1.000,-1.000,5.230,Run,NaN,NaN,-0.398,1.000
48.688,0.010,0.600,1.000,1.000,5.240,Run,NaN,NaN,1.598,1.000
48.698,0.010,0.600,-1.000,-1.000,5.230,Run,NaN,NaN,-0.398,1.000
48.708,0.010,0.600,1.000,1.000,5.240,Run,NaN,NaN,1.598,1.000
48.718,0.010,0.600,-1.000,-1.000,5.230,Run,NaN,NaN,-0.398,1.000
48.728,0.010,0.600,1.000,1.000,5.240,Run,NaN,NaN,1.598,1.000
48.738,0.010,0.600,-1.000,-1.000,5.230,Run,NaN,NaN,-0.398,1.000
48.748,0.010,0.600,1.000,1.000,5.240,Run,NaN,NaN,1.598,1.000
48.758,0.010,0.600,-1.000,-1.000,5.230,Run,NaN,NaN,-0.398,1.000
48.768,0.010,0.600,1.000,1.000,5.240,Run,NaN,NaN,1.598,1.000
48.778,0.010,0.600,-1.000,-1.000,5.230,Run,NaN,NaN,-0.398,1.000
48.788,0.010,0.600,1.000,1.000,5.240,Run,NaN,NaN,1.598,1.000
48.798,0.010,0.600,-1.000,-1.000,5.230,Run,NaN,NaN,-0.398,1.000
48.808,0.010,0.600,1.000,1.000,5.240,Run,NaN,NaN,1.598,1.000
48.818,0.010,0.600,-1.000,-1.000,5.230,Run,NaN,NaN,-0.398,1.000
48.828,0.010,0.600,1.000,1.000,5.240,Run,NaN,NaN,1.598,1.000
48.838,0.010,0.600,-1.000,-1.000,5.230,Run,NaN,NaN,-0.398,1.000
48.848,0.010,0.600,1.000,1.000,5.240,Run,NaN,NaN,1.598,1.000
48.858,0.010,0.600,-1.000,-1.000,5.230,Run,NaN,NaN,-0.398,1.000
48.868,0.010,0.600,1.000,1.000,5.240,Run,NaN,NaN,1.598,1.000
48.878,0.010,0.600,-1.000,-1.000,5.230,Run,NaN,NaN,-0.398,1.000
48.888,0.010,0.600,1.000,1.000,5.240,Run,NaN,NaN,1.598,1.000
48.898,0.010,0.600,-1.000,-1.000,5.230,Run,NaN,NaN,-0.398,1.000
48.908,0.010,0.600,1.000,1.000,5.240,Run,NaN,NaN,1.598,1.000
48.918,0.010,0.600,-1.000,-1.000,5.230,Run,NaN,NaN,-0.398,1.000
48.928,0.010,0.600,1.000,1.000,5.240,Run,NaN,NaN,1.598,1.000
48.938,0.010,0.600,-1.000,-1.000,5.230,Run,NaN,NaN,-0.398,1.000
48.948,0.010,0.600,1.000,1.000,5.240,Run,NaN,NaN,1.598,1.000
48.958,0.010,0.600,-1.000,-1.000,5.230,Run,NaN,NaN,-0.398,1.000
48.968,0.010,0.600,1.000,1.000,5.240,Run,NaN,NaN,1.598,1.000
48.978,0.010,0.600,-1.000,-1.000,5.230,Run,NaN,NaN,-0.398,1.000
48.988,0.010,0.600,1.000,1.000,5.240,Run,NaN,NaN,1.598,1.000
48.998,0.010,0.600,-1.000,-1.000,5.230,Run,NaN,NaN,-0.398,1.000
49.008,0.010,0.600,1.000,1.000,5.240,Run,NaN,NaN,1.598,1.000
49.018,0.010,0.600,-1.000,-1.000,5.230,Run,NaN,NaN,-0.398,1.000
49.028,0.010,0.600,1.000,1.000,5.240,Run,NaN,NaN,1.598,1.000
49.038,0.010,0.600,-1.000,-1.000,5.230,Run,NaN,NaN,-0.398,1.000
49.048,0.010,0.600,1.000,1.000,5.240,Run,NaN,NaN,1.598,1.000
49.058,0.010,0.600,-1.000,-1.000,5.230,Run,NaN,NaN,-0.398,1.000
49.068,0.010,0.600,1.000,1.000,5.240,Run,NaN,NaN,1.598,1.000
49.078,0.010,0.600,-1.000,-1.000,5.230,Run,NaN,NaN,-0.398,1.000
49.088,0.010,0.600,1.000,1.000,5.240,Run,NaN,NaN,1.598,1.000
49.098,0.010,0.600,-1.000,-1.000,5.230,Run,NaN,NaN,-0.398,1.000
49.108,0.010,0.600,1.000,1.000,5.240,Run,NaN,NaN,1.598,1.000
49.118,0.010,0.600,-1.000,-1.000,5.230,Run,NaN,NaN,-0.398,1.000
49.128,0.010,0.600,1.000,1.000,5.240,Run,NaN,NaN,1.598,1.000
49.138,0.010,0.600,-1.000,-1.000,5.230,Run,NaN,NaN,-0.398,1.000
49.148,0.010,0.600,1.000,1.000,5.240,Run,NaN,NaN,1.598,1.000
49.158,0.010,0.600,-1.000,-1.000,5.230,Run,NaN,NaN,-0.398,1.000
49.168,0.010,0.600,1.000,1.000,5.240,Run,NaN,NaN,1.598,1.000
49.178,0.010,0.600,-1.000,-1.000,5.230,Run,NaN,NaN,-0.398,1.000
49.188,0.010,0.600,1.000,1.000,5.240,Run,NaN,NaN,1.598,1.000
49.198,0.010,0.600,-1.000,-1.000,5.230,Run,NaN,NaN,-0.398,1.000
49.208,0.010,0.600,1.000,1.000,5.240,Run,NaN,NaN,1.598,1.000
49.218,0.010,0.600,-1.000,-1.000,5.230,Run,NaN,NaN,-0.398,1.000
49.228,0.010,0.600,1.000,1.000,5.240,Run,NaN,NaN,1.598,1.000
49.238,0.010,0.600,-1.000,-1.000,5.230,Run,NaN,NaN,-0.398,1.000
49.248,0.010,0.600,1.000,1.000,5.240,Run,NaN,NaN,1.598,1.000
49.258,0.010,0.600,-1.000,-1.000,5.230,Run,NaN,NaN,-0.398,1.000
49.268,0.010,0.600,1.000,1.000,5.240,Run,NaN,NaN,1.598,1.000
49.278,0.010,0.600,-1.000,-1.000,5.230,Run,NaN,NaN,-0.398,1.000
49.288,0.010,0.600,1.000,1.000,5.240,Run,NaN,NaN,1.598,1.000
49.298,0.010,0.600,-1.000,-1.000,5.230,Run,NaN,NaN,-0.398,1.000
49.308,0.010,0.600,1.000,1.000,5.240,Run,NaN,NaN,1.598,1.000
49.318,0.010,0.600,-1.000,-1.000,5.230,Run,NaN,NaN,-0.398,1.000
49.328,0.010,0.600,1.000,1.000,5.240,Run,NaN,NaN,1.598,1.000
49.338,0.010,0.600,-1.000,-1.000,5.230,Run,NaN,NaN,-0.398,1.000
49.348,0.010,0.600,1.000,1.000,5.240,Run,NaN,NaN,1.598,1.000
49.358,0.010,0.600,-1.000,-1.000,5.230,Run,NaN,NaN,-0.398,1.000
49.368,0.010,0.600,1.000,1.000,5.240,Run,NaN,NaN,1.598,1.000
49.378,0.010,0.600,-1.000,-1.000,5.230,Run,NaN,NaN,-0.398,1.000
49.388,0.010,0.600,1.000,1.000,5.240,Run,NaN,NaN,1.598,1.000
49.398,0.010,0.600,-1.000,-1.000,5.230,Run,NaN,NaN,-0.398,1.000
49.408,0.010,0.600,1.000,1.000,5.240,Run,NaN,NaN,1.598,1.000
49.418,0.010,0.600,-1.000,-1.000,5.230,Run,NaN,NaN,-0.398,1.000
49.428,0.010,0.600,1.000,1.000,5.240,Run,NaN,NaN,1.598,1.000
49.438,0.010,0.600,-1.000,-1.000,5.230,Run,NaN,NaN,-0.398,1.000
49.448,0.010,0.600,1.000,1.000,5.240,Run,NaN,NaN,1.598,1.000
49.458,0.010,0.600,-1.000,-1.000,5.230,Run,NaN,NaN,-0.398,1.000
49.468,0.010,0.600,1.000,1.000,5.240,Run,NaN,NaN,1.598,1.000
49.478,0.010,0.600,-1.000,-1.000,5.230,Run,NaN,NaN,-0.398,1.000
49.488,0.010,0.600,1.000,1.000,5.240,Run,NaN,NaN,1.598,1.000
49.498,0.010,0.600,-1.000,-1.000,5.230,Run,NaN,NaN,-0.398,1.000
49.508,0.010,0.600,1.000,1.000,5.240,Run,NaN,NaN,1.598,1.000
49.518,0.010,0.600,-1.000,-1.000,5.230,Run,NaN,NaN,-0.398,1.000
49.528,0.010,0.600,1.000,1.000,5.240,Run,NaN,NaN,1.598,1.000
49.538,0.010,0.600,-1.000,-1.000,5.230,Run,NaN,NaN,-0.398,1.000
49.548,0.010,0.600,1.000,1.000,5.240,Run,NaN,NaN,1.598,1.000
49.558,0.010,0.600,-1.000,-1.000,5.230,Run,NaN,NaN,-0.398,1.000
49.568,0.010,0.600,1.000,1.000,5.240,Run,NaN,NaN,1.598,1.000
49.578,0.010,0.600,-1.000,-1.000,5.230,Run,NaN,NaN,-0.398,1.000
49.588,0.010,0.600,1.000,1.000,5.240,Run,NaN,NaN,1.598,1.000
49.598,0.010,0.600,-1.000,-1.000,5.230,Run,NaN,NaN,-0.398,1.000
49.608,0.010,0.600,1.000,1.000,5.240,Run,NaN,NaN,1.598,1.000
49.618,0.010,0.600,-1.000,-1.000,5.230,Run,NaN,NaN,-0.398,1.000
49.628,0.010,0.600,1.000,1.000,5.240,Run,NaN,NaN,1.598,1.000
49.638,0.010,0.600,-1.000,-1.000,5.230,Run,NaN,NaN,-0.398,1.000
49.648,0.010,0.600,1.000,1.000,5.240,Run,NaN,NaN,1.598,1.000
49.658,0.010,0.600,-1.000,-1.000,5.230,Run,NaN,NaN,-0.398,1.000
49.668,0.010,0.600,1.000,1.000,5.240,Run,NaN,NaN,1.598,1.000
49.678,0.010,0.600,-1.000,-1.000,5.230,Run,NaN,NaN,-0.398,1.000
49.688,0.010,0.600,1.000,1.000,5.240,Run,NaN,NaN,1.598,1.000
49.698,0.010,0.600,-1.000,-1.000,5.230,Run,NaN,NaN,-0.398,1.000
49.708,0.010,0.600,1.000,1.000,5.240,Run,NaN,NaN,1.598,1.000
49.718,0.010,0.600,-1.000,-1.000,5.230,Run,NaN,NaN,-0.398,1.000
49.728,0.010,0.600,1.000,1.000,5.240,Run,NaN,NaN,1.598,1.000
49.738,0.010,0.600,-1.000,-1.000,5.230,Run,NaN,NaN,-0.398,1.000
49.748,0.010,0.600,1.000,1.000,5.240,Run,NaN,NaN,1.598,1.000
49.758,0.010,0.600,-1.000,-1.000,5.230,Run,NaN,NaN,-0.398,1.000
49.768,0.010,0.600,1.000,1.000,5.240,Run,NaN,NaN,1.598,1.000
49.778,0.010,0.600,-1.000,-1.000,5.230,Run,NaN,NaN,-0.398,1.000
49.788,0.010,0.600,1.000,1.000,5.240,Run,NaN,NaN,1.598,1.000
49.798,0.010,0.600,-1.000,-1.000,5.230,Run,NaN,NaN,-0.398,1.000
49.808,0.010,0.600,1.000,1.000,5.240,Run,NaN,NaN,1.598,1.000
49.818,0.010,0.600,-1.000,-1.000,5.230,Run,NaN,NaN,-0.398,1.000
49.828,0.010,0.600,1.000,1.000,5.240,Run,NaN,NaN,1.598,1.000
49.838,0.010,0.600,-1.000,-1.000,5.230,Run,NaN,NaN,-0.398,1.000
49.848,0.010,0.600,1.000,1.000,5.240,Run,NaN,NaN,1.598,1.000
49.858,0.010,0.600,-1.000,-1.000,5.230,Run,NaN,NaN,-0.398,1.000
49.868,0.010,0.600,1.000,1.000,5.240,Run,NaN,NaN,1.598,1.000
49.878,0.010,0.600,-1.000,-1.000,5.230,Run,NaN,NaN,-0.398,1.000
49.888,0.010,0.600,1.000,1.000,5.240,Run,NaN,NaN,1.598,1.000
49.898,0.010,0.600,-1.000,-1.000,5.230,Run,NaN,NaN,-0.398,1.000
49.908,0.010,0.600,1.000,1.000,5.240,Run,NaN,NaN,1.598,1.000
49.918,0.010,0.600,-1.000,-1.000,5.230,Run,NaN,NaN,-0.398,1.000
49.928,0.010,0.600,1.000,1.000,5.240,Run,NaN,NaN,1.598,1.000
49.938,0.010,0.600,-1.000,-1.000,5.230,Run,NaN,NaN,-0.398,1.000
49.948,0.010,0.600,1.000,1.000,5.240,Run,NaN,NaN,1.598,1.000
49.958,0.010,0.600,-1.000,-1.000,5.230,Run,NaN,NaN,-0.398,1.000
49.968,0.010,0.600,1.000,1.000,5.240,Run,NaN,NaN,1.598,1.000
49.978,0.010,0.600,-1.000,-1.000,5.230,Run,NaN,NaN,-0.398,1.000
49.988,0.010,0.600,1.000,1.000,5.240,Run,NaN,NaN,1.598,1.000
49.998,0.010,0.600,-1.000,-1.000,5.230,Run,NaN,NaN,-0.398,1.000
50.008,0.010,0.600,1.000,1.000,5.240,Run,NaN,NaN,1.598,1.000
50.018,0.010,0.600,-1.000,-1.000,5.230,Run,NaN,NaN,-0.398,1.000
50.028,0.010,0.600,1.000,1.000,5.240,Run,NaN,NaN,1.598,1.000
50.038,0.010,0.600,-1.000,-1.000,5.230,Run,NaN,NaN,-0.398,1.000
50.048,0.010,0.600,1.000,1.000,5.240,Run,NaN,NaN,1.598,1.000
50.058,0.010,0.600,-1.000,-1.000,5.230,Run,NaN,NaN,-0.398,1.000
50.068,0.010,0.600,1.000,1.000,5.240,Run,NaN,NaN,1.598,1.000
50.078,0.010,0.600,-1.000,-1.000,5.230,Run,NaN,NaN,-0.398,1.000
50.088,0.010,0.600,1.000,1.000,5.240,Run,NaN,NaN,1.598,1.000
50.098,0.010,0.600,-1.000,-1.000,5.230,Run,NaN,NaN,-0.398,1.000
50.108,0.010,0.600,1.000,1.000,5.240,Run,NaN,NaN,1.598,1.000
50.118,0.010,0.600,-1.000,-1.000,5.230,Run,NaN,NaN,-0.398,1.000
50.128,0.010,0.600,1.000,1.000,5.240,Run,NaN,NaN,1.598,1.000
50.138,0.010,0.600,-1.000,-1.000,5.230,Run,NaN,NaN,-0.398,1.000
50.148,0.010,0.600,1.000,1.000,5.240,Run,NaN,NaN,1.598,1.000
50.158,0.010,0.600,-1.000,-1.000,5.230,Run,NaN,NaN,-0.398,1.000
50.168,0.010,0.600,1.000,1.000,5.240,Run,NaN,NaN,1.598,1.000
50.178,0.010,0.600,-1.000,-1.000,5.230,Run,NaN,NaN,-0.398,1.000
50.188,0.010,0.600,1.000,1.000,5.240,Run,NaN,NaN,1.598,1.000
50.198,0.010,0.600,-1.000,-1.000,5.230,Run,NaN,NaN,-0.398,1.000
50.208,0.010,0.600,1.000,1.000,5.240,Run,NaN,NaN,1.598,1.000
50.218,0.010,0.600,-1.000,-1.000,5.230,Run,NaN,NaN,-0.398,1.000
50.228,0.010,0.600,1.000,1.000,5.240,Run,NaN,NaN,1.598,1.000
50.238,0.010,0.600,-1.000,-1.000,5.230,Run,NaN,NaN,-0.398,1.000
50.248,0.010,0.600,1.000,1.000,5.240,Run,NaN,NaN,1.598,1.000
50.258,0.010,0.600,-1.000,-1.000,5.230,Run,NaN,NaN,-0.398,1.000
50.268,0.010,0.600,1.000,1.000,5.240,Run,NaN,NaN,1.598,1.000
50.278,0.010,0.600,-1.000,-1.000,5.230,Run,NaN,NaN,-0.398,1.000
50.288,0.010,0.600,1.000,1.000,5.240,Run,NaN,NaN,1.598,1.000
50.298,0.010,0.600,-1.000,-1.000,5.230,Run,NaN,NaN,-0.398,1.000
50.308,0.010,0.600,1.000,1.000,5.240,Run,NaN,NaN,1.598,1.000
50.318,0.010,0.600,-1.000,-1.000,5.230,Run,NaN,NaN,-0.398,1.000
50.328,0.010,0.600,1.000,1.000,5.240,Run,NaN,NaN,1.598,1.000
50.338,0.010,0.600,-1.000,-1.000,5.230,Run,NaN,NaN,-0.398,1.000
50.348,0.010,0.600,1.000,1.000,5.240,Run,NaN,NaN,1.598,1.000
50.358,0.010,0.600,-1.000,-1.000,5.230,Run,NaN,NaN,-0.398,1.000
50.368,0.010,0.600,1.000,1.000,5.240,Run,NaN,NaN,1.598,1.000
50.378,0.010,0.600,-1.000,-1.000,5.230,Run,NaN,NaN,-0.398,1.000
50.388,0.010,0.600,1.000,1.000,5.240,Run,NaN,NaN,1.598,1.000
50.398,0.010,0.600,-1.000,-1.000,5.230,Run,NaN,NaN,-0.398,1.000
50.408,0.010,0.600,1.000,1.000,5.240,Run,NaN,NaN,1.598,1.000
50.418,0.010,0.600,-1.000,-1.000,5.230,Run,NaN,NaN,-0.398,1.000
50.428,0.010,0.600,1.000,1.000,5.240,Run,NaN,NaN,1.598,1.000
50.438,0.010,0.600,-1.000,-1.000,5.230,Run,NaN,NaN,-0.398,1.000
50.448,0.010,0.600,1.000,1.000,5.240,Run,NaN,NaN,1.598,1.000
50.458,0.010,0.600,-1.000,-1.000,5.230,Run,NaN,NaN,-0.398,1.000
50.468,0.010,0.600,1.000,1.000,5.240,Run,NaN,NaN,1.598,1.000
50.478,0.010,0.600,-1.000,-1.000,5.230,Run,NaN,NaN,-0.398,1.000
50.488,0.010,0.600,1.000,1.000,5.240,Run,NaN,NaN,1.598,1.000
50.498,0.010,0.600,-1.000,-1.000,5.230,Run,NaN,NaN,-0.398,1.000
50.508,0.010,0.600,1.000,1.000,5.240,Run,NaN,NaN,1.598,1.000
50.518,0.010,0.600,-1.000,-1.000,5.230,Run,NaN,NaN,-0.398,1.000
50.528,0.010,0.600,1.000,1.000,5.240,Run,NaN,NaN,1.598,1.000
50.538,0.010,0.600,-1.000,-1.000,5.230,Run,NaN,NaN,-0.398,1.000
50.548,0.010,0.600,1.000,1.000,5.240,Run,NaN,NaN,1.598,1.000
50.558,0.010,0.600,-1.000,-1.000,5.230,Run,NaN,NaN,-0.398,1.000
50.568,0.010,0.600,1.000,1.000,5.240,Run,NaN,NaN,1.598,1.000
50.578,0.010,0.600,-1.000,-1.000,5.230,Run,NaN,NaN,-0.398,1.000
50.588,0.010,0.600,1.000,1.000,5.240,Run,NaN,NaN,1.598,1.000
50.598,0.010,0.600,-1.000,-1.000,5.230,Run,NaN,NaN,-0.398,1.000
50.608,0.010,0.600,1.000,1.000,5.240,Run,NaN,NaN,1.598,1.000
50.618,0.010,0.600,-1.000,-1.000,5.230,Run,NaN,NaN,-0.398,1.000
50.628,0.010,0.600,1.000,1.000,5.240,Run,NaN,NaN,1.598,1.000
50.638,0.010,0.600,-1.000,-1.000,5.230,Run,NaN,NaN,-0.398,1.000
50.648,0.010,0.600,1.000,1.000,5.240,Run,NaN,NaN,1.598,1.000
50.658,0.010,0.600,-1.000,-1.000,5.230,Run,NaN,NaN,-0.398,1.000
50.668,0.010,0.600,1.000,1.000,5.240,Run,NaN,NaN,1.598,1.000
50.678,0.010,0.600,-1.000,-1.000,5.230,Run,NaN,NaN,-0.398,1.000
50.688,0.010,0.600,1.000,1.000,5.240,Run,NaN,NaN,1.598,1.000
50.697,0.010,0.600,-1.000,-1.000,5.230,Run,NaN,NaN,-0.398,1.000
50.707,0.010,0.600,1.000,1.000,5.240,Run,NaN,NaN,1.598,1.000
50.717,0.010,0.600,-1.000,-1.000,5.230,Run,NaN,NaN,-0.398,1.000
50.727,0.010,0.600,1.000,1.000,5.240,Run,NaN,NaN,1.598,1.000
50.737,0.010,0.600,-1.000,-1.000,5.230,Run,NaN,NaN,-0.398,1.000
50.747,0.010,0.600,1.000,1.000,5.240,Run,NaN,NaN,1.598,1.000
50.757,0.010,0.600,-1.000,-1.000,5.230,Run,NaN,NaN,-0.398,1.000
50.767,0.010,0.600,1.000,1.000,5.240,Run,NaN,NaN,1.598,1.000
50.777,0.010,0.600,-1.000,-1.000,5.230,Run,NaN,NaN,-0.398,1.000
50.787,0.010,0.600,1.000,1.000,5.240,Run,NaN,NaN,1.598,1.000
50.797,0.010,0.600,-1.000,-1.000,5.230,Run,NaN,NaN,-0.398,1.000
50.807,0.010,0.600,1.000,1.000,5.240,Run,NaN,NaN,1.598,1.000
50.817,0.010,0.600,-1.000,-1.000,5.230,Run,NaN,NaN,-0.398,1.000
50.827,0.010,0.600,1.000,1.000,5.240,Run,NaN,NaN,1.598,1.000
50.837,0.010,0.600,-1.000,-1.000,5.230,Run,NaN,NaN,-0.398,1.000
50.847,0.010,0.600,1.000,1.000,5.240,Run,NaN,NaN,1.598,1.000
50.857,0.010,0.600,-1.000,-1.000,5.230,Run,NaN,NaN,-0.398,1.000
50.867,0.010,0.600,1.000,1.000,5.240,Run,NaN,NaN,1.598,1.000
50.877,0.010,0.600,-1.000,-1.000,5.230,Run,NaN,NaN,-0.398,1.000
50.887,0.010,0.600,1.000,1.000,5.240,Run,NaN,NaN,1.598,1.000
50.897,0.010,0.600,-1.000,-1.000,5.230,Run,NaN,NaN,-0.398,1.000
50.907,0.010,0.600,1.000,1.000,5.240,Run,NaN,NaN,1.598,1.000
50.917,0.010,0.600,-1.000,-1.000,5.230,Run,NaN,NaN,-0.398,1.000
50.927,0.010,0.600,1.000,1.000,5.240,Run,NaN,NaN,1.598,1.000
50.937,0.010,0.600,-1.000,-1.000,5.230,Run,NaN,NaN,-0.398,1.000
50.947,0.010,0.600,1.000,1.000,5.240,Run,NaN,NaN,1.598,1.000
50.957,0.010,0.600,-1.000,-1.000,5.230,Run,NaN,NaN,-0.398,1.000
50.967,0.010,0.600,1.000,1.000,5.240,Run,NaN,NaN,1.598,1.000
50.977,0.010,0.600,-1.000,-1.000,5.230,Run,NaN,NaN,-0.398,1.000
50.987,0.010,0.600,1.000,1.000,5.240,Run,NaN,NaN,1.598,1.000
50.997,0.010,0.600,-1.000,-1.000,5.230,Run,NaN,NaN,-0.398,1.000
51.007,0.010,0.600,1.000,1.000,5.240,Run,NaN,NaN,1.598,1.000
51.017,0.010,0.600,-1.000,-1.000,5.230,Run,NaN,NaN,-0.398,1.000
51.027,0.010,0.600,1.000,1.000,5.240,Run,NaN,NaN,1.598,1.000
51.037,0.010,0.600,-1.000,-1.000,5.230,Run,NaN,NaN,-0.398,1.000
51.047,0.010,0.600,1.000,1.000,5.240,Run,NaN,NaN,1.598,1.000
51.057,0.010,0.600,-1.000,-1.000,5.230,Run,NaN,NaN,-0.398,1.000
51.067,0.010,0.600,1.000,1.000,5.240,Run,NaN,NaN,1.598,1.000
51.077,0.010,0.600,-1.000,-1.000,5.230,Run,NaN,NaN,-0.398,1.000
51.087,0.010,0.600,1.000,1.000,5.240,Run,NaN,NaN,1.598,1.000
51.097,0.010,0.600,-1.000,-1.000,5.230,Run,NaN,NaN,-0.398,1.000
51.107,0.010,0.600,1.000,1.000,5.240,Run,NaN,NaN,1.598,1.000
51.117,0.010,0.600,-1.000,-1.000,5.230,Run,NaN,NaN,-0.398,1.000
51.127,0.010,0.600,1.000,1.000,5.240,Run,NaN,NaN,1.598,1.000
51.137,0.010,0.600,-1.000,-1.000,5.230,Run,NaN,NaN,-0.398,1.000
51.147,0.010,0.600,1.000,1.000,5.240,Run,NaN,NaN,1.598,1.000
51.157,0.010,0.600,-1.000,-1.000,5.230,Run,NaN,NaN,-0.398,1.000
51.167,0.010,0.600,1.000,1.000,5.240,Run,NaN,NaN,1.598,1.000
51.177,0.010,0.600,-1.000,-1.000,5.230,Run,NaN,NaN,-0.398,1.000
51.187,0.010,0.600,1.000,1.000,5.240,Run,NaN,NaN,1.598,1.000
51.197,0.010,0.600,-1.000,-1.000,5.230,Run,NaN,NaN,-0.398,1.000
51.207,0.010,0.600,1.000,1.000,5.240,Run,NaN,NaN,1.598,1.000
51.217,0.010,0.600,-1.000,-1.000,5.230,Run,NaN,NaN,-0.398,1.000
51.227,0.010,0.600,1.000,1.000,5.240,Run,NaN,NaN,1.598,1.000
51.237,0.010,0.600,-1.000,-1.000,5.230,Run,NaN,NaN,-0.398,1.000
51.247,0.010,0.600,1.000,1.000,5.240,Run,NaN,NaN,1.598,1.000
51.257,0.010,0.600,-1.000,-1.000,5.230,Run,NaN,NaN,-0.398,1.000
51.267,0.010,0.600,1.000,1.000,5.240,Run,NaN,NaN,1.598,1.000
51.277,0.010,0.600,-1.000,-1.000,5.230,Run,NaN,NaN,-0.398,1.000
51.287,0.010,0.600,1.000,1.000,5.240,Run,NaN,NaN,1.598,1.000
51.297,0.010,0.600,-1.000,-1.000,5.230,Run,NaN,NaN,-0.398,1.000
51.307,0.010,0.600,1.000,1.000,5.240,Run,NaN,NaN,1.598,1.000
51.317,0.010,0.600,-1.000,-1.000,5.230,Run,NaN,NaN,-0.398,1.000
51.327,0.010,0.600,1.000,1.000,5.240,Run,NaN,NaN,1.598,1.000
51.337,0.010,0.600,-1.000,-1.000,5.230,Run,NaN,NaN,-0.398,1.000
51.347,0.010,0.600,1.000,1.000,5.240,Run,NaN,NaN,1.598,1.000
51.357,0.010,0.600,-1.000,-1.000,5.230,Run,NaN,NaN,-0.398,1.000
51.367,0.010,0.600,1.000,1.000,5.240,Run,NaN,NaN,1.598,1.000
51.377,0.010,0.600,-1.000,-1.000,5.230,Run,NaN,NaN,-0.398,1.000
51.387,0.010,0.600,1.000,1.000,5.240,Run,NaN,NaN,1.598,1.000
51.397,0.010,0.600,-1.000,-1.000,5.230,Run,NaN,NaN,-0.398,1.000
51.407,0.010,0.600,1.000,1.000,5.240,Run,NaN,NaN,1.598,1.000
51.417,0.010,0.600,-1.000,-1.000,5.230,Run,NaN,NaN,-0.398,1.000
51.427,0.010,0.600,1.000,1.000,5.240,Run,NaN,NaN,1.598,1.000
51.437,0.010,0.600,-1.000,-1.000,5.230,Run,NaN,NaN,-0.398,1.000
51.447,0.010,0.600,1.000,1.000,5.240,Run,NaN,NaN,1.598,1.000
51.457,0.010,0.600,-1.000,-1.000,5.230,Run,NaN,NaN,-0.398,1.000
51.467,0.010,0.600,1.000,1.000,5.240,Run,NaN,NaN,1.598,1.000
51.477,0.010,0.600,-1.000,-1.000,5.230,Run,NaN,NaN,-0.398,1.000
51.487,0.010,0.600,1.000,1.000,5.240,Run,NaN,NaN,1.598,1.000
51.497,0.010,0.600,-1.000,-1.000,5.230,Run,NaN,NaN,-0.398,1.000
51.507,0.010,0.600,1.000,1.000,5.240,Run,NaN,NaN,1.598,1.000
51.517,0.010,0.600,-1.000,-1.000,5.230,Run,NaN,NaN,-0.398,1.000
51.527,0.010,0.600,1.000,1.000,5.240,Run,NaN,NaN,1.598,1.000
51.537,0.010,0.600,-1.000,-1.000,5.230,Run,NaN,NaN,-0.398,1.000
51.547,0.010,0.600,1.000,1.000,5.240,Run,NaN,NaN,1.598,1.000
51.557,0.010,0.600,-1.000,-1.000,5.230,Run,NaN,NaN,-0.398,1.000
51.567,0.010,0.600,1.000,1.000,5.240,Run,NaN,NaN,1.598,1.000
51.577,0.010,0.600,-1.000,-1.000,5.230,Run,NaN,NaN,-0.398,1.000
51.587,0.010,0.600,1.000,1.000,5.240,Run,NaN,NaN,1.598,1.000
51.597,0.010,0.600,-1.000,-1.000,5.230,Run,NaN,NaN,-0.398,1.000
51.607,0.010,0.600,1.000,1.000,5.240,Run,NaN,NaN,1.598,1.000
51.617,0.010,0.600,-1.000,-1.000,5.230,Run,NaN,NaN,-0.398,1.000
51.627,0.010,0.600,1.000,1.000,5.240,Run,NaN,NaN,1.598,1.000
51.637,0.010,0.600,-1.000,-1.000,5.230,Run,NaN,NaN,-0.398,1.000
51.647,0.010,0.600,1.000,1.000,5.240,Run,NaN,NaN,1.598,1.000
51.657,0.010,0.600,-1.000,-1.000,5.230,Run,NaN,NaN,-0.398,1.000
51.667,0.010,0.600,1.000,1.000,5.240,Run,NaN,NaN,1.598,1.000
51.677,0.010,0.600,-1.000,-1.000,5.230,Run,NaN,NaN,-0.398,1.000
51.687,0.010,0.600,1.000,1.000,5.240,Run,NaN,NaN,1.598,1.000
51.697,0.010,0.600,-1.000,-1.000,5.230,Run,NaN,NaN,-0.398,1.000
51.707,0.010,0.600,1.000,1.000,5.240,Run,NaN,NaN,1.598,1.000
51.717,0.010,0.600,-1.000,-1.000,5.230,Run,NaN,NaN,-0.398,1.000
51.727,0.010,0.600,1.000,1.000,5.240,Run,NaN,NaN,1.598,1.000
51.737,0.010,0.600,-1.000,-1.000,5.230,Run,NaN,NaN,-0.398,1.000
51.747,0.010,0.600,1.000,1.000,5.240,Run,NaN,NaN,1.598,1.000
51.757,0.010,0.600,-1.000,-1.000,5.230,Run,NaN,NaN,-0.398,1.000
51.767,0.010,0.600,1.000,1.000,5.240,Run,NaN,NaN,1.598,1.000
51.777,0.010,0.600,-1.000,-1.000,5.230,Run,NaN,NaN,-0.398,1.000
51.787,0.010,0.600,1.000,1.000,5.240,Run,NaN,NaN,1.598,1.000
51.797,0.010,0.600,-1.000,-1.000,5.230,Run,NaN,NaN,-0.398,1.000
51.807,0.010,0.600,1.000,1.000,5.240,Run,NaN,NaN,1.598,1.000
51.817,0.010,0.600,-1.000,-1.000,5.230,Run,NaN,NaN,-0.398,1.000
51.827,0.010,0.600,1.000,1.000,5.240,Run,NaN,NaN,1.598,1.000
51.837,0.010,0.600,-1.000,-1.000,5.230,Run,NaN,NaN,-0.398,1.000
51.847,0.010,0.600,1.000,1.000,5.240,Run,NaN,NaN,1.598,1.000
51.857,0.010,0.600,-1.000,-1.000,5.230,Run,NaN,NaN,-0.398,1.000
51.867,0.010,0.600,1.000,1.000,5.240,Run,NaN,NaN,1.598,1.000
51.877,0.010,0.600,-1.000,-1.000,5.230,Run,NaN,NaN,-0.398,1.000
51.887,0.010,0.600,1.000,1.000,5.240,Run,NaN,NaN,1.598,1.000
51.897,0.010,0.600,-1.000,-1.000,5.230,Run,NaN,NaN,-0.398,1.000
51.907,0.010,0.600,1.000,1.000,5.240,Run,NaN,NaN,1.598,1.000
51.917,0.010,0.600,-1.000,-1.000,5.230,Run,NaN,NaN,-0.398,1.000
51.927,0.010,0.600,1.000,1.000,5.240,Run,NaN,NaN,1.598,1.000
51.937,0.010,0.600,-1.000,-1.000,5.230,Run,NaN,NaN,-0.398,1.000
51.947,0.010,0.600,1.000,1.000,5.240,Run,NaN,NaN,1.598,1.000
51.957,0.010,0.600,-1.000,-1.000,5.230,Run,NaN,NaN,-0.398,1.000
51.967,0.010,0.600,1.000,1.000,5.240,Run,NaN,NaN,1.598,1.000
51.977,0.010,0.600,-1.000,-1.000,5.230,Run,NaN,NaN,-0.398,1.000
51.987,0.010,0.600,1.000,1.000,5.240,Run,NaN,NaN,1.598,1.000
51.997,0.010,0.600,-1.000,-1.000,5.230,Run,NaN,NaN,-0.398,1.000
52.007,0.010,0.600,1.000,1.000,5.240,Run,NaN,NaN,1.598,1.000
52.017,0.010,0.600,-1.000,-1.000,5.230,Run,NaN,NaN,-0.398,1.000
52.027,0.010,0.600,1.000,1.000,5.240,Run,NaN,NaN,1.598,1.000
52.037,0.010,0.600,-1.000,-1.000,5.230,Run,NaN,NaN,-0.398,1.000
52.047,0.010,0.600,1.000,1.000,5.240,Run,NaN,NaN,1.598,1.000
52.057,0.010,0.600,-1.000,-1.000,5.230,Run,NaN,NaN,-0.398,1.000
52.067,0.010,0.600,1.000,1.000,5.240,Run,NaN,NaN,1.598,1.000
52.077,0.010,0.600,-1.000,-1.000,5.230,Run,NaN,NaN,-0.398,1.000
52.087,0.010,0.600,1.000,1.000,5.240,Run,NaN,NaN,1.598,1.000
52.097,0.010,0.600,-1.000,-1.000,5.230,Run,NaN,NaN,-0.398,1.000
52.107,0.010,0.600,1.000,1.000,5.240,Run,NaN,NaN,1.598,1.000
52.117,0.010,0.600,-1.000,-1.000,5.230,Run,NaN,NaN,-0.398,1.000
52.127,0.010,0.600,1.000,1.000,5.240,Run,NaN,NaN,1.598,1.000
52.137,0.010,0.600,-1.000,-1.000,5.230,Run,NaN,NaN,-0.398,1.000
52.147,0.010,0.600,1.000,1.000,5.240,Run,NaN,NaN,1.598,1.000
52.157,0.010,0.600,-1.000,-1.000,5.230,Run,NaN,NaN,-0.398,1.000
52.167,0.010,0.600,1.000,1.000,5.240,Run,NaN,NaN,1.598,1.000
52.177,0.010,0.600,-1.000,-1.000,5.230,Run,NaN,NaN,-0.398,1.000
52.187,0.010,0.600,1.000,1.000,5.240,Run,NaN,NaN,1.598,1.000
52.197,0.010,0.600,-1.000,-1.000,5.230,Run,NaN,NaN,-0.398,1.000
52.207,0.010,0.600,1.000,1.000,5.240,Run,NaN,NaN,1.598,1.000
52.217,0.010,0.600,-1.000,-1.000,5.230,Run,NaN,NaN,-0.398,1.000
52.227,0.010,0.600,1.000,1.000,5.240,Run,NaN,NaN,1.598,1.000
52.237,0.010,0.600,-1.000,-1.000,5.230,Run,NaN,NaN,-0.398,1.000
52.247,0.010,0.600,1.000,1.000,5.240,Run,NaN,NaN,1.598,1.000
52.257,0.010,0.600,-1.000,-1.000,5.230,Run,NaN,NaN,-0.398,1.000
52.267,0.010,0.600,1.000,1.000,5.240,Run,NaN,NaN,1.598,1.000
52.277,0.010,0.600,-1.000,-1.000,5.230,Run,NaN,NaN,-0.398,1.000
52.287,0.010,0.600,1.000,1.000,5.240,Run,NaN,NaN,1.598,1.000
52.297,0.010,0.600,-1.000,-1.000,5.230,Run,NaN,NaN,-0.398,1.000
52.307,0.010,0.600,1.000,1.000,5.240,Run,NaN,NaN,1.598,1.000
52.317,0.010,0.600,-1.000,-1.000,5.230,Run,NaN,NaN,-0.398,1.000
52.327,0.010,0.600,1.000,1.000,5.240,Run,NaN,NaN,1.598,1.000
52.337,0.010,0.600,-1.000,-1.000,5.230,Run,NaN,NaN,-0.398,1.000
52.347,0.010,0.600,1.000,1.000,5.240,Run,NaN,NaN,1.598,1.000
52.357,0.010,0.600,-1.000,-1.000,5.230,Run,NaN,NaN,-0.398,1.000
52.367,0.010,0.600,1.000,1.000,5.240,Run,NaN,NaN,1.598,1.000
52.377,0.010,0.600,-1.000,-1.000,5.230,Run,NaN,NaN,-0.398,1.000
52.387,0.010,0.600,1.000,1.000,5.240,Run,NaN,NaN,1.598,1.000
52.397,0.010,0.600,-1.000,-1.000,5.230,Run,NaN,NaN,-0.398,1.000
52.407,0.010,0.600,1.000,1.000,5.240,Run,NaN,NaN,1.598,1.000
52.417,0.010,0.600,-1.000,-1.000,5.230,Run,NaN,NaN,-0.398,1.000
52.427,0.010,0.600,1.000,1.000,5.240,Run,NaN,NaN,1.598,1.000
52.437,0.010,0.600,-1.000,-1.000,5.230,Run,NaN,NaN,-0.398,1.000
52.447,0.010,0.600,1.000,1.000,5.240,Run,NaN,NaN,1.598,1.000
52.457,0.010,0.600,-1.000,-1.000,5.230,Run,NaN,NaN,-0.398,1.000
52.467,0.010,0.600,1.000,1.000,5.240,Run,NaN,NaN,1.598,1.000
52.477,0.010,0.600,-1.000,-1.000,5.230,Run,NaN,NaN,-0.398,1.000
52.487,0.010,0.600,1.000,1.000,5.240,Run,NaN,NaN,1.598,1.000
52.497,0.010,0.600,-1.000,-1.000,5.230,Run,NaN,NaN,-0.398,1.000
52.507,0.010,0.600,1.000,1.000,5.240,Run,NaN,NaN,1.598,1.000
52.517,0.010,0.600,-1.000,-1.000,5.230,Run,NaN,NaN,-0.398,1.000
52.527,0.010,0.600,1.000,1.000,5.240,Run,NaN,NaN,1.598,1.000
52.537,0.010,0.600,-1.000,-1.000,5.230,Run,NaN,NaN,-0.398,1.000
52.547,0.010,0.600,1.000,1.000,5.240,Run,NaN,NaN,1.598,1.000
52.557,0.010,0.600,-1.000,-1.000,5.230,Run,NaN,NaN,-0.398,1.000
52.567,0.010,0.600,1.000,1.000,5.240,Run,NaN,NaN,1.598,1.000
52.577,0.010,0.600,-1.000,-1.000,5.230,Run,NaN,NaN,-0.398,1.000
52.587,0.010,0.600,1.000,1.000,5.240,Run,NaN,NaN,1.598,1.000
52.597,0.010,0.600,-1.000,-1.000,5.230,Run,NaN,NaN,-0.398,1.000
52.607,0.010,0.600,1.000,1.000,5.240,Run,NaN,NaN,1.598,1.000
52.617,0.010,0.600,-1.000,-1.000,5.230,Run,NaN,NaN,-0.398,1.000
52.627,0.010,0.600,1.000,1.000,5.240,Run,NaN,NaN,1.598,1.000
52.637,0.010,0.600,-1.000,-1.000,5.230,Run,NaN,NaN,-0.398,1.000
52.647,0.010,0.600,1.000,1.000,5.240,Run,NaN,NaN,1.598,1.000
52.657,0.010,0.600,-1.000,-1.000,5.230,Run,NaN,NaN,-0.398,1.000
52.667,0.010,0.600,1.000,1.000,5.240,Run,NaN,NaN,1.598,1.000
52.677,0.010,0.600,-1.000,-1.000,5.230,Run,NaN,NaN,-0.398,1.000
52.687,0.010,0.600,1.000,1.000,5.240,Run,NaN,NaN,1.598,1.000
52.697,0.010,0.600,-1.000,-1.000,5.230,Run,NaN,NaN,-0.398,1.000
52.707,0.010,0.600,1.000,1.000,5.240,Run,NaN,NaN,1.598,1.000
52.717,0.010,0.600,-1.000,-1.000,5.230,Run,NaN,NaN,-0.398,1.000
52.727,0.010,0.600,1.000,1.000,5.240,Run,NaN,NaN,1.598,1.000
52.737,0.010,0.600,-1.000,-1.000,5.230,Run,NaN,NaN,-0.398,1.000
52.747,0.010,0.600,1.000,1.000,5.240,Run,NaN,NaN,1.598,1.000
52.757,0.010,0.600,-1.000,-1.000,5.230,Run,NaN,NaN,-0.398,1.000
52.767,0.010,0.600,1.000,1.000,5.240,Run,NaN,NaN,1.598,1.000
52.777,0.010,0.600,-1.000,-1.000,5.230,Run,NaN,NaN,-0.398,1.000
52.787,0.010,0.600,1.000,1.000,5.240,Run,NaN,NaN,1.598,1.000
52.797,0.010,0.600,-1.000,-1.000,5.230,Run,NaN,NaN,-0.398,1.000
52.807,0.010,0.600,1.000,1.000,5.240,Run,NaN,NaN,1.598,1.000
52.817,0.010,0.600,-1.000,-1.000,5.230,Run,NaN,NaN,-0.398,1.000
52.827,0.010,0.600,1.000,1.000,5.240,Run,NaN,NaN,1.598,1.000
52.837,0.010,0.600,-1.000,-1.000,5.230,Run,NaN,NaN,-0.398,1.000
52.847,0.010,0.600,1.000,1.000,5.240,Run,NaN,NaN,1.598,1.000
52.857,0.010,0.600,-1.000,-1.000,5.230,Run,NaN,NaN,-0.398,1.000
52.867,0.010,0.600,1.000,1.000,5.240,Run,NaN,NaN,1.598,1.000
52.877,0.010,0.600,-1.000,-1.000,5.230,Run,NaN,NaN,-0.398,1.000
52.887,0.010,0.600,1.000,1.000,5.240,Run,NaN,NaN,1.598,1.000
52.897,0.010,0.600,-1.000,-1.000,5.230,Run,NaN,NaN,-0.398,1.000
52.907,0.010,0.600,1.000,1.000,5.240,Run,NaN,NaN,1.598,1.000
52.917,0.010,0.600,-1.000,-1.000,5.230,Run,NaN,NaN,-0.398,1.000
52.927,0.010,0.600,1.000,1.000,5.240,Run,NaN,NaN,1.598,1.000
52.937,0.010,0.600,-1.000,-1.000,5.230,Run,NaN,NaN,-0.398,1.000
52.947,0.010,0.600,1.000,1.000,5.240,Run,NaN,NaN,1.598,1.000
52.957,0.010,0.600,-1.000,-1.000,5.230,Run,NaN,NaN,-0.398,1.000
52.967,0.010,0.600,1.000,1.000,5.240,Run,NaN,NaN,1.598,1.000
52.977,0.010,0.600,-1.000,-1.000,5.230,Run,NaN,NaN,-0.398,1.000
52.987,0.010,0.600,1.000,1.000,5.240,Run,NaN,NaN,1.598,1.000
52.997,0.010,0.600,-1.000,-1.000,5.230,Run,NaN,NaN,-0.398,1.000
53.007,0.010,0.600,1.000,1.000,5.240,Run,NaN,NaN,1.598,1.000
53.017,0.010,0.600,-1.000,-1.000,5.230,Run,NaN,NaN,-0.398,1.000
53.027,0.010,0.600,1.000,1.000,5.240,Run,NaN,NaN,1.598,1.000
53.037,0.010,0.600,-1.000,-1.000,5.230,Run,NaN,NaN,-0.398,1.000
53.047,0.010,0.600,1.000,1.000,5.240,Run,NaN,NaN,1.598,1.000
53.057,0.010,0.600,-1.000,-1.000,5.230,Run,NaN,NaN,-0.398,1.000
53.067,0.010,0.600,1.000,1.000,5.240,Run,NaN,NaN,1.598,1.000
53.077,0.010,0.600,-1.000,-1.000,5.230,Run,NaN,NaN,-0.398,1.000
53.087,0.010,0.600,1.000,1.000,5.240,Run,NaN,NaN,1.598,1.000
53.097,0.010,0.600,-1.000,-1.000,5.230,Run,NaN,NaN,-0.398,1.000
53.107,0.010,0.600,1.000,1.000,5.240,Run,NaN,NaN,1.598,1.000
53.117,0.010,0.600,-1.000,-1.000,5.230,Run,NaN,NaN,-0.398,1.000
53.127,0.010,0.600,1.000,1.000,5.240,Run,NaN,NaN,1.598,1.000
53.137,0.010,0.600,-1.000,-1.000,5.230,Run,NaN,NaN,-0.398,1.000
53.147,0.010,0.600,1.000,1.000,5.240,Run,NaN,NaN,1.598,1.000
53.157,0.010,0.600,-1.000,-1.000,5.230,Run,NaN,NaN,-0.398,1.000
53.167,0.010,0.600,1.000,1.000,5.240,Run,NaN,NaN,1.598,1.000
53.177,0.010,0.600,-1.000,-1.000,5.230,Run,NaN,NaN,-0.398,1.000
53.187,0.010,0.600,1.000,1.000,5.240,Run,NaN,NaN,1.598,1.000
53.197,0.010,0.600,-1.000,-1.000,5.230,Run,NaN,NaN,-0.398,1.000
53.207,0.010,0.600,1.000,1.000,5.240,Run,NaN,NaN,1.598,1.000
53.217,0.010,0.600,-1.000,-1.000,5.230,Run,NaN,NaN,-0.398,1.000
53.227,0.010,0.600,1.000,1.000,5.240,Run,NaN,NaN,1.598,1.000
53.237,0.010,0.600,-1.000,-1.000,5.230,Run,NaN,NaN,-0.398,1.000
53.247,0.010,0.600,1.000,1.000,5.240,Run,NaN,NaN,1.598,1.000
53.257,0.010,0.600,-1.000,-1.000,5.230,Run,NaN,NaN,-0.398,1.000
53.267,0.010,0.600,1.000,1.000,5.240,Run,NaN,NaN,1.598,1.000
53.277,0.010,0.600,-1.000,-1.000,5.230,Run,NaN,NaN,-0.398,1.000
53.287,0.010,0.600,1.000,1.000,5.240,Run,NaN,NaN,1.598,1.000
53.297,0.010,0.600,-1.000,-1.000,5.230,Run,NaN,NaN,-0.398,1.000
53.307,0.010,0.600,1.000,1.000,5.240,Run,NaN,NaN,1.598,1.000
53.317,0.010,0.600,-1.000,-1.000,5.230,Run,NaN,NaN,-0.398,1.000
53.327,0.010,0.600,1.000,1.000,5.240,Run,NaN,NaN,1.598,1.000
53.337,0.010,0.600,-1.000,-1.000,5.230,Run,NaN,NaN,-0.398,1.000
53.347,0.010,0.600,1.000,1.000,5.240,Run,NaN,NaN,1.598,1.000
53.357,0.010,0.600,-1.000,-1.000,5.230,Run,NaN,NaN,-0.398,1.000
53.367,0.010,0.600,1.000,1.000,5.240,Run,NaN,NaN,1.598,1.000
53.377,0.010,0.600,-1.000,-1.000,5.230,Run,NaN,NaN,-0.398,1.000
53.387,0.010,0.600,1.000,1.000,5.240,Run,NaN,NaN,1.598,1.000
53.397,0.010,0.600,-1.000,-1.000,5.230,Run,NaN,NaN,-0.398,1.000
53.407,0.010,0.600,1.000,1.000,5.240,Run,NaN,NaN,1.598,1.000
53.417,0.010,0.600,-1.000,-1.000,5.230,Run,NaN,NaN,-0.398,1.000
53.427,0.010,0.600,1.000,1.000,5.240,Run,NaN,NaN,1.598,1.000
53.437,0.010,0.600,-1.000,-1.000,5.230,Run,NaN,NaN,-0.398,1.000
53.447,0.010,0.600,1.000,1.000,5.240,Run,NaN,NaN,1.598,1.000
53.457,0.010,0.600,-1.000,-1.000,5.230,Run,NaN,NaN,-0.398,1.000
53.467,0.010,0.600,1.000,1.000,5.240,Run,NaN,NaN,1.598,1.000
53.477,0.010,0.600,-1.000,-1.000,5.230,Run,NaN,NaN,-0.398,1.000
53.487,0.010,0.600,1.000,1.000,5.240,Run,NaN,NaN,1.598,1.000
53.497,0.010,0.600,-1.000,-1.000,5.230,Run,NaN,NaN,-0.398,1.000
53.507,0.010,0.600,1.000,1.000,5.240,Run,NaN,NaN,1.598,1.000
53.517,0.010,0.600,-1.000,-1.000,5.230,Run,NaN,NaN,-0.398,1.000
53.527,0.010,0.600,1.000,1.000,5.240,Run,NaN,NaN,1.598,1.000
53.537,0.010,0.600,-1.000,-1.000,5.230,Run,NaN,NaN,-0.398,1.000
53.547,0.010,0.600,1.000,1.000,5.240,Run,NaN,NaN,1.598,1.000
53.557,0.010,0.600,-1.000,-1.000,5.230,Run,NaN,NaN,-0.398,1.000
53.567,0.010,0.600,1.000,1.000,5.240,Run,NaN,NaN,1.598,1.000
53.577,0.010,0.600,-1.000,-1.000,5.230,Run,NaN,NaN,-0.398,1.000
53.587,0.010,0.600,1.000,1.000,5.240,Run,NaN,NaN,1.598,1.000
53.597,0.010,0.600,-1.000,-1.000,5.230,Run,NaN,NaN,-0.398,1.000
53.607,0.010,0.600,1.000,1.000,5.240,Run,NaN,NaN,1.598,1.000
53.617,0.010,0.600,-1.000,-1.000,5.230,Run,NaN,NaN,-0.398,1.000
53.627,0.010,0.600,1.000,1.000,5.240,Run,NaN,NaN,1.598,1.000
53.637,0.010,0.600,-1.000,-1.000,5.230,Run,NaN,NaN,-0.398,1.000
53.647,0.010,0.600,1.000,1.000,5.240,Run,NaN,NaN,1.598,1.000
53.657,0.010,0.600,-1.000,-1.000,5.230,Run,NaN,NaN,-0.398,1.000
53.667,0.010,0.600,1.000,1.000,5.240,Run,NaN,NaN,1.598,1.000
53.677,0.010,0.600,-1.000,-1.000,5.230,Run,NaN,NaN,-0.398,1.000
53.687,0.010,0.600,1.000,1.000,5.240,Run,NaN,NaN,1.598,1.000
53.697,0.010,0.600,-1.000,-1.000,5.230,Run,NaN,NaN,-0.398,1.000
53.707,0.010,0.600,1.000,1.000,5.240,Run,NaN,NaN,1.598,1.000
53.717,0.010,0.600,-1.000,-1.000,5.230,Run,NaN,NaN,-0.398,1.000
53.727,0.010,0.600,1.000,1.000,5.240,Run,NaN,NaN,1.598,1.000
53.737,0.010,0.600,-1.000,-1.000,5.230,Run,NaN,NaN,-0.398,1.000
53.747,0.010,0.600,1.000,1.000,5.240,Run,NaN,NaN,1.598,1.000
53.757,0.010,0.600,-1.000,-1.000,5.230,Run,NaN,NaN,-0.398,1.000
53.767,0.010,0.600,1.000,1.000,5.240,Run,NaN,NaN,1.598,1.000
53.777,0.010,0.600,-1.000,-1.000,5.230,Run,NaN,NaN,-0.398,1.000
53.787,0.010,0.600,1.000,1.000,5.240,Run,NaN,NaN,1.598,1.000
53.797,0.010,0.600,-1.000,-1.000,5.230,Run,NaN,NaN,-0.398,1.000
53.807,0.010,0.600,1.000,1.000,5.240,Run,NaN,NaN,1.598,1.000
53.817,0.010,0.600,-1.000,-1.000,5.230,Run,NaN,NaN,-0.398,1.000
53.827,0.010,0.600,1.000,1.000,5.240,Run,NaN,NaN,1.598,1.000
53.837,0.010,0.600,-1.000,-1.000,5.230,Run,NaN,NaN,-0.398,1.000
53.847,0.010,0.600,1.000,1.000,5.240,Run,NaN,NaN,1.598,1.000
53.857,0.010,0.600,-1.000,-1.000,5.230,Run,NaN,NaN,-0.398,1.000
53.867,0.010,0.600,1.000,1.000,5.240,Run,NaN,NaN,1.598,1.000
53.877,0.010,0.600,-1.000,-1.000,5.230,Run,NaN,NaN,-0.398,1.000
53.887,0.010,0.600,1.000,1.000,5.240,Run,NaN,NaN,1.598,1.000
53.897,0.010,0.600,-1.000,-1.000,5.230,Run,NaN,NaN,-0.398,1.000
53.907,0.010,0.600,1.000,1.000,5.240,Run,NaN,NaN,1.598,1.000
53.917,0.010,0.600,-1.000,-1.000,5.230,Run,NaN,NaN,-0.398,1.000
53.927,0.010,0.600,1.000,1.000,5.240,Run,NaN,NaN,1.598,1.000
53.937,0.010,0.600,-1.000,-1.000,5.230,Run,NaN,NaN,-0.398,1.000
53.947,0.010,0.600,1.000,1.000,5.240,Run,NaN,NaN,1.598,1.000
53.957,0.010,0.600,-1.000,-1.000,5.230,Run,NaN,NaN,-0.398,1.000
53.967,0.010,0.600,1.000,1.000,5.240,Run,NaN,NaN,1.598,1.000
53.977,0.010,0.600,-1.000,-1.000,5.230,Run,NaN,NaN,-0.398,1.000
53.987,0.010,0.600,1.000,1.000,5.240,Run,NaN,NaN,1.598,1.000
53.997,0.010,0.600,-1.000,-1.000,5.230,Run,NaN,NaN,-0.398,1.000
54.007,0.010,0.600,1.000,1.000,5.240,Run,NaN,NaN,1.598,1.000
54.017,0.010,0.600,-1.000,-1.000,5.230,Run,NaN,NaN,-0.398,1.000
54.027,0.010,0.600,1.000,1.000,5.240,Run,NaN,NaN,1.598,1.000
54.037,0.010,0.600,-1.000,-1.000,5.230,Run,NaN,NaN,-0.398,1.000
54.047,0.010,0.600,1.000,1.000,5.240,Run,NaN,NaN,1.598,1.000
54.057,0.010,0.600,-1.000,-1.000,5.230,Run,NaN,NaN,-0.398,1.000
54.067,0.010,0.600,1.000,1.000,5.240,Run,NaN,NaN,1.598,1.000
54.077,0.010,0.600,-1.000,-1.000,5.230,Run,NaN,NaN,-0.398,1.000
54.087,0.010,0.600,1.000,1.000,5.240,Run,NaN,NaN,1.598,1.000
54.097,0.010,0.600,-1.000,-1.000,5.230,Run,NaN,NaN,-0.398,1.000
54.107,0.010,0.600,1.000,1.000,5.240,Run,NaN,NaN,1.598,1.000
54.117,0.010,0.600,-1.000,-1.000,5.230,Run,NaN,NaN,-0.398,1.000
54.127,0.010,0.600,1.000,1.000,5.240,Run,NaN,NaN,1.598,1.000
54.137,0.010,0.600,-1.000,-1.000,5.230,Run,NaN,NaN,-0.398,1.000
54.147,0.010,0.600,1.000,1.000,5.240,Run,NaN,NaN,1.598,1.000
54.157,0.010,0.600,-1.000,-1.000,5.230,Run,NaN,NaN,-0.398,1.000
54.167,0.010,0.600,1.000,1.000,5.240,Run,NaN,NaN,1.598,1.000
54.177,0.010,0.600,-1.000,-1.000,5.230,Run,NaN,NaN,-0.398,1.000
54.187,0.010,0.600,1.000,1.000,5.240,Run,NaN,NaN,1.598,1.000
54.197,0.010,0.600,-1.000,-1.000,5.230,Run,NaN,NaN,-0.398,1.000
54.207,0.010,0.600,1.000,1.000,5.240,Run,NaN,NaN,1.598,1.000
54.217,0.010,0.600,-1.000,-1.000,5.230,Run,NaN,NaN,-0.398,1.000
54.227,0.010,0.600,1.000,1.000,5.240,Run,NaN,NaN,1.598,1.000
54.237,0.010,0.600,-1.000,-1.000,5.230,Run,NaN,NaN,-0.398,1.000
54.247,0.010,0.600,1.000,1.000,5.240,Run,NaN,NaN,1.598,1.000
54.257,0.010,0.600,-1.000,-1.000,5.230,Run,NaN,NaN,-0.398,1.000
54.267,0.010,0.600,1.000,1.000,5.240,Run,NaN,NaN,1.598,1.000
54.277,0.010,0.600,-1.000,-1.000,5.230,Run,NaN,NaN,-0.398,1.000
54.287,0.010,0.600,1.000,1.000,5.240,Run,NaN,NaN,1.598,1.000
54.297,0.010,0.600,-1.000,-1.000,5.230,Run,NaN,NaN,-0.398,1.000
54.307,0.010,0.600,1.000,1.000,5.240,Run,NaN,NaN,1.598,1.000
54.317,0.010,0.600,-1.000,-1.000,5.230,Run,NaN,NaN,-0.398,1.000
54.327,0.010,0.600,1.000,1.000,5.240,Run,NaN,NaN,1.598,1.000
54.337,0.010,0.600,-1.000,-1.000,5.230,Run,NaN,NaN,-0.398,1.000
54.347,0.010,0.600,1.000,1.000,5.240,Run,NaN,NaN,1.598,1.000
54.357,0.010,0.600,-1.000,-1.000,5.230,Run,NaN,NaN,-0.398,1.000
54.367,0.010,0.600,1.000,1.000,5.240,Run,NaN,NaN,1.598,1.000
54.377,0.010,0.600,-1.000,-1.000,5.230,Run,NaN,NaN,-0.398,1.000
54.387,0.010,0.600,1.000,1.000,5.240,Run,NaN,NaN,1.598,1.000
54.397,0.010,0.600,-1.000,-1.000,5.230,Run,NaN,NaN,-0.398,1.000
54.407,0.010,0.600,1.000,1.000,5.240,Run,NaN,NaN,1.598,1.000
54.417,0.010,0.600,-1.000,-1.000,5.230,Run,NaN,NaN,-0.398,1.000
54.427,0.010,0.600,1.000,1.000,5.240,Run,NaN,NaN,1.598,1.000
54.437,0.010,0.600,-1.000,-1.000,5.230,Run,NaN,NaN,-0.398,1.000
54.447,0.010,0.600,1.000,1.000,5.240,Run,NaN,NaN,1.598,1.000
54.457,0.010,0.600,-1.000,-1.000,5.230,Run,NaN,NaN,-0.398,1.000
54.467,0.010,0.600,1.000,1.000,5.240,Run,NaN,NaN,1.598,1.000
54.477,0.010,0.600,-1.000,-1.000,5.230,Run,NaN,NaN,-0.398,1.000
54.487,0.010,0.600,1.000,1.000,5.240,Run,NaN,NaN,1.598,1.000
54.497,0.010,0.600,-1.000,-1.000,5.230,Run,NaN,NaN,-0.398,1.000
54.507,0.010,0.600,1.000,1.000,5.240,Run,NaN,NaN,1.598,1.000
54.517,0.010,0.600,-1.000,-1.000,5.230,Run,NaN,NaN,-0.398,1.000
54.527,0.010,0.600,1.000,1.000,5.240,Run,NaN,NaN,1.598,1.000
54.537,0.010,0.600,-1.000,-1.000,5.230,Run,NaN,NaN,-0.398,1.000
54.547,0.010,0.600,1.000,1.000,5.240,Run,NaN,NaN,1.598,1.000
54.557,0.010,0.600,-1.000,-1.000,5.230,Run,NaN,NaN,-0.398,1.000
54.567,0.010,0.600,1.000,1.000,5.240,Run,NaN,NaN,1.598,1.000
54.577,0.010,0.600,-1.000,-1.000,5.230,Run,NaN,NaN,-0.398,1.000
54.587,0.010,0.600,1.000,1.000,5.240,Run,NaN,NaN,1.598,1.000
54.597,0.010,0.600,-1.000,-1.000,5.230,Run,NaN,NaN,-0.398,1.000
54.607,0.010,0.600,1.000,1.000,5.240,Run,NaN,NaN,1.598,1.000
54.617,0.010,0.600,-1.000,-1.000,5.230,Run,NaN,NaN,-0.398,1.000
54.627,0.010,0.600,1.000,1.000,5.240,Run,NaN,NaN,1.598,1.000
54.637,0.010,0.600,-1.000,-1.000,5.230,Run,NaN,NaN,-0.398,1.000
54.647,0.010,0.600,1.000,1.000,5.240,Run,NaN,NaN,1.598,1.000
54.657,0.010,0.600,-1.000,-1.000,5.230,Run,NaN,NaN,-0.398,1.000
54.667,0.010,0.600,1.000,1.000,5.240,Run,NaN,NaN,1.598,1.000
54.677,0.010,0.600,-1.000,-1.000,5.230,Run,NaN,NaN,-0.398,1.000
54.687,0.010,0.600,1.000,1.000,5.240,Run,NaN,NaN,1.598,1.000
54.697,0.010,0.600,-1.000,-1.000,5.230,Run,NaN,NaN,-0.398,1.000
54.707,0.010,0.600,1.000,1.000,5.240,Run,NaN,NaN,1.598,1.000
54.717,0.010,0.600,-1.000,-1.000,5.230,Run,NaN,NaN,-0.398,1.000
54.727,0.010,0.600,1.000,1.000,5.240,Run,NaN,NaN,1.598,1.000
54.737,0.010,0.600,-1.000,-1.000,5.230,Run,NaN,NaN,-0.398,1.000
54.747,0.010,0.600,1.000,1.000,5.240,Run,NaN,NaN,1.598,1.000
54.757,0.010,0.600,-1.000,-1.000,5.230,Run,NaN,NaN,-0.398,1.000
54.767,0.010,0.600,1.000,1.000,5.240,Run,NaN,NaN,1.598,1.000
54.777,0.010,0.600,-1.000,-1.000,5.230,Run,NaN,NaN,-0.398,1.000
54.787,0.010,0.600,1.000,1.000,5.240,Run,NaN,NaN,1.598,1.000
54.797,0.010,0.600,-1.000,-1.000,5.230,Run,NaN,NaN,-0.398,1.000
54.807,0.010,0.600,1.000,1.000,5.240,Run,NaN,NaN,1.598,1.000
54.817,0.010,0.600,-1.000,-1.000,5.230,Run,NaN,NaN,-0.398,1.000
54.827,0.010,0.600,1.000,1.000,5.240,Run,NaN,NaN,1.598,1.000
54.837,0.010,0.600,-1.000,-1.000,5.230,Run,NaN,NaN,-0.398,1.000
54.847,0.010,0.600,1.000,1.000,5.240,Run,NaN,NaN,1.598,1.000
54.857,0.010,0.600,-1.000,-1.000,5.230,Run,NaN,NaN,-0.398,1.000
54.867,0.010,0.600,1.000,1.000,5.240,Run,NaN,NaN,1.598,1.000
54.877,0.010,0.600,-1.000,-1.000,5.230,Run,NaN,NaN,-0.398,1.000
54.887,0.010,0.600,1.000,1.000,5.240,Run,NaN,NaN,1.598,1.000
54.897,0.010,0.600,-1.000,-1.000,5.230,Run,NaN,NaN,-0.398,1.000
54.907,0.010,0.600,1.000,1.000,5.240,Run,NaN,NaN,1.598,1.000
54.917,0.010,0.600,-1.000,-1.000,5.230,Run,NaN,NaN,-0.398,1.000
54.927,0.010,0.600,1.000,1.000,5.240,Run,NaN,NaN,1.598,1.000
54.937,0.010,0.600,-1.000,-1.000,5.230,Run,NaN,NaN,-0.398,1.000
54.947,0.010,0.600,1.000,1.000,5.240,Run,NaN,NaN,1.598,1.000
54.957,0.010,0.600,-1.000,-1.000,5.230,Run,NaN,NaN,-0.398,1.000
54.967,0.010,0.600,1.000,1.000,5.240,Run,NaN,NaN,1.598,1.000
54.977,0.010,0.600,-1.000,-1.000,5.230,Run,NaN,NaN,-0.398,1.000
54.987,0.010,0.600,1.000,1.000,5.240,Run,NaN,NaN,1.598,1.000
54.997,0.010,0.600,-1.000,-1.000,5.230,Run,NaN,NaN,-0.398,1.000
55.007,0.010,0.600,1.000,1.000,5.240,Run,NaN,NaN,1.598,1.000
55.017,0.010,0.600,-1.000,-1.000,5.230,Run,NaN,NaN,-0.398,1.000
55.027,0.010,0.600,1.000,1.000,5.240,Run,NaN,NaN,1.598,1.000
55.037,0.010,0.600,-1.000,-1.000,5.230,Run,NaN,NaN,-0.398,1.000
55.047,0.010,0.600,1.000,1.000,5.240,Run,NaN,NaN,1.598,1.000
55.057,0.010,0.600,-1.000,-1.000,5.230,Run,NaN,NaN,-0.398,1.000
55.067,0.010,0.600,1.000,1.000,5.240,Run,NaN,NaN,1.598,1.000
55.077,0.010,0.600,-1.000,-1.000,5.230,Run,NaN,NaN,-0.398,1.000
55.087,0.010,0.600,1.000,1.000,5.240,Run,NaN,NaN,1.598,1.000
55.097,0.010,0.600,-1.000,-1.000,5.230,Run,NaN,NaN,-0.398,1.000
55.107,0.010,0.600,1.000,1.000,5.240,Run,NaN,NaN,1.598,1.000
55.117,0.010,0.600,-1.000,-1.000,5.230,Run,NaN,NaN,-0.398,1.000
55.127,0.010,0.600,1.000,1.000,5.240,Run,NaN,NaN,1.598,1.000
55.137,0.010,0.600,-1.000,-1.000,5.230,Run,NaN,NaN,-0.398,1.000
55.147,0.010,0.600,1.000,1.000,5.240,Run,NaN,NaN,1.598,1.000
55.157,0.010,0.600,-1.000,-1.000,5.230,Run,NaN,NaN,-0.398,1.000
55.167,0.010,0.600,1.000,1.000,5.240,Run,NaN,NaN,1.598,1.000
55.177,0.010,0.600,-1.000,-1.000,5.230,Run,NaN,NaN,-0.398,1.000
55.187,0.010,0.600,1.000,1.000,5.240,Run,NaN,NaN,1.598,1.000
55.197,0.010,0.600,-1.000,-1.000,5.230,Run,NaN,NaN,-0.398,1.000
55.207,0.010,0.600,1.000,1.000,5.240,Run,NaN,NaN,1.598,1.000
55.217,0.010,0.600,-1.000,-1.000,5.230,Run,NaN,NaN,-0.398,1.000
55.227,0.010,0.600,1.000,1.000,5.240,Run,NaN,NaN,1.598,1.000
55.237,0.010,0.600,-1.000,-1.000,5.230,Run,NaN,NaN,-0.398,1.000
55.247,0.010,0.600,1.000,1.000,5.240,Run,NaN,NaN,1.598,1.000
55.257,0.010,0.600,-1.000,-1.000,5.230,Run,NaN,NaN,-0.398,1.000
55.267,0.010,0.600,1.000,1.000,5.240,Run,NaN,NaN,1.598,1.000
55.277,0.010,0.600,-1.000,-1.000,5.230,Run,NaN,NaN,-0.398,1.000
55.287,0.010,0.600,1.000,1.000,5.240,Run,NaN,NaN,1.598,1.000
55.297,0.010,0.600,-1.000,-1.000,5.230,Run,NaN,NaN,-0.398,1.000
55.307,0.010,0.600,1.000,1.000,5.240,Run,NaN,NaN,1.598,1.000
55.317,0.010,0.600,-1.000,-1.000,5.230,Run,NaN,NaN,-0.398,1.000
55.327,0.010,0.600,1.000,1.000,5.240,Run,NaN,NaN,1.598,1.000
55.337,0.010,0.600,-1.000,-1.000,5.230,Run,NaN,NaN,-0.398,1.000
55.347,0.010,0.600,1.000,1.000,5.240,Run,NaN,NaN,1.598,1.000
55.357,0.010,0.600,-1.000,-1.000,5.230,Run,NaN,NaN,-0.398,1.000
55.367,0.010,0.600,1.000,1.000,5.240,Run,NaN,NaN,1.598,1.000
55.377,0.010,0.600,-1.000,-1.000,5.230,Run,NaN,NaN,-0.398,1.000
55.387,0.010,0.600,1.000,1.000,5.240,Run,NaN,NaN,1.598,1.000
55.397,0.010,0.600,-1.000,-1.000,5.230,Run,NaN,NaN,-0.398,1.000
55.407,0.010,0.600,1.000,1.000,5.240,Run,NaN,NaN,1.598,1.000
55.417,0.010,0.600,-1.000,-1.000,5.230,Run,NaN,NaN,-0.398,1.000
55.427,0.010,0.600,1.000,1.000,5.240,Run,NaN,NaN,1.598,1.000
55.437,0.010,0.600,-1.000,-1.000,5.230,Run,NaN,NaN,-0.398,1.000
55.447,0.010,0.600,1.000,1.000,5.240,Run,NaN,NaN,1.598,1.000
55.457,0.010,0.600,-1.000,-1.000,5.230,Run,NaN,NaN,-0.398,1.000
55.467,0.010,0.600,1.000,1.000,5.240,Run,NaN,NaN,1.598,1.000
55.477,0.010,0.600,-1.000,-1.000,5.230,Run,NaN,NaN,-0.398,1.000
55.487,0.010,0.600,1.000,1.000,5.240,Run,NaN,NaN,1.598,1.000
55.497,0.010,0.600,-1.000,-1.000,5.230,Run,NaN,NaN,-0.398,1.000
55.507,0.010,0.600,1.000,1.000,5.240,Run,NaN,NaN,1.598,1.000
55.517,0.010,0.600,-1.000,-1.000,5.230,Run,NaN,NaN,-0.398,1.000
55.527,0.010,0.600,1.000,1.000,5.240,Run,NaN,NaN,1.598,1.000
55.537,0.010,0.600,-1.000,-1.000,5.230,Run,NaN,NaN,-0.398,1.000
55.547,0.010,0.600,1.000,1.000,5.240,Run,NaN,NaN,1.598,1.000
55.557,0.010,0.600,-1.000,-1.000,5.230,Run,NaN,NaN,-0.398,1.000
55.567,0.010,0.600,1.000,1.000,5.240,Run,NaN,NaN,1.598,1.000
55.577,0.010,0.600,-1.000,-1.000,5.230,Run,NaN,NaN,-0.398,1.000
55.587,0.010,0.600,1.000,1.000,5.240,Run,NaN,NaN,1.598,1.000
55.597,0.010,0.600,-1.000,-1.000,5.230,Run,NaN,NaN,-0.398,1.000
55.607,0.010,0.600,1.000,1.000,5.240,Run,NaN,NaN,1.598,1.000
55.617,0.010,0.600,-1.000,-1.000,5.230,Run,NaN,NaN,-0.398,1.000
55.627,0.010,0.600,1.000,1.000,5.240,Run,NaN,NaN,1.598,1.000
55.637,0.010,0.600,-1.000,-1.000,5.230,Run,NaN,NaN,-0.398,1.000
55.647,0.010,0.600,1.000,1.000,5.240,Run,NaN,NaN,1.598,1.000
55.657,0.010,0.600,-1.000,-1.000,5.230,Run,NaN,NaN,-0.398,1.000
55.667,0.010,0.600,1.000,1.000,5.240,Run,NaN,NaN,1.598,1.000
55.677,0.010,0.600,-1.000,-1.000,5.230,Run,NaN,NaN,-0.398,1.000
55.687,0.010,0.600,1.000,1.000,5.240,Run,NaN,NaN,1.598,1.000
55.697,0.010,0.600,-1.000,-1.000,5.230,Run,NaN,NaN,-0.398,1.000
55.707,0.010,0.600,1.000,1.000,5.240,Run,NaN,NaN,1.598,1.000
55.717,0.010,0.600,-1.000,-1.000,5.230,Run,NaN,NaN,-0.398,1.000
55.727,0.010,0.600,1.000,1.000,5.240,Run,NaN,NaN,1.598,1.000
55.737,0.010,0.600,-1.000,-1.000,5.230,Run,NaN,NaN,-0.398,1.000
55.747,0.010,0.600,1.000,1.000,5.240,Run,NaN,NaN,1.598,1.000
55.757,0.010,0.600,-1.000,-1.000,5.230,Run,NaN,NaN,-0.398,1.000
55.767,0.010,0.600,1.000,1.000,5.240,Run,NaN,NaN,1.598,1.000
55.777,0.010,0.600,-1.000,-1.000,5.230,Run,NaN,NaN,-0.398,1.000
55.787,0.010,0.600,1.000,1.000,5.240,Run,NaN,NaN,1.598,1.000
55.797,0.010,0.600,-1.000,-1.000,5.230,Run,NaN,NaN,-0.398,1.000
55.807,0.010,0.600,1.000,1.000,5.240,Run,NaN,NaN,1.598,1.000
55.817,0.010,0.600,-1.000,-1.000,5.230,Run,NaN,NaN,-0.398,1.000
55.827,0.010,0.600,1.000,1.000,5.240,Run,NaN,NaN,1.598,1.000
55.837,0.010,0.600,-1.000,-1.000,5.230,Run,NaN,NaN,-0.398,1.000
55.847,0.010,0.600,1.000,1.000,5.240,Run,NaN,NaN,1.598,1.000
55.857,0.010,0.600,-1.000,-1.000,5.230,Run,NaN,NaN,-0.398,1.000
55.867,0.010,0.600,1.000,1.000,5.240,Run,NaN,NaN,1.598,1.000
55.877,0.010,0.600,-1.000,-1.000,5.230,Run,NaN,NaN,-0.398,1.000
55.887,0.010,0.600,1.000,1.000,5.240,Run,NaN,NaN,1.598,1.000
55.897,0.010,0.600,-1.000,-1.000,5.230,Run,NaN,NaN,-0.398,1.000
55.907,0.010,0.600,1.000,1.000,5.240,Run,NaN,NaN,1.598,1.000
55.917,0.010,0.600,-1.000,-1.000,5.230,Run,NaN,NaN,-0.398,1.000
55.927,0.010,0.600,1.000,1.000,5.240,Run,NaN,NaN,1.598,1.000
55.937,0.010,0.600,-1.000,-1.000,5.230,Run,NaN,NaN,-0.398,1.000
55.947,0.010,0.600,1.000,1.000,5.240,Run,NaN,NaN,1.598,1.000
55.957,0.010,0.600,-1.000,-1.000,5.230,Run,NaN,NaN,-0.398,1.000
55.967,0.010,0.600,1.000,1.000,5.240,Run,NaN,NaN,1.598,1.000
55.977,0.010,0.600,-1.000,-1.000,5.230,Run,NaN,NaN,-0.398,1.000
55.987,0.010,0.600,1.000,1.000,5.240,Run,NaN,NaN,1.598,1.000
55.997,0.010,0.600,-1.000,-1.000,5.230,Run,NaN,NaN,-0.398,1.000
56.007,0.010,0.600,1.000,1.000,5.240,Run,NaN,NaN,1.598,1.000
56.017,0.010,0.600,-1.000,-1.000,5.230,Run,NaN,NaN,-0.398,1.000
56.027,0.010,0.600,1.000,1.000,5.240,Run,NaN,NaN,1.598,1.000
56.037,0.010,0.600,-1.000,-1.000,5.230,Run,NaN,NaN,-0.398,1.000
56.047,0.010,0.600,1.000,1.000,5.240,Run,NaN,NaN,1.598,1.000
56.057,0.010,0.600,-1.000,-1.000,5.230,Run,NaN,NaN,-0.398,1.000
56.067,0.010,0.600,1.000,1.000,5.240,Run,NaN,NaN,1.598,1.000
56.077,0.010,0.600,-1.000,-1.000,5.230,Run,NaN,NaN,-0.398,1.000
56.087,0.010,0.600,1.000,1.000,5.240,Run,NaN,NaN,1.598,1.000
56.097,0.010,0.600,-1.000,-1.000,5.230,Run,NaN,NaN,-0.398,1.000
56.107,0.010,0.600,1.000,1.000,5.240,Run,NaN,NaN,1.598,1.000
56.117,0.010,0.600,-1.000,-1.000,5.230,Run,NaN,NaN,-0.398,1.000
56.127,0.010,0.600,1.000,1.000,5.240,Run,NaN,NaN,1.598,1.000
56.137,0.010,0.600,-1.000,-1.000,5.230,Run,NaN,NaN,-0.398,1.000
56.147,0.010,0.600,1.000,1.000,5.240,Run,NaN,NaN,1.598,1.000
56.157,0.010,0.600,-1.000,-1.000,5.230,Run,NaN,NaN,-0.398,1.000
56.167,0.010,0.600,1.000,1.000,5.240,Run,NaN,NaN,1.598,1.000
56.177,0.010,0.600,-1.000,-1.000,5.230,Run,NaN,NaN,-0.398,1.000
56.187,0.010,0.600,1.000,1.000,5.240,Run,NaN,NaN,1.598,1.000
56.197,0.010,0.600,-1.000,-1.000,5.230,Run,NaN,NaN,-0.398,1.000
56.207,0.010,0.600,1.000,1.000,5.240,Run,NaN,NaN,1.598,1.000
56.217,0.010,0.600,-1.000,-1.000,5.230,Run,NaN,NaN,-0.398,1.000
56.227,0.010,0.600,1.000,1.000,5.240,Run,NaN,NaN,1.598,1.000
56.237,0.010,0.600,-1.000,-1.000,5.230,Run,NaN,NaN,-0.398,1.000
56.247,0.010,0.600,1.000,1.000,5.240,Run,NaN,NaN,1.598,1.000
56.257,0.010,0.600,-1.000,-1.000,5.230,Run,NaN,NaN,-0.398,1.000
56.267,0.010,0.600,1.000,1.000,5.240,Run,NaN,NaN,1.598,1.000
56.277,0.010,0.600,-1.000,-1.000,5.230,Run,NaN,NaN,-0.398,1.000
56.287,0.010,0.600,1.000,1.000,5.240,Run,NaN,NaN,1.598,1.000
56.297,0.010,0.600,-1.000,-1.000,5.230,Run,NaN,NaN,-0.398,1.000
56.307,0.010,0.600,1.000,1.000,5.240,Run,NaN,NaN,1.598,1.000
56.317,0.010,0.600,-1.000,-1.000,5.230,Run,NaN,NaN,-0.398,1.000
56.327,0.010,0.600,1.000,1.000,5.240,Run,NaN,NaN,1.598,1.000
56.337,0.010,0.600,-1.000,-1.000,5.230,Run,NaN,NaN,-0.398,1.000
56.347,0.010,0.600,1.000,1.000,5.240,Run,NaN,NaN,1.598,1.000
56.357,0.010,0.600,-1.000,-1.000,5.230,Run,NaN,NaN,-0.398,1.000
56.367,0.010,0.600,1.000,1.000,5.240,Run,NaN,NaN,1.598,1.000
56.377,0.010,0.600,-1.000,-1.000,5.230,Run,NaN,NaN,-0.398,1.000
56.387,0.010,0.600,1.000,1.000,5.240,Run,NaN,NaN,1.598,1.000
56.397,0.010,0.600,-1.000,-1.000,5.230,Run,NaN,NaN,-0.398,1.000
56.407,0.010,0.600,1.000,1.000,5.240,Run,NaN,NaN,1.598,1.000
56.417,0.010,0.600,-1.000,-1.000,5.230,Run,NaN,NaN,-0.398,1.000
56.427,0.010,0.600,1.000,1.000,5.240,Run,NaN,NaN,1.598,1.000
56.437,0.010,0.600,-1.000,-1.000,5.230,Run,NaN,NaN,-0.398,1.000
56.447,0.010,0.600,1.000,1.000,5.240,Run,NaN,NaN,1.598,1.000
56.457,0.010,0.600,-1.000,-1.000,5.230,Run,NaN,NaN,-0.398,1.000
56.467,0.010,0.600,1.000,1.000,5.240,Run,NaN,NaN,1.598,1.000
56.477,0.010,0.600,-1.000,-1.000,5.230,Run,NaN,NaN,-0.398,1.000
56.487,0.010,0.600,1.000,1.000,5.240,Run,NaN,NaN,1.598,1.000
56.497,0.010,0.600,-1.000,-1.000,5.230,Run,NaN,NaN,-0.398,1.000
56.507,0.010,0.600,1.000,1.000,5.240,Run,NaN,NaN,1.598,1.000
56.517,0.010,0.600,-1.000,-1.000,5.230,Run,NaN,NaN,-0.398,1.000
56.527,0.010,0.600,1.000,1.000,5.240,Run,NaN,NaN,1.598,1.000
56.537,0.010,0.600,-1.000,-1.000,5.230,Run,NaN,NaN,-0.398,1.000
56.547,0.010,0.600,1.000,1.000,5.240,Run,NaN,NaN,1.598,1.000
56.557,0.010,0.600,-1.000,-1.000,5.230,Run,NaN,NaN,-0.398,1.000
56.567,0.010,0.600,1.000,1.000,5.240,Run,NaN,NaN,1.598,1.000
56.577,0.010,0.600,-1.000,-1.000,5.230,Run,NaN,NaN,-0.398,1.000
56.587,0.010,0.600,1.000,1.000,5.240,Run,NaN,NaN,1.598,1.000
56.597,0.010,0.600,-1.000,-1.000,5.230,Run,NaN,NaN,-0.398,1.000
56.607,0.010,0.600,1.000,1.000,5.240,Run,NaN,NaN,1.598,1.000
56.617,0.010,0.600,-1.000,-1.000,5.230,Run,NaN,NaN,-0.398,1.000
56.627,0.010,0.600,1.000,1.000,5.240,Run,NaN,NaN,1.598,1.000
56.637,0.010,0.600,-1.000,-1.000,5.230,Run,NaN,NaN,-0.398,1.000
56.646,0.010,0.600,1.000,1.000,5.240,Run,NaN,NaN,1.598,1.000
56.656,0.010,0.600,-1.000,-1.000,5.230,Run,NaN,NaN,-0.398,1.000
56.666,0.010,0.600,1.000,1.000,5.240,Run,NaN,NaN,1.598,1.000
56.676,0.010,0.600,-1.000,-1.000,5.230,Run,NaN,NaN,-0.398,1.000
56.686,0.010,0.600,1.000,1.000,5.240,Run,NaN,NaN,1.598,1.000
56.696,0.010,0.600,-1.000,-1.000,5.230,Run,NaN,NaN,-0.398,1.000
56.706,0.010,0.600,1.000,1.000,5.240,Run,NaN,NaN,1.598,1.000
56.716,0.010,0.600,-1.000,-1.000,5.230,Run,NaN,NaN,-0.398,1.000
56.726,0.010,0.600,1.000,1.000,5.240,Run,NaN,NaN,1.598,1.000
56.736,0.010,0.600,-1.000,-1.000,5.230,Run,NaN,NaN,-0.398,1.000
56.746,0.010,0.600,1.000,1.000,5.240,Run,NaN,NaN,1.598,1.000
56.756,0.010,0.600,-1.000,-1.000,5.230,Run,NaN,NaN,-0.398,1.000
56.766,0.010,0.600,1.000,1.000,5.240,Run,NaN,NaN,1.598,1.000
56.776,0.010,0.600,-1.000,-1.000,5.230,Run,NaN,NaN,-0.398,1.000
56.786,0.010,0.600,1.000,1.000,5.240,Run,NaN,NaN,1.598,1.000
56.796,0.010,0.600,-1.000,-1.000,5.230,Run,NaN,NaN,-0.398,1.000
56.806,0.010,0.600,1.000,1.000,5.240,Run,NaN,NaN,1.598,1.000
56.816,0.010,0.600,-1.000,-1.000,5.230,Run,NaN,NaN,-0.398,1.000
56.826,0.010,0.600,1.000,1.000,5.240,Run,NaN,NaN,1.598,1.000
56.836,0.010,0.600,-1.000,-1.000,5.230,Run,NaN,NaN,-0.398,1.000
56.846,0.010,0.600,1.000,1.000,5.240,Run,NaN,NaN,1.598,1.000
56.856,0.010,0.600,-1.000,-1.000,5.230,Run,NaN,NaN,-0.398,1.000
56.866,0.010,0.600,1.000,1.000,5.240,Run,NaN,NaN,1.598,1.000
56.876,0.010,0.600,-1.000,-1.000,5.230,Run,NaN,NaN,-0.398,1.000
56.886,0.010,0.600,1.000,1.000,5.240,Run,NaN,NaN,1.598,1.000
56.896,0.010,0.600,-1.000,-1.000,5.230,Run,NaN,NaN,-0.398,1.000
56.906,0.010,0.600,1.000,1.000,5.240,Run,NaN,NaN,1.598,1.000
56.916,0.010,0.600,-1.000,-1.000,5.230,Run,NaN,NaN,-0.398,1.000
56.926,0.010,0.600,1.000,1.000,5.240,Run,NaN,NaN,1.598,1.000
56.936,0.010,0.600,-1.000,-1.000,5.230,Run,NaN,NaN,-0.398,1.000
56.946,0.010,0.600,1.000,1.000,5.240,Run,NaN,NaN,1.598,1.000
56.956,0.010,0.600,-1.000,-1.000,5.230,Run,NaN,NaN,-0.398,1.000
56.966,0.010,0.600,1.000,1.000,5.240,Run,NaN,NaN,1.598,1.000
56.976,0.010,0.600,-1.000,-1.000,5.230,Run,NaN,NaN,-0.398,1.000
56.986,0.010,0.600,1.000,1.000,5.240,Run,NaN,NaN,1.598,1.000
56.996,0.010,0.600,-1.000,-1.000,5.230,Run,NaN,NaN,-0.398,1.000
57.006,0.010,0.600,1.000,1.000,5.240,Run,NaN,NaN,1.598,1.000
57.016,0.010,0.600,-1.000,-1.000,5.230,Run,NaN,NaN,-0.398,1.000
57.026,0.010,0.600,1.000,1.000,5.240,Run,NaN,NaN,1.598,1.000
57.036,0.010,0.600,-1.000,-1.000,5.230,Run,NaN,NaN,-0.398,1.000
57.046,0.010,0.600,1.000,1.000,5.240,Run,NaN,NaN,1.598,1.000
57.056,0.010,0.600,-1.000,-1.000,5.230,Run,NaN,NaN,-0.398,1.000
57.066,0.010,0.600,1.000,1.000,5.240,Run,NaN,NaN,1.598,1.000
57.076,0.010,0.600,-1.000,-1.000,5.230,Run,NaN,NaN,-0.398,1.000
57.086,0.010,0.600,1.000,1.000,5.240,Run,NaN,NaN,1.598,1.000
57.096,0.010,0.600,-1.000,-1.000,5.230,Run,NaN,NaN,-0.398,1.000
57.106,0.010,0.600,1.000,1.000,5.240,Run,NaN,NaN,1.598,1.000
57.116,0.010,0.600,-1.000,-1.000,5.230,Run,NaN,NaN,-0.398,1.000
57.126,0.010,0.600,1.000,1.000,5.240,Run,NaN,NaN,1.598,1.000
57.136,0.010,0.600,-1.000,-1.000,5.230,Run,NaN,NaN,-0.398,1.000
57.146,0.010,0.600,1.000,1.000,5.240,Run,NaN,NaN,1.598,1.000
57.156,0.010,0.600,-1.000,-1.000,5.230,Run,NaN,NaN,-0.398,1.000
57.166,0.010,0.600,1.000,1.000,5.240,Run,NaN,NaN,1.598,1.000
57.176,0.010,0.600,-1.000,-1.000,5.230,Run,NaN,NaN,-0.398,1.000
57.186,0.010,0.600,1.000,1.000,5.240,Run,NaN,NaN,1.598,1.000
57.196,0.010,0.600,-1.000,-1.000,5.230,Run,NaN,NaN,-0.398,1.000
57.206,0.010,0.600,1.000,1.000,5.240,Run,NaN,NaN,1.598,1.000
57.216,0.010,0.600,-1.000,-1.000,5.230,Run,NaN,NaN,-0.398,1.000
57.226,0.010,0.600,1.000,1.000,5.240,Run,NaN,NaN,1.598,1.000
57.236,0.010,0.600,-1.000,-1.000,5.230,Run,NaN,NaN,-0.398,1.000
57.246,0.010,0.600,1.000,1.000,5.240,Run,NaN,NaN,1.598,1.000
57.256,0.010,0.600,-1.000,-1.000,5.230,Run,NaN,NaN,-0.398,1.000
57.266,0.010,0.600,1.000,1.000,5.240,Run,NaN,NaN,1.598,1.000
57.276,0.010,0.600,-1.000,-1.000,5.230,Run,NaN,NaN,-0.398,1.000
57.286,0.010,0.600,1.000,1.000,5.240,Run,NaN,NaN,1.598,1.000
57.296,0.010,0.600,-1.000,-1.000,5.230,Run,NaN,NaN,-0.398,1.000
57.306,0.010,0.600,1.000,1.000,5.240,Run,NaN,NaN,1.598,1.000
57.316,0.010,0.600,-1.000,-1.000,5.230,Run,NaN,NaN,-0.398,1.000
57.326,0.010,0.600,1.000,1.000,5.240,Run,NaN,NaN,1.598,1.000
57.336,0.010,0.600,-1.000,-1.000,5.230,Run,NaN,NaN,-0.398,1.000
57.346,0.010,0.600,1.000,1.000,5.240,Run,NaN,NaN,1.598,1.000
57.356,0.010,0.600,-1.000,-1.000,5.230,Run,NaN,NaN,-0.398,1.000
57.366,0.010,0.600,1.000,1.000,5.240,Run,NaN,NaN,1.598,1.000
57.376,0.010,0.600,-1.000,-1.000,5.230,Run,NaN,NaN,-0.398,1.000
57.386,0.010,0.600,1.000,1.000,5.240,Run,NaN,NaN,1.598,1.000
57.396,0.010,0.600,-1.000,-1.000,5.230,Run,NaN,NaN,-0.398,1.000
57.406,0.010,0.600,1.000,1.000,5.240,Run,NaN,NaN,1.598,1.000
57.416,0.010,0.600,-1.000,-1.000,5.230,Run,NaN,NaN,-0.398,1.000
57.426,0.010,0.600,1.000,1.000,5.240,Run,NaN,NaN,1.598,1.000
57.436,0.010,0.600,-1.000,-1.000,5.230,Run,NaN,NaN,-0.398,1.000
57.446,0.010,0.600,1.000,1.000,5.240,Run,NaN,NaN,1.598,1.000
57.456,0.010,0.600,-1.000,-1.000,5.230,Run,NaN,NaN,-0.398,1.000
57.466,0.010,0.600,1.000,1.000,5.240,Run,NaN,NaN,1.598,1.000
57.476,0.010,0.600,-1.000,-1.000,5.230,Run,NaN,NaN,-0.398,1.000
57.486,0.010,0.600,1.000,1.000,5.240,Run,NaN,NaN,1.598,1.000
57.496,0.010,0.600,-1.000,-1.000,5.230,Run,NaN,NaN,-0.398,1.000
57.506,0.010,0.600,1.000,1.000,5.240,Run,NaN,NaN,1.598,1.000
57.516,0.010,0.600,-1.000,-1.000,5.230,Run,NaN,NaN,-0.398,1.000
57.526,0.010,0.600,1.000,1.000,5.240,Run,NaN,NaN,1.598,1.000
57.536,0.010,0.600,-1.000,-1.000,5.230,Run,NaN,NaN,-0.398,1.000
57.546,0.010,0.600,1.000,1.000,5.240,Run,NaN,NaN,1.598,1.000
57.556,0.010,0.600,-1.000,-1.000,5.230,Run,NaN,NaN,-0.398,1.000
57.566,0.010,0.600,1.000,1.000,5.240,Run,NaN,NaN,1.598,1.000
57.576,0.010,0.600,-1.000,-1.000,5.230,Run,NaN,NaN,-0.398,1.000
57.586,0.010,0.600,1.000,1.000,5.240,Run,NaN,NaN,1.598,1.000
57.596,0.010,0.600,-1.000,-1.000,5.230,Run,NaN,NaN,-0.398,1.000
57.606,0.010,0.600,1.000,1.000,5.240,Run,NaN,NaN,1.598,1.000
57.616,0.010,0.600,-1.000,-1.000,5.230,Run,NaN,NaN,-0.398,1.000
57.626,0.010,0.600,1.000,1.000,5.240,Run,NaN,NaN,1.598,1.000
57.636,0.010,0.600,-1.000,-1.000,5.230,Run,NaN,NaN,-0.398,1.000
57.646,0.010,0.600,1.000,1.000,5.240,Run,NaN,NaN,1.598,1.000
57.656,0.010,0.600,-1.000,-1.000,5.230,Run,NaN,NaN,-0.398,1.000
57.666,0.010,0.600,1.000,1.000,5.240,Run,NaN,NaN,1.598,1.000
57.676,0.010,0.600,-1.000,-1.000,5.230,Run,NaN,NaN,-0.398,1.000
57.686,0.010,0.600,1.000,1.000,5.240,Run,NaN,NaN,1.598,1.000
57.696,0.010,0.600,-1.000,-1.000,5.230,Run,NaN,NaN,-0.398,1.000
57.706,0.010,0.600,1.000,1.000,5.240,Run,NaN,NaN,1.598,1.000
57.716,0.010,0.600,-1.000,-1.000,5.230,Run,NaN,NaN,-0.398,1.000
57.726,0.010,0.600,1.000,1.000,5.240,Run,NaN,NaN,1.598,1.000
57.736,0.010,0.600,-1.000,-1.000,5.230,Run,NaN,NaN,-0.398,1.000
57.746,0.010,0.600,1.000,1.000,5.240,Run,NaN,NaN,1.598,1.000
57.756,0.010,0.600,-1.000,-1.000,5.230,Run,NaN,NaN,-0.398,1.000
57.766,0.010,0.600,1.000,1.000,5.240,Run,NaN,NaN,1.598,1.000
57.776,0.010,0.600,-1.000,-1.000,5.230,Run,NaN,NaN,-0.398,1.000
57.786,0.010,0.600,1.000,1.000,5.240,Run,NaN,NaN,1.598,1.000
57.796,0.010,0.600,-1.000,-1.000,5.230,Run,NaN,NaN,-0.398,1.000
57.806,0.010,0.600,1.000,1.000,5.240,Run,NaN,NaN,1.598,1.000
57.816,0.010,0.600,-1.000,-1.000,5.230,Run,NaN,NaN,-0.398,1.000
57.826,0.010,0.600,1.000,1.000,5.240,Run,NaN,NaN,1.598,1.000
57.836,0.010,0.600,-1.000,-1.000,5.230,Run,NaN,NaN,-0.398,1.000
57.846,0.010,0.600,1.000,1.000,5.240,Run,NaN,NaN,1.598,1.000
57.856,0.010,0.600,-1.000,-1.000,5.230,Run,NaN,NaN,-0.398,1.000
57.866,0.010,0.600,1.000,1.000,5.240,Run,NaN,NaN,1.598,1.000
57.876,0.010,0.600,-1.000,-1.000,5.230,Run,NaN,NaN,-0.398,1.000
57.886,0.010,0.600,1.000,1.000,5.240,Run,NaN,NaN,1.598,1.000
57.896,0.010,0.600,-1.000,-1.000,5.230,Run,NaN,NaN,-0.398,1.000
57.906,0.010,0.600,1.000,1.000,5.240,Run,NaN,NaN,1.598,1.000
57.916,0.010,0.600,-1.000,-1.000,5.230,Run,NaN,NaN,-0.398,1.000
57.926,0.010,0.600,1.000,1.000,5.240,Run,NaN,NaN,1.598,1.000
57.936,0.010,0.600,-1.000,-1.000,5.230,Run,NaN,NaN,-0.398,1.000
57.946,0.010,0.600,1.000,1.000,5.240,Run,NaN,NaN,1.598,1.000
57.956,0.010,0.600,-1.000,-1.000,5.230,Run,NaN,NaN,-0.398,1.000
57.966,0.010,0.600,1.000,1.000,5.240,Run,NaN,NaN,1.598,1.000
57.976,0.010,0.600,-1.000,-1.000,5.230,Run,NaN,NaN,-0.398,1.000
57.986,0.010,0.600,1.000,1.000,5.240,Run,NaN,NaN,1.598,1.000
57.996,0.010,0.600,-1.000,-1.000,5.230,Run,NaN,NaN,-0.398,1.000
58.006,0.010,0.600,1.000,1.000,5.240,Run,NaN,NaN,1.598,1.000
58.016,0.010,0.600,-1.000,-1.000,5.230,Run,NaN,NaN,-0.398,1.000
58.026,0.010,0.600,1.000,1.000,5.240,Run,NaN,NaN,1.598,1.000
58.036,0.010,0.600,-1.000,-1.000,5.230,Run,NaN,NaN,-0.398,1.000
58.046,0.010,0.600,1.000,1.000,5.240,Run,NaN,NaN,1.598,1.000
58.056,0.010,0.600,-1.000,-1.000,5.230,Run,NaN,NaN,-0.398,1.000
58.066,0.010,0.600,1.000,1.000,5.240,Run,NaN,NaN,1.598,1.000
58.076,0.010,0.600,-1.000,-1.000,5.230,Run,NaN,NaN,-0.398,1.000
58.086,0.010,0.600,1.000,1.000,5.240,Run,NaN,NaN,1.598,1.000
58.096,0.010,0.600,-1.000,-1.000,5.230,Run,NaN,NaN,-0.398,1.000
58.106,0.010,0.600,1.000,1.000,5.240,Run,NaN,NaN,1.598,1.000
58.116,0.010,0.600,-1.000,-1.000,5.230,Run,NaN,NaN,-0.398,1.000
58.126,0.010,0.600,1.000,1.000,5.240,Run,NaN,NaN,1.598,1.000
58.136,0.010,0.600,-1.000,-1.000,5.230,Run,NaN,NaN,-0.398,1.000
58.146,0.010,0.600,1.000,1.000,5.240,Run,NaN,NaN,1.598,1.000
58.156,0.010,0.600,-1.000,-1.000,5.230,Run,NaN,NaN,-0.398,1.000
58.166,0.010,0.600,1.000,1.000,5.240,Run,NaN,NaN,1.598,1.000
58.176,0.010,0.600,-1.000,-1.000,5.230,Run,NaN,NaN,-0.398,1.000
58.186,0.010,0.600,1.000,1.000,5.240,Run,NaN,NaN,1.598,1.000
58.196,0.010,0.600,-1.000,-1.000,5.230,Run,NaN,NaN,-0.398,1.000
58.206,0.010,0.600,1.000,1.000,5.240,Run,NaN,NaN,1.598,1.000
58.216,0.010,0.600,-1.000,-1.000,5.230,Run,NaN,NaN,-0.398,1.000
58.226,0.010,0.600,1.000,1.000,5.240,Run,NaN,NaN,1.598,1.000
58.236,0.010,0.600,-1.000,-1.000,5.230,Run,NaN,NaN,-0.398,1.000
58.246,0.010,0.600,1.000,1.000,5.240,Run,NaN,NaN,1.598,1.000
58.256,0.010,0.600,-1.000,-1.000,5.230,Run,NaN,NaN,-0.398,1.000
58.266,0.010,0.600,1.000,1.000,5.240,Run,NaN,NaN,1.598,1.000
58.276,0.010,0.600,-1.000,-1.000,5.230,Run,NaN,NaN,-0.398,1.000
58.286,0.010,0.600,1.000,1.000,5.240,Run,NaN,NaN,1.598,1.000
58.296,0.010,0.600,-1.000,-1.000,5.230,Run,NaN,NaN,-0.398,1.000
58.306,0.010,0.600,1.000,1.000,5.240,Run,NaN,NaN,1.598,1.000
58.316,0.010,0.600,-1.000,-1.000,5.230,Run,NaN,NaN,-0.398,1.000
58.326,0.010,0.600,1.000,1.000,5.240,Run,NaN,NaN,1.598,1.000
58.336,0.010,0.600,-1.000,-1.000,5.230,Run,NaN,NaN,-0.398,1.000
58.346,0.010,0.600,1.000,1.000,5.240,Run,NaN,NaN,1.598,1.000
58.356,0.010,0.600,-1.000,-1.000,5.230,Run,NaN,NaN,-0.398,1.000
58.366,0.010,0.600,1.000,1.000,5.240,Run,NaN,NaN,1.598,1.000
58.376,0.010,0.600,-1.000,-1.000,5.230,Run,NaN,NaN,-0.398,1.000
58.386,0.010,0.600,1.000,1.000,5.240,Run,NaN,NaN,1.598,1.000
58.396,0.010,0.600,-1.000,-1.000,5.230,Run,NaN,NaN,-0.398,1.000
58.406,0.010,0.600,1.000,1.000,5.240,Run,NaN,NaN,1.598,1.000
58.416,0.010,0.600,-1.000,-1.000,5.230,Run,NaN,NaN,-0.398,1.000
58.426,0.010,0.600,1.000,1.000,5.240,Run,NaN,NaN,1.598,1.000
58.436,0.010,0.600,-1.000,-1.000,5.230,Run,NaN,NaN,-0.398,1.000
58.446,0.010,0.600,1.000,1.000,5.240,Run,NaN,NaN,1.598,1.000
58.456,0.010,0.600,-1.000,-1.000,5.230,Run,NaN,NaN,-0.398,1.000
58.466,0.010,0.600,1.000,1.000,5.240,Run,NaN,NaN,1.598,1.000
58.476,0.010,0.600,-1.000,-1.000,5.230,Run,NaN,NaN,-0.398,1.000
58.486,0.010,0.600,1.000,1.000,5.240,Run,NaN,NaN,1.598,1.000
58.496,0.010,0.600,-1.000,-1.000,5.230,Run,NaN,NaN,-0.398,1.000
58.506,0.010,0.600,1.000,1.000,5.240,Run,NaN,NaN,1.598,1.000
58.516,0.010,0.600,-1.000,-1.000,5.230,Run,NaN,NaN,-0.398,1.000
58.526,0.010,0.600,1.000,1.000,5.240,Run,NaN,NaN,1.598,1.000
58.536,0.010,0.600,-1.000,-1.000,5.230,Run,NaN,NaN,-0.398,1.000
58.546,0.010,0.600,1.000,1.000,5.240,Run,NaN,NaN,1.598,1.000
58.556,0.010,0.600,-1.000,-1.000,5.230,Run,NaN,NaN,-0.398,1.000
58.566,0.010,0.600,1.000,1.000,5.240,Run,NaN,NaN,1.598,1.000
58.576,0.010,0.600,-1.000,-1.000,5.230,Run,NaN,NaN,-0.398,1.000
58.586,0.010,0.600,1.000,1.000,5.240,Run,NaN,NaN,1.598,1.000
58.596,0.010,0.600,-1.000,-1.000,5.230,Run,NaN,NaN,-0.398,1.000
58.606,0.010,0.600,1.000,1.000,5.240,Run,NaN,NaN,1.598,1.000
58.616,0.010,0.600,-1.000,-1.000,5.230,Run,NaN,NaN,-0.398,1.000
58.626,0.010,0.600,1.000,1.000,5.240,Run,NaN,NaN,1.598,1.000
58.636,0.010,0.600,-1.000,-1.000,5.230,Run,NaN,NaN,-0.398,1.000
58.646,0.010,0.600,1.000,1.000,5.240,Run,NaN,NaN,1.598,1.000
58.656,0.010,0.600,-1.000,-1.000,5.230,Run,NaN,NaN,-0.398,1.000
58.666,0.010,0.600,1.000,1.000,5.240,Run,NaN,NaN,1.598,1.000
58.676,0.010,0.600,-1.000,-1.000,5.230,Run,NaN,NaN,-0.398,1.000
58.686,0.010,0.600,1.000,1.000,5.240,Run,NaN,NaN,1.598,1.000
58.696,0.010,0.600,-1.000,-1.000,5.230,Run,NaN,NaN,-0.398,1.000
58.706,0.010,0.600,1.000,1.000,5.240,Run,NaN,NaN,1.598,1.000
58.716,0.010,0.600,-1.000,-1.000,5.230,Run,NaN,NaN,-0.398,1.000
58.726,0.010,0.600,1.000,1.000,5.240,Run,NaN,NaN,1.598,1.000
58.736,0.010,0.600,-1.000,-1.000,5.230,Run,NaN,NaN,-0.398,1.000
58.746,0.010,0.600,1.000,1.000,5.240,Run,NaN,NaN,1.598,1.000
58.756,0.010,0.600,-1.000,-1.000,5.230,Run,NaN,NaN,-0.398,1.000
58.766,0.010,0.600,1.000,1.000,5.240,Run,NaN,NaN,1.598,1.000
58.776,0.010,0.600,-1.000,-1.000,5.230,Run,NaN,NaN,-0.398,1.000
58.786,0.010,0.600,1.000,1.000,5.240,Run,NaN,NaN,1.598,1.000
58.796,0.010,0.600,-1.000,-1.000,5.230,Run,NaN,NaN,-0.398,1.000
58.806,0.010,0.600,1.000,1.000,5.240,Run,NaN,NaN,1.598,1.000
58.816,0.010,0.600,-1.000,-1.000,5.230,Run,NaN,NaN,-0.398,1.000
58.826,0.010,0.600,1.000,1.000,5.240,Run,NaN,NaN,1.598,1.000
58.836,0.010,0.600,-1.000,-1.000,5.230,Run,NaN,NaN,-0.398,1.000
58.846,0.010,0.600,1.000,1.000,5.240,Run,NaN,NaN,1.598,1.000
58.856,0.010,0.600,-1.000,-1.000,5.230,Run,NaN,NaN,-0.398,1.000
58.866,0.010,0.600,1.000,1.000,5.240,Run,NaN,NaN,1.598,1.000
58.876,0.010,0.600,-1.000,-1.000,5.230,Run,NaN,NaN,-0.398,1.000
58.886,0.010,0.600,1.000,1.000,5.240,Run,NaN,NaN,1.598,1.000
58.896,0.010,0.600,-1.000,-1.000,5.230,Run,NaN,NaN,-0.398,1.000
58.906,0.010,0.600,1.000,1.000,5.240,Run,NaN,NaN,1.598,1.000
58.916,0.010,0.600,-1.000,-1.000,5.230,Run,NaN,NaN,-0.398,1.000
58.926,0.010,0.600,1.000,1.000,5.240,Run,NaN,NaN,1.598,1.000
58.936,0.010,0.600,-1.000,-1.000,5.230,Run,NaN,NaN,-0.398,1.000
58.946,0.010,0.600,1.000,1.000,5.240,Run,NaN,NaN,1.598,1.000
58.956,0.010,0.600,-1.000,-1.000,5.230,Run,NaN,NaN,-0.398,1.000
58.966,0.010,0.600,1.000,1.000,5.240,Run,NaN,NaN,1.598,1.000
58.976,0.010,0.600,-1.000,-1.000,5.230,Run,NaN,NaN,-0.398,1.000
58.986,0.010,0.600,1.000,1.000,5.240,Run,NaN,NaN,1.598,1.000
58.996,0.010,0.600,-1.000,-1.000,5.230,Run,NaN,NaN,-0.398,1.000
59.006,0.010,0.600,1.000,1.000,5.240,Run,NaN,NaN,1.598,1.000
59.016,0.010,0.600,-1.000,-1.000,5.230,Run,NaN,NaN,-0.398,1.000
59.026,0.010,0.600,1.000,1.000,5.240,Run,NaN,NaN,1.598,1.000
59.036,0.010,0.600,-1.000,-1.000,5.230,Run,NaN,NaN,-0.398,1.000
59.046,0.010,0.600,1.000,1.000,5.240,Run,NaN,NaN,1.598,1.000
59.056,0.010,0.600,-1.000,-1.000,5.230,Run,NaN,NaN,-0.398,1.000
59.066,0.010,0.600,1.000,1.000,5.240,Run,NaN,NaN,1.598,1.000
59.076,0.010,0.600,-1.000,-1.000,5.230,Run,NaN,NaN,-0.398,1.000
59.086,0.010,0.600,1.000,1.000,5.240,Run,NaN,NaN,1.598,1.000
59.096,0.010,0.600,-1.000,-1.000,5.230,Run,NaN,NaN,-0.398,1.000
59.106,0.010,0.600,1.000,1.000,5.240,Run,NaN,NaN,1.598,1.000
59.116,0.010,0.600,-1.000,-1.000,5.230,Run,NaN,NaN,-0.398,1.000
59.126,0.010,0.600,1.000,1.000,5.240,Run,NaN,NaN,1.598,1.000
59.136,0.010,0.600,-1.000,-1.000,5.230,Run,NaN,NaN,-0.398,1.000
59.146,0.010,0.600,1.000,1.000,5.240,Run,NaN,NaN,1.598,1.000
59.156,0.010,0.600,-1.000,-1.000,5.230,Run,NaN,NaN,-0.398,1.000
59.166,0.010,0.600,1.000,1.000,5.240,Run,NaN,NaN,1.598,1.000
59.176,0.010,0.600,-1.000,-1.000,5.230,Run,NaN,NaN,-0.398,1.000
59.186,0.010,0.600,1.000,1.000,5.240,Run,NaN,NaN,1.598,1.000
59.196,0.010,0.600,-1.000,-1.000,5.230,Run,NaN,NaN,-0.398,1.000
59.206,0.010,0.600,1.000,1.000,5.240,Run,NaN,NaN,1.598,1.000
59.216,0.010,0.600,-1.000,-1.000,5.230,Run,NaN,NaN,-0.398,1.000
59.226,0.010,0.600,1.000,1.000,5.240,Run,NaN,NaN,1.598,1.000
59.236,0.010,0.600,-1.000,-1.000,5.230,Run,NaN,NaN,-0.398,1.000
59.246,0.010,0.600,1.000,1.000,5.240,Run,NaN,NaN,1.598,1.000
59.256,0.010,0.600,-1.000,-1.000,5.230,Run,NaN,NaN,-0.398,1.000
59.266,0.010,0.600,1.000,1.000,5.240,Run,NaN,NaN,1.598,1.000
59.276,0.010,0.600,-1.000,-1.000,5.230,Run,NaN,NaN,-0.398,1.000
59.286,0.010,0.600,1.000,1.000,5.240,Run,NaN,NaN,1.598,1.000
59.296,0.010,0.600,-1.000,-1.000,5.230,Run,NaN,NaN,-0.398,1.000
59.306,0.010,0.600,1.000,1.000,5.240,Run,NaN,NaN,1.598,1.000
59.316,0.010,0.600,-1.000,-1.000,5.230,Run,NaN,NaN,-0.398,1.000
59.326,0.010,0.600,1.000,1.000,5.240,Run,NaN,NaN,1.598,1.000
59.336,0.010,0.600,-1.000,-1.000,5.230,Run,NaN,NaN,-0.398,1.000
59.346,0.010,0.600,1.000,1.000,5.240,Run,NaN,NaN,1.598,1.000
59.356,0.010,0.600,-1.000,-1.000,5.230,Run,NaN,NaN,-0.398,1.000
59.366,0.010,0.600,1.000,1.000,5.240,Run,NaN,NaN,1.598,1.000
59.376,0.010,0.600,-1.000,-1.000,5.230,Run,NaN,NaN,-0.398,1.000
59.386,0.010,0.600,1.000,1.000,5.240,Run,NaN,NaN,1.598,1.000
59.396,0.010,0.600,-1.000,-1.000,5.230,Run,NaN,NaN,-0.398,1.000
59.406,0.010,0.600,1.000,1.000,5.240,Run,NaN,NaN,1.598,1.000
59.416,0.010,0.600,-1.000,-1.000,5.230,Run,NaN,NaN,-0.398,1.000
59.426,0.010,0.600,1.000,1.000,5.240,Run,NaN,NaN,1.598,1.000
59.436,0.010,0.600,-1.000,-1.000,5.230,Run,NaN,NaN,-0.398,1.000
59.446,0.010,0.600,1.000,1.000,5.240,Run,NaN,NaN,1.598,1.000
59.456,0.010,0.600,-1.000,-1.000,5.230,Run,NaN,NaN,-0.398,1.000
59.466,0.010,0.600,1.000,1.000,5.240,Run,NaN,NaN,1.598,1.000
59.476,0.010,0.600,-1.000,-1.000,5.230,Run,NaN,NaN,-0.398,1.000
59.486,0.010,0.600,1.000,1.000,5.240,Run,NaN,NaN,1.598,1.000
59.496,0.010,0.600,-1.000,-1.000,5.230,Run,NaN,NaN,-0.398,1.000
59.506,0.010,0.600,1.000,1.000,5.240,Run,NaN,NaN,1.598,1.000
59.516,0.010,0.600,-1.000,-1.000,5.230,Run,NaN,NaN,-0.398,1.000
59.526,0.010,0.600,1.000,1.000,5.240,Run,NaN,NaN,1.598,1.000
59.536,0.010,0.600,-1.000,-1.000,5.230,Run,NaN,NaN,-0.398,1.000
59.546,0.010,0.600,1.000,1.000,5.240,Run,NaN,NaN,1.598,1.000
59.556,0.010,0.600,-1.000,-1.000,5.230,Run,NaN,NaN,-0.398,1.000
59.566,0.010,0.600,1.000,1.000,5.240,Run,NaN,NaN,1.598,1.000
59.576,0.010,0.600,-1.000,-1.000,5.230,Run,NaN,NaN,-0.398,1.000
59.586,0.010,0.600,1.000,1.000,5.240,Run,NaN,NaN,1.598,1.000
59.596,0.010,0.600,-1.000,-1.000,5.230,Run,NaN,NaN,-0.398,1.000
59.606,0.010,0.600,1.000,1.000,5.240,Run,NaN,NaN,1.598,1.000
59.616,0.010,0.600,-1.000,-1.000,5.230,Run,NaN,NaN,-0.398,1.000
59.626,0.010,0.600,1.000,1.000,5.240,Run,NaN,NaN,1.598,1.000
59.636,0.010,0.600,-1.000,-1.000,5.230,Run,NaN,NaN,-0.398,1.000
59.646,0.010,0.600,1.000,1.000,5.240,Run,NaN,NaN,1.598,1.000
59.656,0.010,0.600,-1.000,-1.000,5.230,Run,NaN,NaN,-0.398,1.000
59.666,0.010,0.600,1.000,1.000,5.240,Run,NaN,NaN,1.598,1.000
59.676,0.010,0.600,-1.000,-1.000,5.230,Run,NaN,NaN,-0.398,1.000
59.686,0.010,0.600,1.000,1.000,5.240,Run,NaN,NaN,1.598,1.000
59.696,0.010,0.600,-1.000,-1.000,5.230,Run,NaN,NaN,-0.398,1.000
59.706,0.010,0.600,1.000,1.000,5.240,Run,NaN,NaN,1.598,1.000
59.716,0.010,0.600,-1.000,-1.000,5.230,Run,NaN,NaN,-0.398,1.000
59.726,0.010,0.600,1.000,1.000,5.240,Run,NaN,NaN,1.598,1.000
59.736,0.010,0.600,-1.000,-1.000,5.230,Run,NaN,NaN,-0.398,1.000
59.746,0.010,0.600,1.000,1.000,5.240,Run,NaN,NaN,1.598,1.000
59.756,0.010,0.600,-1.000,-1.000,5.230,Run,NaN,NaN,-0.398,1.000
59.766,0.010,0.600,1.000,1.000,5.240,Run,NaN,NaN,1.598,1.000
59.776,0.010,0.600,-1.000,-1.000,5.230,Run,NaN,NaN,-0.398,1.000
59.786,0.010,0.600,1.000,1.000,5.240,Run,NaN,NaN,1.598,1.000
59.796,0.010,0.600,-1.000,-1.000,5.230,Run,NaN,NaN,-0.398,1.000
59.806,0.010,0.600,1.000,1.000,5.240,Run,NaN,NaN,1.598,1.000
59.816,0.010,0.600,-1.000,-1.000,5.230,Run,NaN,NaN,-0.398,1.000
59.826,0.010,0.600,1.000,1.000,5.240,Run,NaN,NaN,1.598,1.000
59.836,0.010,0.600,-1.000,-1.000,5.230,Run,NaN,NaN,-0.398,1.000
59.846,0.010,0.600,1.000,1.000,5.240,Run,NaN,NaN,1.598,1.000
59.856,0.010,0.600,-1.000,-1.000,5.230,Run,NaN,NaN,-0.398,1.000
59.866,0.010,0.600,1.000,1.000,5.240,Run,NaN,NaN,1.598,1.000
59.876,0.010,0.600,-1.000,-1.000,5.230,Run,NaN,NaN,-0.398,1.000
59.886,0.010,0.600,1.000,1.000,5.240,Run,NaN,NaN,1.598,1.000
59.896,0.010,0.600,-1.000,-1.000,5.230,Run,NaN,NaN,-0.398,1.000
59.906,0.010,0.600,1.000,1.000,5.240,Run,NaN,NaN,1.598,1.000
59.916,0.010,0.600,-1.000,-1.000,5.230,Run,NaN,NaN,-0.398,1.000
59.926,0.010,0.600,1.000,1.000,5.240,Run,NaN,NaN,1.598,1.000
59.936,0.010,0.600,-1.000,-1.000,5.230,Run,NaN,NaN,-0.398,1.000
59.946,0.010,0.600,1.000,1.000,5.240,Run,NaN,NaN,1.598,1.000
59.956,0.010,0.600,-1.000,-1.000,5.230,Run,NaN,NaN,-0.398,1.000
59.966,0.010,0.600,1.000,1.000,5.240,Run,NaN,NaN,1.598,1.000
59.976,0.010,0.600,-1.000,-1.000,5.230,Run,NaN,NaN,-0.398,1.000
59.986,0.010,0.600,1.000,1.000,5.240,Run,NaN,NaN,1.598,1.000
59.996,0.010,0.600,-1.000,-1.000,5.230,Run,NaN,NaN,-0.398,1.000
60.006,0.010,0.600,1.000,1.000,5.240,Run,NaN,NaN,1.598,1.000
60.016,0.010,0.600,-1.000,-1.000,5.230,Run,NaN,NaN,-0.398,1.000
60.026,0.010,0.600,1.000,1.000,5.240,Run,NaN,NaN,1.598,1.000
60.036,0.010,0.600,-1.000,-1.000,5.230,Run,NaN,NaN,-0.398,1.000
60.046,0.010,0.600,1.000,1.000,5.240,Run,NaN,NaN,1.598,1.000
60.056,0.010,0.600,-1.000,-1.000,5.230,Run,NaN,NaN,-0.398,1.000
60.066,0.010,0.600,1.000,1.000,5.240,Run,NaN,NaN,1.598,1.000
60.076,0.010,0.600,-1.000,-1.000,5.230,Run,NaN,NaN,-0.398,1.000
60.086,0.010,0.600,1.000,1.000,5.240,Run,NaN,NaN,1.598,1.000
60.096,0.010,0.600,-1.000,-1.000,5.230,Run,NaN,NaN,-0.398,1.000
60.106,0.010,0.600,1.000,1.000,5.240,Run,NaN,NaN,1.598,1.000
60.116,0.010,0.600,-1.000,-1.000,5.230,Run,NaN,NaN,-0.398,1.000
60.126,0.010,0.600,1.000,1.000,5.240,Run,NaN,NaN,1.598,1.000
60.136,0.010,0.600,-1.000,-1.000,5.230,Run,NaN,NaN,-0.398,1.000
60.146,0.010,0.600,1.000,1.000,5.240,Run,NaN,NaN,1.598,1.000
60.156,0.010,0.600,-1.000,-1.000,5.230,Run,NaN,NaN,-0.398,1.000
60.166,0.010,0.600,1.000,1.000,5.240,Run,NaN,NaN,1.598,1.000
60.176,0.010,0.600,-1.000,-1.000,5.230,Run,NaN,NaN,-0.398,1.000
60.186,0.010,0.600,1.000,1.000,5.240,Run,NaN,NaN,1.598,1.000
60.196,0.010,0.600,-1.000,-1.000,5.230,Run,NaN,NaN,-0.398,1.000
60.206,0.010,0.600,1.000,1.000,5.240,Run,NaN,NaN,1.598,1.000
60.216,0.010,0.600,-1.000,-1.000,5.230,Run,NaN,NaN,-0.398,1.000
60.226,0.010,0.600,1.000,1.000,5.240,Run,NaN,NaN,1.598,1.000
60.236,0.010,0.600,-1.000,-1.000,5.230,Run,NaN,NaN,-0.398,1.000
60.246,0.010,0.600,1.000,1.000,5.240,Run,NaN,NaN,1.598,1.000
60.256,0.010,0.600,-1.000,-1.000,5.230,Run,NaN,NaN,-0.398,1.000
60.266,0.010,0.600,1.000,1.000,5.240,Run,NaN,NaN,1.598,1.000
60.276,0.010,0.600,-1.000,-1.000,5.230,Run,NaN,NaN,-0.398,1.000
60.286,0.010,0.600,1.000,1.000,5.240,Run,NaN,NaN,1.598,1.000
60.296,0.010,0.600,-1.000,-1.000,5.230,Run,NaN,NaN,-0.398,1.000
60.306,0.010,0.600,1.000,1.000,5.240,Run,NaN,NaN,1.598,1.000
60.316,0.010,0.600,-1.000,-1.000,5.230,Run,NaN,NaN,-0.398,1.000
60.326,0.010,0.600,1.000,1.000,5.240,Run,NaN,NaN,1.598,1.000
60.336,0.010,0.600,-1.000,-1.000,5.230,Run,NaN,NaN,-0.398,1.000
60.346,0.010,0.600,1.000,1.000,5.240,Run,NaN,NaN,1.598,1.000
60.356,0.010,0.600,-1.000,-1.000,5.230,Run,NaN,NaN,-0.398,1.000
60.366,0.010,0.600,1.000,1.000,5.240,Run,NaN,NaN,1.598,1.000
60.376,0.010,0.600,-1.000,-1.000,5.230,Run,NaN,NaN,-0.398,1.000
60.386,0.010,0.600,1.000,1.000,5.240,Run,NaN,NaN,1.598,1.000
60.396,0.010,0.600,-1.000,-1.000,5.230,Run,NaN,NaN,-0.398,1.000
60.406,0.010,0.600,1.000,1.000,5.240,Run,NaN,NaN,1.598,1.000
60.416,0.010,0.600,-1.000,-1.000,5.230,Run,NaN,NaN,-0.398,1.000
60.426,0.010,0.600,1.000,1.000,5.240,Run,NaN,NaN,1.598,1.000
60.436,0.010,0.600,-1.000,-1.000,5.230,Run,NaN,NaN,-0.398,1.000
60.446,0.010,0.600,1.000,1.000,5.240,Run,NaN,NaN,1.598,1.000
60.456,0.010,0.600,-1.000,-1.000,5.230,Run,NaN,NaN,-0.398,1.000
60.466,0.010,0.600,1.000,1.000,5.240,Run,NaN,NaN,1.598,1.000
60.476,0.010,0.600,-1.000,-1.000,5.230,Run,NaN,NaN,-0.398,1.000
60.486,0.010,0.600,1.000,1.000,5.240,Run,NaN,NaN,1.598,1.000
60.496,0.010,0.600,-1.000,-1.000,5.230,Run,NaN,NaN,-0.398,1.000
60.506,0.010,0.600,1.000,1.000,5.240,Run,NaN,NaN,1.598,1.000
60.516,0.010,0.600,-1.000,-1.000,5.230,Run,NaN,NaN,-0.398,1.000
60.526,0.010,0.600,1.000,1.000,5.240,Run,NaN,NaN,1.598,1.000
60.536,0.010,0.600,-1.000,-1.000,5.230,Run,NaN,NaN,-0.398,1.000
60.546,0.010,0.600,1.000,1.000,5.240,Run,NaN,NaN,1.598,1.000
60.556,0.010,0.600,-1.000,-1.000,5.230,Run,NaN,NaN,-0.398,1.000
60.566,0.010,0.600,1.000,1.000,5.240,Run,NaN,NaN,1.598,1.000
60.576,0.010,0.600,-1.000,-1.000,5.230,Run,NaN,NaN,-0.398,1.000
60.586,0.010,0.600,1.000,1.000,5.240,Run,NaN,NaN,1.598,1.000
60.596,0.010,0.600,-1.000,-1.000,5.230,Run,NaN,NaN,-0.398,1.000
60.606,0.010,0.600,1.000,1.000,5.240,Run,NaN,NaN,1.598,1.000
60.616,0.010,0.600,-1.000,-1.000,5.230,Run,NaN,NaN,-0.398,1.000
60.626,0.010,0.600,1.000,1.000,5.240,Run,NaN,NaN,1.598,1.000
60.636,0.010,0.600,-1.000,-1.000,5.230,Run,NaN,NaN,-0.398,1.000
60.646,0.010,0.600,1.000,1.000,5.240,Run,NaN,NaN,1.598,1.000
60.656,0.010,0.600,-1.000,-1.000,5.230,Run,NaN,NaN,-0.398,1.000
60.666,0.010,0.600,1.000,1.000,5.240,Run,NaN,NaN,1.598,1.000
60.676,0.010,0.600,-1.000,-1.000,5.230,Run,NaN,NaN,-0.398,1.000
60.686,0.010,0.600,1.000,1.000,5.240,Run,NaN,NaN,1.598,1.000
60.696,0.010,0.600,-1.000,-1.000,5.230,Run,NaN,NaN,-0.398,1.000
60.706,0.010,0.600,1.000,1.000,5.240,Run,NaN,NaN,1.598,1.000
60.716,0.010,0.600,-1.000,-1.000,5.230,Run,NaN,NaN,-0.398,1.000
60.726,0.010,0.600,1.000,1.000,5.240,Run,NaN,NaN,1.598,1.000
60.736,0.010,0.600,-1.000,-1.000,5.230,Run,NaN,NaN,-0.398,1.000
60.746,0.010,0.600,1.000,1.000,5.240,Run,NaN,NaN,1.598,1.000
60.756,0.010,0.600,-1.000,-1.000,5.230,Run,NaN,NaN,-0.398,1.000
60.766,0.010,0.600,1.000,1.000,5.240,Run,NaN,NaN,1.598,1.000
60.776,0.010,0.600,-1.000,-1.000,5.230,Run,NaN,NaN,-0.398,1.000
60.786,0.010,0.600,1.000,1.000,5.240,Run,NaN,NaN,1.598,1.000
60.796,0.010,0.600,-1.000,-1.000,5.230,Run,NaN,NaN,-0.398,1.000
60.806,0.010,0.600,1.000,1.000,5.240,Run,NaN,NaN,1.598,1.000
60.816,0.010,0.600,-1.000,-1.000,5.230,Run,NaN,NaN,-0.398,1.000
60.826,0.010,0.600,1.000,1.000,5.240,Run,NaN,NaN,1.598,1.000
60.836,0.010,0.600,-1.000,-1.000,5.230,Run,NaN,NaN,-0.398,1.000
60.846,0.010,0.600,1.000,1.000,5.240,Run,NaN,NaN,1.598,1.000
60.856,0.010,0.600,-1.000,-1.000,5.230,Run,NaN,NaN,-0.398,1.000
60.866,0.010,0.600,1.000,1.000,5.240,Run,NaN,NaN,1.598,1.000
60.876,0.010,0.600,-1.000,-1.000,5.230,Run,NaN,NaN,-0.398,1.000
60.886,0.010,0.600,1.000,1.000,5.240,Run,NaN,NaN,1.598,1.000
60.896,0.010,0.600,-1.000,-1.000,5.230,Run,NaN,NaN,-0.398,1.000
60.906,0.010,0.600,1.000,1.000,5.240,Run,NaN,NaN,1.598,1.000
60.916,0.010,0.600,-1.000,-1.000,5.230,Run,NaN,NaN,-0.398,1.000
60.926,0.010,0.600,1.000,1.000,5.240,Run,NaN,NaN,1.598,1.000
60.936,0.010,0.600,-1.000,-1.000,5.230,Run,NaN,NaN,-0.398,1.000
60.946,0.010,0.600,1.000,1.000,5.240,Run,NaN,NaN,1.598,1.000
60.956,0.010,0.600,-1.000,-1.000,5.230,Run,NaN,NaN,-0.398,1.000
60.966,0.010,0.600,1.000,1.000,5.240,Run,NaN,NaN,1.598,1.000
60.976,0.010,0.600,-1.000,-1.000,5.230,Run,NaN,NaN,-0.398,1.000
60.986,0.010,0.600,1.000,1.000,5.240,Run,NaN,NaN,1.598,1.000
60.996,0.010,0.600,-1.000,-1.000,5.230,Run,NaN,NaN,-0.398,1.000
61.006,0.010,0.600,1.000,1.000,5.240,Run,NaN,NaN,1.598,1.000
61.016,0.010,0.600,-1.000,-1.000,5.230,Run,NaN,NaN,-0.398,1.000
61.026,0.010,0.600,1.000,1.000,5.240,Run,NaN,NaN,1.598,1.000
61.036,0.010,0.600,-1.000,-1.000,5.230,Run,NaN,NaN,-0.398,1.000
61.046,0.010,0.600,1.000,1.000,5.240,Run,NaN,NaN,1.598,1.000
61.056,0.010,0.600,-1.000,-1.000,5.230,Run,NaN,NaN,-0.398,1.000
61.066,0.010,0.600,1.000,1.000,5.240,Run,NaN,NaN,1.598,1.000
61.076,0.010,0.600,-1.000,-1.000,5.230,Run,NaN,NaN,-0.398,1.000
61.086,0.010,0.600,1.000,1.000,5.240,Run,NaN,NaN,1.598,1.000
61.096,0.010,0.600,-1.000,-1.000,5.230,Run,NaN,NaN,-0.398,1.000
61.106,0.010,0.600,1.000,1.000,5.240,Run,NaN,NaN,1.598,1.000
61.116,0.010,0.600,-1.000,-1.000,5.230,Run,NaN,NaN,-0.398,1.000
61.126,0.010,0.600,1.000,1.000,5.240,Run,NaN,NaN,1.598,1.000
61.136,0.010,0.600,-1.000,-1.000,5.230,Run,NaN,NaN,-0.398,1.000
61.146,0.010,0.600,1.000,1.000,5.240,Run,NaN,NaN,1.598,1.000
61.156,0.010,0.600,-1.000,-1.000,5.230,Run,NaN,NaN,-0.398,1.000
61.166,0.010,0.600,1.000,1.000,5.240,Run,NaN,NaN,1.598,1.000
61.176,0.010,0.600,-1.000,-1.000,5.230,Run,NaN,NaN,-0.398,1.000
61.186,0.010,0.600,1.000,1.000,5.240,Run,NaN,NaN,1.598,1.000
61.196,0.010,0.600,-1.000,-1.000,5.230,Run,NaN,NaN,-0.398,1.000
61.206,0.010,0.600,1.000,1.000,5.240,Run,NaN,NaN,1.598,1.000
61.216,0.010,0.600,-1.000,-1.000,5.230,Run,NaN,NaN,-0.398,1.000
61.226,0.010,0.600,1.000,1.000,5.240,Run,NaN,NaN,1.598,1.000
61.236,0.010,0.600,-1.000,-1.000,5.230,Run,NaN,NaN,-0.398,1.000
61.246,0.010,0.600,1.000,1.000,5.240,Run,NaN,NaN,1.598,1.000
61.256,0.010,0.600,-1.000,-1.000,5.230,Run,NaN,NaN,-0.398,1.000
61.266,0.010,0.600,1.000,1.000,5.240,Run,NaN,NaN,1.598,1.000
61.276,0.010,0.600,-1.000,-1.000,5.230,Run,NaN,NaN,-0.398,1.000
61.286,0.010,0.600,1.000,1.000,5.240,Run,NaN,NaN,1.598,1.000
61.296,0.010,0.600,-1.000,-1.000,5.230,Run,NaN,NaN,-0.398,1.000
61.306,0.010,0.600,1.000,1.000,5.240,Run,NaN,NaN,1.598,1.000
61.316,0.010,0.600,-1.000,-1.000,5.230,Run,NaN,NaN,-0.398,1.000
61.326,0.010,0.600,1.000,1.000,5.240,Run,NaN,NaN,1.598,1.000
61.336,0.010,0.600,-1.000,-1.000,5.230,Run,NaN,NaN,-0.398,1.000
61.346,0.010,0.600,1.000,1.000,5.240,Run,NaN,NaN,1.598,1.000
61.356,0.010,0.600,-1.000,-1.000,5.230,Run,NaN,NaN,-0.398,1.000
61.366,0.010,0.600,1.000,1.000,5.240,Run,NaN,NaN,1.598,1.000
61.376,0.010,0.600,-1.000,-1.000,5.230,Run,NaN,NaN,-0.398,1.000
61.386,0.010,0.600,1.000,1.000,5.240,Run,NaN,NaN,1.598,1.000
61.396,0.010,0.600,-1.000,-1.000,5.230,Run,NaN,NaN,-0.398,1.000
61.406,0.010,0.600,1.000,1.000,5.240,Run,NaN,NaN,1.598,1.000
61.416,0.010,0.600,-1.000,-1.000,5.230,Run,NaN,NaN,-0.398,1.000
61.426,0.010,0.600,1.000,1.000,5.240,Run,NaN,NaN,1.598,1.000
61.436,0.010,0.600,-1.000,-1.000,5.230,Run,NaN,NaN,-0.398,1.000
61.446,0.010,0.600,1.000,1.000,5.240,Run,NaN,NaN,1.598,1.000
61.456,0.010,0.600,-1.000,-1.000,5.230,Run,NaN,NaN,-0.398,1.000
61.466,0.010,0.600,1.000,1.000,5.240,Run,NaN,NaN,1.598,1.000
61.476,0.010,0.600,-1.000,-1.000,5.230,Run,NaN,NaN,-0.398,1.000
61.486,0.010,0.600,1.000,1.000,5.240,Run,NaN,NaN,1.598,1.000
61.496,0.010,0.600,-1.000,-1.000,5.230,Run,NaN,NaN,-0.398,1.000
61.506,0.010,0.600,1.000,1.000,5.240,Run,NaN,NaN,1.598,1.000
61.516,0.010,0.600,-1.000,-1.000,5.230,Run,NaN,NaN,-0.398,1.000
61.526,0.010,0.600,1.000,1.000,5.240,Run,NaN,NaN,1.598,1.000
61.536,0.010,0.600,-1.000,-1.000,5.230,Run,NaN,NaN,-0.398,1.000
61.546,0.010,0.600,1.000,1.000,5.240,Run,NaN,NaN,1.598,1.000
61.556,0.010,0.600,-1.000,-1.000,5.230,Run,NaN,NaN,-0.398,1.000
61.566,0.010,0.600,1.000,1.000,5.240,Run,NaN,NaN,1.598,1.000
61.576,0.010,0.600,-1.000,-1.000,5.230,Run,NaN,NaN,-0.398,1.000
61.586,0.010,0.600,1.000,1.000,5.240,Run,NaN,NaN,1.598,1.000
61.596,0.010,0.600,-1.000,-1.000,5.230,Run,NaN,NaN,-0.398,1.000
61.606,0.010,0.600,1.000,1.000,5.240,Run,NaN,NaN,1.598,1.000
61.616,0.010,0.600,-1.000,-1.000,5.230,Run,NaN,NaN,-0.398,1.000
61.626,0.010,0.600,1.000,1.000,5.240,Run,NaN,NaN,1.598,1.000
61.636,0.010,0.600,-1.000,-1.000,5.230,Run,NaN,NaN,-0.398,1.000
61.646,0.010,0.600,1.000,1.000,5.240,Run,NaN,NaN,1.598,1.000
61.656,0.010,0.600,-1.000,-1.000,5.230,Run,NaN,NaN,-0.398,1.000
61.666,0.010,0.600,1.000,1.000,5.240,Run,NaN,NaN,1.598,1.000
61.676,0.010,0.600,-1.000,-1.000,5.230,Run,NaN,NaN,-0.398,1.000
61.686,0.010,0.600,1.000,1.000,5.240,Run,NaN,NaN,1.598,1.000
61.696,0.010,0.600,-1.000,-1.000,5.230,Run,NaN,NaN,-0.398,1.000
61.706,0.010,0.600,1.000,1.000,5.240,Run,NaN,NaN,1.598,1.000
61.716,0.010,0.600,-1.000,-1.000,5.230,Run,NaN,NaN,-0.398,1.000
61.726,0.010,0.600,1.000,1.000,5.240,Run,NaN,NaN,1.598,1.000
61.736,0.010,0.600,-1.000,-1.000,5.230,Run,NaN,NaN,-0.398,1.000
61.746,0.010,0.600,1.000,1.000,5.240,Run,NaN,NaN,1.598,1.000
61.756,0.010,0.600,-1.000,-1.000,5.230,Run,NaN,NaN,-0.398,1.000
61.766,0.010,0.600,1.000,1.000,5.240,Run,NaN,NaN,1.598,1.000
61.776,0.010,0.600,-1.000,-1.000,5.230,Run,NaN,NaN,-0.398,1.000
61.786,0.010,0.600,1.000,1.000,5.240,Run,NaN,NaN,1.598,1.000
61.796,0.010,0.600,-1.000,-1.000,5.230,Run,NaN,NaN,-0.398,1.000
61.806,0.010,0.600,1.000,1.000,5.240,Run,NaN,NaN,1.598,1.000
61.816,0.010,0.600,-1.000,-1.000,5.230,Run,NaN,NaN,-0.398,1.000
61.826,0.010,0.600,1.000,1.000,5.240,Run,NaN,NaN,1.598,1.000
61.836,0.010,0.600,-1.000,-1.000,5.230,Run,NaN,NaN,-0.398,1.000
61.846,0.010,0.600,1.000,1.000,5.240,Run,NaN,NaN,1.598,1.000
61.856,0.010,0.600,-1.000,-1.000,5.230,Run,NaN,NaN,-0.398,1.000
61.866,0.010,0.600,1.000,1.000,5.240,Run,NaN,NaN,1.598,1.000
61.876,0.010,0.600,-1.000,-1.000,5.230,Run,NaN,NaN,-0.398,1.000
61.886,0.010,0.600,1.000,1.000,5.240,Run,NaN,NaN,1.598,1.000
61.896,0.010,0.600,-1.000,-1.000,5.230,Run,NaN,NaN,-0.398,1.000
61.906,0.010,0.600,1.000,1.000,5.240,Run,NaN,NaN,1.598,1.000
61.916,0.010,0.600,-1.000,-1.000,5.230,Run,NaN,NaN,-0.398,1.000
61.926,0.010,0.600,1.000,1.000,5.240,Run,NaN,NaN,1.598,1.000
61.936,0.010,0.600,-1.000,-1.000,5.230,Run,NaN,NaN,-0.398,1.000
61.946,0.010,0.600,1.000,1.000,5.240,Run,NaN,NaN,1.598,1.000
61.956,0.010,0.600,-1.000,-1.000,5.230,Run,NaN,NaN,-0.398,1.000
61.966,0.010,0.600,1.000,1.000,5.240,Run,NaN,NaN,1.598,1.000
61.976,0.010,0.600,-1.000,-1.000,5.230,Run,NaN,NaN,-0.398,1.000
61.986,0.010,0.600,1.000,1.000,5.240,Run,NaN,NaN,1.598,1.000
61.996,0.010,0.600,-1.000,-1.000,5.230,Run,NaN,NaN,-0.398,1.000
62.006,0.010,0.600,1.000,1.000,5.240,Run,NaN,NaN,1.598,1.000
62.016,0.010,0.600,-1.000,-1.000,5.230,Run,NaN,NaN,-0.398,1.000
62.026,0.010,0.600,1.000,1.000,5.240,Run,NaN,NaN,1.598,1.000
62.036,0.010,0.600,-1.000,-1.000,5.230,Run,NaN,NaN,-0.398,1.000
62.046,0.010,0.600,1.000,1.000,5.240,Run,NaN,NaN,1.598,1.000
62.056,0.010,0.600,-1.000,-1.000,5.230,Run,NaN,NaN,-0.398,1.000
62.066,0.010,0.600,1.000,1.000,5.240,Run,NaN,NaN,1.598,1.000
62.076,0.010,0.600,-1.000,-1.000,5.230,Run,NaN,NaN,-0.398,1.000
62.086,0.010,0.600,1.000,1.000,5.240,Run,NaN,NaN,1.598,1.000
62.096,0.010,0.600,-1.000,-1.000,5.230,Run,NaN,NaN,-0.398,1.000
62.106,0.010,0.600,1.000,1.000,5.240,Run,NaN,NaN,1.598,1.000
62.116,0.010,0.600,-1.000,-1.000,5.230,Run,NaN,NaN,-0.398,1.000
62.126,0.010,0.600,1.000,1.000,5.240,Run,NaN,NaN,1.598,1.000
62.136,0.010,0.600,-1.000,-1.000,5.230,Run,NaN,NaN,-0.398,1.000
62.146,0.010,0.600,1.000,1.000,5.240,Run,NaN,NaN,1.598,1.000
62.156,0.010,0.600,-1.000,-1.000,5.230,Run,NaN,NaN,-0.398,1.000
62.166,0.010,0.600,1.000,1.000,5.240,Run,NaN,NaN,1.598,1.000
62.176,0.010,0.600,-1.000,-1.000,5.230,Run,NaN,NaN,-0.398,1.000
62.186,0.010,0.600,1.000,1.000,5.240,Run,NaN,NaN,1.598,1.000
62.196,0.010,0.600,-1.000,-1.000,5.230,Run,NaN,NaN,-0.398,1.000
62.206,0.010,0.600,1.000,1.000,5.240,Run,NaN,NaN,1.598,1.000
62.216,0.010,0.600,-1.000,-1.000,5.230,Run,NaN,NaN,-0.398,1.000
62.226,0.010,0.600,1.000,1.000,5.240,Run,NaN,NaN,1.598,1.000
62.236,0.010,0.600,-1.000,-1.000,5.230,Run,NaN,NaN,-0.398,1.000
62.246,0.010,0.600,1.000,1.000,5.240,Run,NaN,NaN,1.598,1.000
62.256,0.010,0.600,-1.000,-1.000,5.230,Run,NaN,NaN,-0.398,1.000
62.266,0.010,0.600,1.000,1.000,5.240,Run,NaN,NaN,1.598,1.000
62.276,0.010,0.600,-1.000,-1.000,5.230,Run,NaN,NaN,-0.398,1.000
62.286,0.010,0.600,1.000,1.000,5.240,Run,NaN,NaN,1.598,1.000
62.296,0.010,0.600,-1.000,-1.000,5.230,Run,NaN,NaN,-0.398,1.000
62.306,0.010,0.600,1.000,1.000,5.240,Run,NaN,NaN,1.598,1.000
62.316,0.010,0.600,-1.000,-1.000,5.230,Run,NaN,NaN,-0.398,1.000
62.326,0.010,0.600,1.000,1.000,5.240,Run,NaN,NaN,1.598,1.000
62.336,0.010,0.600,-1.000,-1.000,5.230,Run,NaN,NaN,-0.398,1.000
62.346,0.010,0.600,1.000,1.000,5.240,Run,NaN,NaN,1.598,1.000
62.356,0.010,0.600,-1.000,-1.000,5.230,Run,NaN,NaN,-0.398,1.000
62.366,0.010,0.600,1.000,1.000,5.240,Run,NaN,NaN,1.598,1.000
62.376,0.010,0.600,-1.000,-1.000,5.230,Run,NaN,NaN,-0.398,1.000
62.386,0.010,0.600,1.000,1.000,5.240,Run,NaN,NaN,1.598,1.000
62.396,0.010,0.600,-1.000,-1.000,5.230,Run,NaN,NaN,-0.398,1.000
62.406,0.010,0.600,1.000,1.000,5.240,Run,NaN,NaN,1.598,1.000
62.416,0.010,0.600,-1.000,-1.000,5.230,Run,NaN,NaN,-0.398,1.000
62.426,0.010,0.600,1.000,1.000,5.240,Run,NaN,NaN,1.598,1.000
62.436,0.010,0.600,-1.000,-1.000,5.230,Run,NaN,NaN,-0.398,1.000
62.446,0.010,0.600,1.000,1.000,5.240,Run,NaN,NaN,1.598,1.000
62.456,0.010,0.600,-1.000,-1.000,5.230,Run,NaN,NaN,-0.398,1.000
62.466,0.010,0.600,1.000,1.000,5.240,Run,NaN,NaN,1.598,1.000
62.476,0.010,0.600,-1.000,-1.000,5.230,Run,NaN,NaN,-0.398,1.000
62.486,0.010,0.600,1.000,1.000,5.240,Run,NaN,NaN,1.598,1.000
62.496,0.010,0.600,-1.000,-1.000,5.230,Run,NaN,NaN,-0.398,1.000
62.506,0.010,0.600,1.000,1.000,5.240,Run,NaN,NaN,1.598,1.000
62.516,0.010,0.600,-1.000,-1.000,5.230,Run,NaN,NaN,-0.398,1.000
62.526,0.010,0.600,1.000,1.000,5.240,Run,NaN,NaN,1.598,1.000
62.536,0.010,0.600,-1.000,-1.000,5.230,Run,NaN,NaN,-0.398,1.000
62.546,0.010,0.600,1.000,1.000,5.240,Run,NaN,NaN,1.598,1.000
62.556,0.010,0.600,-1.000,-1.000,5.230,Run,NaN,NaN,-0.398,1.000
62.566,0.010,0.600,1.000,1.000,5.240,Run,NaN,NaN,1.598,1.000
62.576,0.010,0.600,-1.000,-1.000,5.230,Run,NaN,NaN,-0.398,1.000
62.586,0.010,0.600,1.000,1.000,5.240,Run,NaN,NaN,1.598,1.000
62.596,0.010,0.600,-1.000,-1.000,5.230,Run,NaN,NaN,-0.398,1.000
62.605,0.010,0.600,1.000,1.000,5.240,Run,NaN,NaN,1.598,1.000
62.615,0.010,0.600,-1.000,-1.000,5.230,Run,NaN,NaN,-0.398,1.000
62.625,0.010,0.600,1.000,1.000,5.240,Run,NaN,NaN,1.598,1.000
62.635,0.010,0.600,-1.000,-1.000,5.230,Run,NaN,NaN,-0.398,1.000
62.645,0.010,0.600,1.000,1.000,5.240,Run,NaN,NaN,1.598,1.000
62.655,0.010,0.600,-1.000,-1.000,5.230,Run,NaN,NaN,-0.398,1.000
62.665,0.010,0.600,1.000,1.000,5.240,Run,NaN,NaN,1.598,1.000
62.675,0.010,0.600,-1.000,-1.000,5.230,Run,NaN,NaN,-0.398,1.000
62.685,0.010,0.600,1.000,1.000,5.240,Run,NaN,NaN,1.598,1.000
62.695,0.010,0.600,-1.000,-1.000,5.230,Run,NaN,NaN,-0.398,1.000
62.705,0.010,0.600,1.000,1.000,5.240,Run,NaN,NaN,1.598,1.000
62.715,0.010,0.600,-1.000,-1.000,5.230,Run,NaN,NaN,-0.398,1.000
62.725,0.010,0.600,1.000,1.000,5.240,Run,NaN,NaN,1.598,1.000
62.735,0.010,0.600,-1.000,-1.000,5.230,Run,NaN,NaN,-0.398,1.000
62.745,0.010,0.600,1.000,1.000,5.240,Run,NaN,NaN,1.598,1.000
62.755,0.010,0.600,-1.000,-1.000,5.230,Run,NaN,NaN,-0.398,1.000
62.765,0.010,0.600,1.000,1.000,5.240,Run,NaN,NaN,1.598,1.000
62.775,0.010,0.600,-1.000,-1.000,5.230,Run,NaN,NaN,-0.398,1.000
62.785,0.010,0.600,1.000,1.000,5.240,Run,NaN,NaN,1.598,1.000
62.795,0.010,0.600,-1.000,-1.000,5.230,Run,NaN,NaN,-0.398,1.000
62.805,0.010,0.600,1.000,1.000,5.240,Run,NaN,NaN,1.598,1.000
62.815,0.010,0.600,-1.000,-1.000,5.230,Run,NaN,NaN,-0.398,1.000
62.825,0.010,0.600,1.000,1.000,5.240,Run,NaN,NaN,1.598,1.000
62.835,0.010,0.600,-1.000,-1.000,5.230,Run,NaN,NaN,-0.398,1.000
62.845,0.010,0.600,1.000,1.000,5.240,Run,NaN,NaN,1.598,1.000
62.855,0.010,0.600,-1.000,-1.000,5.230,Run,NaN,NaN,-0.398,1.000
62.865,0.010,0.600,1.000,1.000,5.240,Run,NaN,NaN,1.598,1.000
62.875,0.010,0.600,-1.000,-1.000,5.230,Run,NaN,NaN,-0.398,1.000
62.885,0.010,0.600,1.000,1.000,5.240,Run,NaN,NaN,1.598,1.000
62.895,0.010,0.600,-1.000,-1.000,5.230,Run,NaN,NaN,-0.398,1.000
62.905,0.010,0.600,1.000,1.000,5.240,Run,NaN,NaN,1.598,1.000
62.915,0.010,0.600,-1.000,-1.000,5.230,Run,NaN,NaN,-0.398,1.000
62.925,0.010,0.600,1.000,1.000,5.240,Run,NaN,NaN,1.598,1.000
62.935,0.010,0.600,-1.000,-1.000,5.230,Run,NaN,NaN,-0.398,1.000
62.945,0.010,0.600,1.000,1.000,5.240,Run,NaN,NaN,1.598,1.000
62.955,0.010,0.600,-1.000,-1.000,5.230,Run,NaN,NaN,-0.398,1.000
62.965,0.010,0.600,1.000,1.000,5.240,Run,NaN,NaN,1.598,1.000
62.975,0.010,0.600,-1.000,-1.000,5.230,Run,NaN,NaN,-0.398,1.000
62.985,0.010,0.600,1.000,1.000,5.240,Run,NaN,NaN,1.598,1.000
62.995,0.010,0.600,-1.000,-1.000,5.230,Run,NaN,NaN,-0.398,1.000
63.005,0.010,0.600,1.000,1.000,5.240,Run,NaN,NaN,1.598,1.000
63.015,0.010,0.600,-1.000,-1.000,5.230,Run,NaN,NaN,-0.398,1.000
63.025,0.010,0.600,1.000,1.000,5.240,Run,NaN,NaN,1.598,1.000
63.035,0.010,0.600,-1.000,-1.000,5.230,Run,NaN,NaN,-0.398,1.000
63.045,0.010,0.600,1.000,1.000,5.240,Run,NaN,NaN,1.598,1.000
63.055,0.010,0.600,-1.000,-1.000,5.230,Run,NaN,NaN,-0.398,1.000
63.065,0.010,0.600,1.000,1.000,5.240,Run,NaN,NaN,1.598,1.000
63.075,0.010,0.600,-1.000,-1.000,5.230,Run,NaN,NaN,-0.398,1.000
63.085,0.010,0.600,1.000,1.000,5.240,Run,NaN,NaN,1.598,1.000
63.095,0.010,0.600,-1.000,-1.000,5.230,Run,NaN,NaN,-0.398,1.000
63.105,0.010,0.600,1.000,1.000,5.240,Run,NaN,NaN,1.598,1.000
63.115,0.010,0.600,-1.000,-1.000,5.230,Run,NaN,NaN,-0.398,1.000
63.125,0.010,0.600,1.000,1.000,5.240,Run,NaN,NaN,1.598,1.000
63.135,0.010,0.600,-1.000,-1.000,5.230,Run,NaN,NaN,-0.398,1.000
63.145,0.010,0.600,1.000,1.000,5.240,Run,NaN,NaN,1.598,1.000
63.155,0.010,0.600,-1.000,-1.000,5.230,Run,NaN,NaN,-0.398,1.000
63.165,0.010,0.600,1.000,1.000,5.240,Run,NaN,NaN,1.598,1.000
63.175,0.010,0.600,-1.000,-1.000,5.230,Run,NaN,NaN,-0.398,1.000
63.185,0.010,0.600,1.000,1.000,5.240,Run,NaN,NaN,1.598,1.000
63.195,0.010,0.600,-1.000,-1.000,5.230,Run,NaN,NaN,-0.398,1.000
63.205,0.010,0.600,1.000,1.000,5.240,Run,NaN,NaN,1.598,1.000
63.215,0.010,0.600,-1.000,-1.000,5.230,Run,NaN,NaN,-0.398,1.000
63.225,0.010,0.600,1.000,1.000,5.240,Run,NaN,NaN,1.598,1.000
63.235,0.010,0.600,-1.000,-1.000,5.230,Run,NaN,NaN,-0.398,1.000
63.245,0.010,0.600,1.000,1.000,5.240,Run,NaN,NaN,1.598,1.000
63.255,0.010,0.600,-1.000,-1.000,5.230,Run,NaN,NaN,-0.398,1.000
63.265,0.010,0.600,1.000,1.000,5.240,Run,NaN,NaN,1.598,1.000
63.275,0.010,0.600,-1.000,-1.000,5.230,Run,NaN,NaN,-0.398,1.000
63.285,0.010,0.600,1.000,1.000,5.240,Run,NaN,NaN,1.598,1.000
63.295,0.010,0.600,-1.000,-1.000,5.230,Run,NaN,NaN,-0.398,1.000
63.305,0.010,0.600,1.000,1.000,5.240,Run,NaN,NaN,1.598,1.000
63.315,0.010,0.600,-1.000,-1.000,5.230,Run,NaN,NaN,-0.398,1.000
63.325,0.010,0.600,1.000,1.000,5.240,Run,NaN,NaN,1.598,1.000
63.335,0.010,0.600,-1.000,-1.000,5.230,Run,NaN,NaN,-0.398,1.000
63.345,0.010,0.600,1.000,1.000,5.240,Run,NaN,NaN,1.598,1.000
63.355,0.010,0.600,-1.000,-1.000,5.230,Run,NaN,NaN,-0.398,1.000
63.365,0.010,0.600,1.000,1.000,5.240,Run,NaN,NaN,1.598,1.000
63.375,0.010,0.600,-1.000,-1.000,5.230,Run,NaN,NaN,-0.398,1.000
63.385,0.010,0.600,1.000,1.000,5.240,Run,NaN,NaN,1.598,1.000
63.395,0.010,0.600,-1.000,-1.000,5.230,Run,NaN,NaN,-0.398,1.000
63.405,0.010,0.600,1.000,1.000,5.240,Run,NaN,NaN,1.598,1.000
63.415,0.010,0.600,-1.000,-1.000,5.230,Run,NaN,NaN,-0.398,1.000
63.425,0.010,0.600,1.000,1.000,5.240,Run,NaN,NaN,1.598,1.000
63.435,0.010,0.600,-1.000,-1.000,5.230,Run,NaN,NaN,-0.398,1.000
63.445,0.010,0.600,1.000,1.000,5.240,Run,NaN,NaN,1.598,1.000
63.455,0.010,0.600,-1.000,-1.000,5.230,Run,NaN,NaN,-0.398,1.000
63.465,0.010,0.600,1.000,1.000,5.240,Run,NaN,NaN,1.598,1.000
63.475,0.010,0.600,-1.000,-1.000,5.230,Run,NaN,NaN,-0.398,1.000
63.485,0.010,0.600,1.000,1.000,5.240,Run,NaN,NaN,1.598,1.000
63.495,0.010,0.600,-1.000,-1.000,5.230,Run,NaN,NaN,-0.398,1.000
63.505,0.010,0.600,1.000,1.000,5.240,Run,NaN,NaN,1.598,1.000
63.515,0.010,0.600,-1.000,-1.000,5.230,Run,NaN,NaN,-0.398,1.000
63.525,0.010,0.600,1.000,1.000,5.240,Run,NaN,NaN,1.598,1.000
63.535,0.010,0.600,-1.000,-1.000,5.230,Run,NaN,NaN,-0.398,1.000
63.545,0.010,0.600,1.000,1.000,5.240,Run,NaN,NaN,1.598,1.000
63.555,0.010,0.600,-1.000,-1.000,5.230,Run,NaN,NaN,-0.398,1.000
63.565,0.010,0.600,1.000,1.000,5.240,Run,NaN,NaN,1.598,1.000
63.575,0.010,0.600,-1.000,-1.000,5.230,Run,NaN,NaN,-0.398,1.000
63.585,0.010,0.600,1.000,1.000,5.240,Run,NaN,NaN,1.598,1.000
63.595,0.010,0.600,-1.000,-1.000,5.230,Run,NaN,NaN,-0.398,1.000
63.605,0.010,0.600,1.000,1.000,5.240,Run,NaN,NaN,1.598,1.000
63.615,0.010,0.600,-1.000,-1.000,5.230,Run,NaN,NaN,-0.398,1.000
63.625,0.010,0.600,1.000,1.000,5.240,Run,NaN,NaN,1.598,1.000
63.635,0.010,0.600,-1.000,-1.000,5.230,Run,NaN,NaN,-0.398,1.000
63.645,0.010,0.600,1.000,1.000,5.240,Run,NaN,NaN,1.598,1.000
63.655,0.010,0.600,-1.000,-1.000,5.230,Run,NaN,NaN,-0.398,1.000
63.665,0.010,0.600,1.000,1.000,5.240,Run,NaN,NaN,1.598,1.000
63.675,0.010,0.600,-1.000,-1.000,5.230,Run,NaN,NaN,-0.398,1.000
63.685,0.010,0.600,1.000,1.000,5.240,Run,NaN,NaN,1.598,1.000
63.695,0.010,0.600,-1.000,-1.000,5.230,Run,NaN,NaN,-0.398,1.000
63.705,0.010,0.600,1.000,1.000,5.240,Run,NaN,NaN,1.598,1.000
63.715,0.010,0.600,-1.000,-1.000,5.230,Run,NaN,NaN,-0.398,1.000
63.725,0.010,0.600,1.000,1.000,5.240,Run,NaN,NaN,1.598,1.000
63.735,0.010,0.600,-1.000,-1.000,5.230,Run,NaN,NaN,-0.398,1.000
63.745,0.010,0.600,1.000,1.000,5.240,Run,NaN,NaN,1.598,1.000
63.755,0.010,0.600,-1.000,-1.000,5.230,Run,NaN,NaN,-0.398,1.000
63.765,0.010,0.600,1.000,1.000,5.240,Run,NaN,NaN,1.598,1.000
63.775,0.010,0.600,-1.000,-1.000,5.230,Run,NaN,NaN,-0.398,1.000
63.785,0.010,0.600,1.000,1.000,5.240,Run,NaN,NaN,1.598,1.000
63.795,0.010,0.600,-1.000,-1.000,5.230,Run,NaN,NaN,-0.398,1.000
63.805,0.010,0.600,1.000,1.000,5.240,Run,NaN,NaN,1.598,1.000
63.815,0.010,0.600,-1.000,-1.000,5.230,Run,NaN,NaN,-0.398,1.000
63.825,0.010,0.600,1.000,1.000,5.240,Run,NaN,NaN,1.598,1.000
63.835,0.010,0.600,-1.000,-1.000,5.230,Run,NaN,NaN,-0.398,1.000
63.845,0.010,0.600,1.000,1.000,5.240,Run,NaN,NaN,1.598,1.000
63.855,0.010,0.600,-1.000,-1.000,5.230,Run,NaN,NaN,-0.398,1.000
63.865,0.010,0.600,1.000,1.000,5.240,Run,NaN,NaN,1.598,1.000
63.875,0.010,0.600,-1.000,-1.000,5.230,Run,NaN,NaN,-0.398,1.000
63.885,0.010,0.600,1.000,1.000,5.240,Run,NaN,NaN,1.598,1.000
63.895,0.010,0.600,-1.000,-1.000,5.230,Run,NaN,NaN,-0.398,1.000
63.905,0.010,0.600,1.000,1.000,5.240,Run,NaN,NaN,1.598,1.000
63.915,0.010,0.600,-1.000,-1.000,5.230,Run,NaN,NaN,-0.398,1.000
63.925,0.010,0.600,1.000,1.000,5.240,Run,NaN,NaN,1.598,1.000
63.935,0.010,0.600,-1.000,-1.000,5.230,Run,NaN,NaN,-0.398,1.000
63.945,0.010,0.600,1.000,1.000,5.240,Run,NaN,NaN,1.598,1.000
63.955,0.010,0.600,-1.000,-1.000,5.230,Run,NaN,NaN,-0.398,1.000
63.965,0.010,0.600,1.000,1.000,5.240,Run,NaN,NaN,1.598,1.000
63.975,0.010,0.600,-1.000,-1.000,5.230,Run,NaN,NaN,-0.398,1.000
63.985,0.010,0.600,1.000,1.000,5.240,Run,NaN,NaN,1.598,1.000
63.995,0.010,0.600,-1.000,-1.000,5.230,Run,NaN,NaN,-0.398,1.000
64.005,0.010,0.600,1.000,1.000,5.240,Run,NaN,NaN,1.598,1.000
64.015,0.010,0.600,-1.000,-1.000,5.230,Run,NaN,NaN,-0.398,1.000
64.025,0.010,0.600,1.000,1.000,5.240,Run,NaN,NaN,1.598,1.000
64.035,0.010,0.600,-1.000,-1.000,5.230,Run,NaN,NaN,-0.398,1.000
64.045,0.010,0.600,1.000,1.000,5.240,Run,NaN,NaN,1.598,1.000
64.055,0.010,0.600,-1.000,-1.000,5.230,Run,NaN,NaN,-0.398,1.000
64.065,0.010,0.600,1.000,1.000,5.240,Run,NaN,NaN,1.598,1.000
64.075,0.010,0.600,-1.000,-1.000,5.230,Run,NaN,NaN,-0.398,1.000
64.085,0.010,0.600,1.000,1.000,5.240,Run,NaN,NaN,1.598,1.000
64.095,0.010,0.600,-1.000,-1.000,5.230,Run,NaN,NaN,-0.398,1.000
64.105,0.010,0.600,1.000,1.000,5.240,Run,NaN,NaN,1.598,1.000
64.115,0.010,0.600,-1.000,-1.000,5.230,Run,NaN,NaN,-0.398,1.000
64.125,0.010,0.600,1.000,1.000,5.240,Run,NaN,NaN,1.598,1.000
64.135,0.010,0.600,-1.000,-1.000,5.230,Run,NaN,NaN,-0.398,1.000
64.145,0.010,0.600,1.000,1.000,5.240,Run,NaN,NaN,1.598,1.000
64.155,0.010,0.600,-1.000,-1.000,5.230,Run,NaN,NaN,-0.398,1.000
64.165,0.010,0.600,1.000,1.000,5.240,Run,NaN,NaN,1.598,1.000
64.175,0.010,0.600,-1.000,-1.000,5.230,Run,NaN,NaN,-0.398,1.000
64.185,0.010,0.600,1.000,1.000,5.240,Run,NaN,NaN,1.598,1.000
64.195,0.010,0.600,-1.000,-1.000,5.230,Run,NaN,NaN,-0.398,1.000
64.205,0.010,0.600,1.000,1.000,5.240,Run,NaN,NaN,1.598,1.000
64.215,0.010,0.600,-1.000,-1.000,5.230,Run,NaN,NaN,-0.398,1.000
64.225,0.010,0.600,1.000,1.000,5.240,Run,NaN,NaN,1.598,1.000
64.235,0.010,0.600,-1.000,-1.000,5.230,Run,NaN,NaN,-0.398,1.000
64.245,0.010,0.600,1.000,1.000,5.240,Run,NaN,NaN,1.598,1.000
64.255,0.010,0.600,-1.000,-1.000,5.230,Run,NaN,NaN,-0.398,1.000
64.265,0.010,0.600,1.000,1.000,5.240,Run,NaN,NaN,1.598,1.000
64.275,0.010,0.600,-1.000,-1.000,5.230,Run,NaN,NaN,-0.398,1.000
64.285,0.010,0.600,1.000,1.000,5.240,Run,NaN,NaN,1.598,1.000
64.295,0.010,0.600,-1.000,-1.000,5.230,Run,NaN,NaN,-0.398,1.000
64.305,0.010,0.600,1.000,1.000,5.240,Run,NaN,NaN,1.598,1.000
64.315,0.010,0.600,-1.000,-1.000,5.230,Run,NaN,NaN,-0.398,1.000
64.325,0.010,0.600,1.000,1.000,5.240,Run,NaN,NaN,1.598,1.000
64.335,0.010,0.600,-1.000,-1.000,5.230,Run,NaN,NaN,-0.398,1.000
64.345,0.010,0.600,1.000,1.000,5.240,Run,NaN,NaN,1.598,1.000
64.355,0.010,0.600,-1.000,-1.000,5.230,Run,NaN,NaN,-0.398,1.000
64.365,0.010,0.600,1.000,1.000,5.240,Run,NaN,NaN,1.598,1.000
64.375,0.010,0.600,-1.000,-1.000,5.230,Run,NaN,NaN,-0.398,1.000
64.385,0.010,0.600,1.000,1.000,5.240,Run,NaN,NaN,1.598,1.000
64.395,0.010,0.600,-1.000,-1.000,5.230,Run,NaN,NaN,-0.398,1.000
64.405,0.010,0.600,1.000,1.000,5.240,Run,NaN,NaN,1.598,1.000
64.415,0.010,0.600,-1.000,-1.000,5.230,Run,NaN,NaN,-0.398,1.000
64.425,0.010,0.600,1.000,1.000,5.240,Run,NaN,NaN,1.598,1.000
64.435,0.010,0.600,-1.000,-1.000,5.230,Run,NaN,NaN,-0.398,1.000
64.445,0.010,0.600,1.000,1.000,5.240,Run,NaN,NaN,1.598,1.000
64.455,0.010,0.600,-1.000,-1.000,5.230,Run,NaN,NaN,-0.398,1.000
64.465,0.010,0.600,1.000,1.000,5.240,Run,NaN,NaN,1.598,1.000
64.475,0.010,0.600,-1.000,-1.000,5.230,Run,NaN,NaN,-0.398,1.000
64.485,0.010,0.600,1.000,1.000,5.240,Run,NaN,NaN,1.598,1.000
64.495,0.010,0.600,-1.000,-1.000,5.230,Run,NaN,NaN,-0.398,1.000
64.505,0.010,0.600,1.000,1.000,5.240,Run,NaN,NaN,1.598,1.000
64.515,0.010,0.600,-1.000,-1.000,5.230,Run,NaN,NaN,-0.398,1.000
64.525,0.010,0.600,1.000,1.000,5.240,Run,NaN,NaN,1.598,1.000
64.535,0.010,0.600,-1.000,-1.000,5.230,Run,NaN,NaN,-0.398,1.000
64.545,0.010,0.600,1.000,1.000,5.240,Run,NaN,NaN,1.598,1.000
64.555,0.010,0.600,-1.000,-1.000,5.230,Run,NaN,NaN,-0.398,1.000
64.565,0.010,0.600,1.000,1.000,5.240,Run,NaN,NaN,1.598,1.000
64.575,0.010,0.600,-1.000,-1.000,5.230,Run,NaN,NaN,-0.398,1.000
64.585,0.010,0.600,1.000,1.000,5.240,Run,NaN,NaN,1.598,1.000
64.595,0.010,0.600,-1.000,-1.000,5.230,Run,NaN,NaN,-0.398,1.000
64.605,0.010,0.600,1.000,1.000,5.240,Run,NaN,NaN,1.598,1.000
64.615,0.010,0.600,-1.000,-1.000,5.230,Run,NaN,NaN,-0.398,1.000
64.625,0.010,0.600,1.000,1.000,5.240,Run,NaN,NaN,1.598,1.000
64.635,0.010,0.600,-1.000,-1.000,5.230,Run,NaN,NaN,-0.398,1.000
64.645,0.010,0.600,1.000,1.000,5.240,Run,NaN,NaN,1.598,1.000
64.655,0.010,0.600,-1.000,-1.000,5.230,Run,NaN,NaN,-0.398,1.000
64.665,0.010,0.600,1.000,1.000,5.240,Run,NaN,NaN,1.598,1.000
64.675,0.010,0.600,-1.000,-1.000,5.230,Run,NaN,NaN,-0.398,1.000
64.685,0.010,0.600,1.000,1.000,5.240,Run,NaN,NaN,1.598,1.000
64.695,0.010,0.600,-1.000,-1.000,5.230,Run,NaN,NaN,-0.398,1.000
64.705,0.010,0.600,1.000,1.000,5.240,Run,NaN,NaN,1.598,1.000
64.715,0.010,0.600,-1.000,-1.000,5.230,Run,NaN,NaN,-0.398,1.000
64.725,0.010,0.600,1.000,1.000,5.240,Run,NaN,NaN,1.598,1.000
64.735,0.010,0.600,-1.000,-1.000,5.230,Run,NaN,NaN,-0.398,1.000
64.745,0.010,0.600,1.000,1.000,5.240,Run,NaN,NaN,1.598,1.000
64.755,0.010,0.600,-1.000,-1.000,5.230,Run,NaN,NaN,-0.398,1.000
64.765,0.010,0.600,1.000,1.000,5.240,Run,NaN,NaN,1.598,1.000
64.775,0.010,0.600,-1.000,-1.000,5.230,Run,NaN,NaN,-0.398,1.000
64.785,0.010,0.600,1.000,1.000,5.240,Run,NaN,NaN,1.598,1.000
64.795,0.010,0.600,-1.000,-1.000,5.230,Run,NaN,NaN,-0.398,1.000
64.805,0.010,0.600,1.000,1.000,5.240,Run,NaN,NaN,1.598,1.000
64.815,0.010,0.600,-1.000,-1.000,5.230,Run,NaN,NaN,-0.398,1.000
64.825,0.010,0.600,1.000,1.000,5.240,Run,NaN,NaN,1.598,1.000
64.835,0.010,0.600,-1.000,-1.000,5.230,Run,NaN,NaN,-0.398,1.000
64.845,0.010,0.600,1.000,1.000,5.240,Run,NaN,NaN,1.598,1.000
64.855,0.010,0.600,-1.000,-1.000,5.230,Run,NaN,NaN,-0.398,1.000
64.865,0.010,0.600,1.000,1.000,5.240,Run,NaN,NaN,1.598,1.000
64.875,0.010,0.600,-1.000,-1.000,5.230,Run,NaN,NaN,-0.398,1.000
64.885,0.010,0.600,1.000,1.000,5.240,Run,NaN,NaN,1.598,1.000
64.895,0.010,0.600,-1.000,-1.000,5.230,Run,NaN,NaN,-0.398,1.000
64.905,0.010,0.600,1.000,1.000,5.240,Run,NaN,NaN,1.598,1.000
64.915,0.010,0.600,-1.000,-1.000,5.230,Run,NaN,NaN,-0.398,1.000
64.925,0.010,0.600,1.000,1.000,5.240,Run,NaN,NaN,1.598,1.000
64.935,0.010,0.600,-1.000,-1.000,5.230,Run,NaN,NaN,-0.398,1.000
64.945,0.010,0.600,1.000,1.000,5.240,Run,NaN,NaN,1.598,1.000
64.955,0.010,0.600,-1.000,-1.000,5.230,Run,NaN,NaN,-0.398,1.000
64.965,0.010,0.600,1.000,1.000,5.240,Run,NaN,NaN,1.598,1.000
64.975,0.010,0.600,-1.000,-1.000,5.230,Run,NaN,NaN,-0.398,1.000
64.985,0.010,0.600,1.000,1.000,5.240,Run,NaN,NaN,1.598,1.000
64.995,0.010,0.600,-1.000,-1.000,5.230,Run,NaN,NaN,-0.398,1.000
65.005,0.010,0.600,1.000,1.000,5.240,Run,NaN,NaN,1.598,1.000
65.015,0.010,0.600,-1.000,-1.000,5.230,Run,NaN,NaN,-0.398,1.000
65.025,0.010,0.600,1.000,1.000,5.240,Run,NaN,NaN,1.598,1.000
65.035,0.010,0.600,-1.000,-1.000,5.230,Run,NaN,NaN,-0.398,1.000
65.045,0.010,0.600,1.000,1.000,5.240,Run,NaN,NaN,1.598,1.000
65.055,0.010,0.600,-1.000,-1.000,5.230,Run,NaN,NaN,-0.398,1.000
65.065,0.010,0.600,1.000,1.000,5.240,Run,NaN,NaN,1.598,1.000
65.075,0.010,0.600,-1.000,-1.000,5.230,Run,NaN,NaN,-0.398,1.000
65.085,0.010,0.600,1.000,1.000,5.240,Run,NaN,NaN,1.598,1.000
65.095,0.010,0.600,-1.000,-1.000,5.230,Run,NaN,NaN,-0.398,1.000
65.105,0.010,0.600,1.000,1.000,5.240,Run,NaN,NaN,1.598,1.000
65.116,0.010,0.600,-1.000,-1.000,5.230,Run,NaN,NaN,-0.398,1.000
65.126,0.010,0.600,1.000,1.000,5.240,Run,NaN,NaN,1.598,1.000
65.136,0.010,0.600,-1.000,-1.000,5.230,Run,NaN,NaN,-0.398,1.000
65.146,0.010,0.600,1.000,1.000,5.240,Run,NaN,NaN,1.598,1.000
65.156,0.010,0.600,-1.000,-1.000,5.230,Run,NaN,NaN,-0.398,1.000
65.166,0.010,0.600,1.000,1.000,5.240,Run,NaN,NaN,1.598,1.000
65.176,0.010,0.600,-1.000,-1.000,5.230,Run,NaN,NaN,-0.398,1.000
65.186,0.010,0.600,1.000,1.000,5.240,Run,NaN,NaN,1.598,1.000
65.196,0.010,0.600,-1.000,-1.000,5.230,Run,NaN,NaN,-0.398,1.000
65.206,0.010,0.600,1.000,1.000,5.240,Run,NaN,NaN,1.598,1.000
65.216,0.010,0.600,-1.000,-1.000,5.230,Run,NaN,NaN,-0.398,1.000
65.226,0.010,0.600,1.000,1.000,5.240,Run,NaN,NaN,1.598,1.000
65.236,0.010,0.600,-1.000,-1.000,5.230,Run,NaN,NaN,-0.398,1.000
65.246,0.010,0.600,1.000,1.000,5.240,Run,NaN,NaN,1.598,1.000
65.256,0.010,0.600,-1.000,-1.000,5.230,Run,NaN,NaN,-0.398,1.000
65.266,0.010,0.600,1.000,1.000,5.240,Run,NaN,NaN,1.598,1.000
65.276,0.010,0.600,-1.000,-1.000,5.230,Run,NaN,NaN,-0.398,1.000
65.286,0.010,0.600,1.000,1.000,5.240,Run,NaN,NaN,1.598,1.000
65.296,0.010,0.600,-1.000,-1.000,5.230,Run,NaN,NaN,-0.398,1.000
65.306,0.010,0.600,1.000,1.000,5.240,Run,NaN,NaN,1.598,1.000
65.316,0.010,0.600,-1.000,-1.000,5.230,Run,NaN,NaN,-0.398,1.000
65.326,0.010,0.600,1.000,1.000,5.240,Run,NaN,NaN,1.598,1.000
65.336,0.010,0.600,-1.000,-1.000,5.230,Run,NaN,NaN,-0.398,1.000
65.346,0.010,0.600,1.000,1.000,5.240,Run,NaN,NaN,1.598,1.000
65.356,0.010,0.600,-1.000,-1.000,5.230,Run,NaN,NaN,-0.398,1.000
65.366,0.010,0.600,1.000,1.000,5.240,Run,NaN,NaN,1.598,1.000
65.376,0.010,0.600,-1.000,-1.000,5.230,Run,NaN,NaN,-0.398,1.000
65.386,0.010,0.600,1.000,1.000,5.240,Run,NaN,NaN,1.598,1.000
65.396,0.010,0.600,-1.000,-1.000,5.230,Run,NaN,NaN,-0.398,1.000
65.406,0.010,0.600,1.000,1.000,5.240,Run,NaN,NaN,1.598,1.000
65.416,0.010,0.600,-1.000,-1.000,5.230,Run,NaN,NaN,-0.398,1.000
65.426,0.010,0.600,1.000,1.000,5.240,Run,NaN,NaN,1.598,1.000
65.436,0.010,0.600,-1.000,-1.000,5.230,Run,NaN,NaN,-0.398,1.000
65.446,0.010,0.600,1.000,1.000,5.240,Run,NaN,NaN,1.598,1.000
65.456,0.010,0.600,-1.000,-1.000,5.230,Run,NaN,NaN,-0.398,1.000
65.466,0.010,0.600,1.000,1.000,5.240,Run,NaN,NaN,1.598,1.000
65.476,0.010,0.600,-1.000,-1.000,5.230,Run,NaN,NaN,-0.398,1.000
65.486,0.010,0.600,1.000,1.000,5.240,Run,NaN,NaN,1.598,1.000
65.496,0.010,0.600,-1.000,-1.000,5.230,Run,NaN,NaN,-0.398,1.000
65.506,0.010,0.600,1.000,1.000,5.240,Run,NaN,NaN,1.598,1.000
65.516,0.010,0.600,-1.000,-1.000,5.230,Run,NaN,NaN,-0.398,1.000
65.526,0.010,0.600,1.000,1.000,5.240,Run,NaN,NaN,1.598,1.000
65.536,0.010,0.600,-1.000,-1.000,5.230,Run,NaN,NaN,-0.398,1.000
65.546,0.010,0.600,1.000,1.000,5.240,Run,NaN,NaN,1.598,1.000
65.556,0.010,0.600,-1.000,-1.000,5.230,Run,NaN,NaN,-0.398,1.000
65.566,0.010,0.600,1.000,1.000,5.240,Run,NaN,NaN,1.598,1.000
65.576,0.010,0.600,-1.000,-1.000,5.230,Run,NaN,NaN,-0.398,1.000
65.586,0.010,0.600,1.000,1.000,5.240,Run,NaN,NaN,1.598,1.000
65.596,0.010,0.600,-1.000,-1.000,5.230,Run,NaN,NaN,-0.398,1.000
65.606,0.010,0.600,1.000,1.000,5.240,Run,NaN,NaN,1.598,1.000
65.616,0.010,0.600,-1.000,-1.000,5.230,Run,NaN,NaN,-0.398,1.000
65.626,0.010,0.600,1.000,1.000,5.240,Run,NaN,NaN,1.598,1.000
65.636,0.010,0.600,-1.000,-1.000,5.230,Run,NaN,NaN,-0.398,1.000
65.646,0.010,0.600,1.000,1.000,5.240,Run,NaN,NaN,1.598,1.000
65.656,0.010,0.600,-1.000,-1.000,5.230,Run,NaN,NaN,-0.398,1.000
65.666,0.010,0.600,1.000,1.000,5.240,Run,NaN,NaN,1.598,1.000
65.676,0.010,0.600,-1.000,-1.000,5.230,Run,NaN,NaN,-0.398,1.000
65.686,0.010,0.600,1.000,1.000,5.240,Run,NaN,NaN,1.598,1.000
65.696,0.010,0.600,-1.000,-1.000,5.230,Run,NaN,NaN,-0.398,1.000
65.706,0.010,0.600,1.000,1.000,5.240,Run,NaN,NaN,1.598,1.000
65.716,0.010,0.600,-1.000,-1.000,5.230,Run,NaN,NaN,-0.398,1.000
65.726,0.010,0.600,1.000,1.000,5.240,Run,NaN,NaN,1.598,1.000
65.736,0.010,0.600,-1.000,-1.000,5.230,Run,NaN,NaN,-0.398,1.000
65.746,0.010,0.600,1.000,1.000,5.240,Run,NaN,NaN,1.598,1.000
65.756,0.010,0.600,-1.000,-1.000,5.230,Run,NaN,NaN,-0.398,1.000
65.766,0.010,0.600,1.000,1.000,5.240,Run,NaN,NaN,1.598,1.000
65.776,0.010,0.600,-1.000,-1.000,5.230,Run,NaN,NaN,-0.398,1.000
65.786,0.010,0.600,1.000,1.000,5.240,Run,NaN,NaN,1.598,1.000
65.796,0.010,0.600,-1.000,-1.000,5.230,Run,NaN,NaN,-0.398,1.000
65.806,0.010,0.600,1.000,1.000,5.240,Run,NaN,NaN,1.598,1.000
65.816,0.010,0.600,-1.000,-1.000,5.230,Run,NaN,NaN,-0.398,1.000
65.826,0.010,0.600,1.000,1.000,5.240,Run,NaN,NaN,1.598,1.000
65.836,0.010,0.600,-1.000,-1.000,5.230,Run,NaN,NaN,-0.398,1.000
65.846,0.010,0.600,1.000,1.000,5.240,Run,NaN,NaN,1.598,1.000
65.856,0.010,0.600,-1.000,-1.000,5.230,Run,NaN,NaN,-0.398,1.000
65.866,0.010,0.600,1.000,1.000,5.240,Run,NaN,NaN,1.598,1.000
65.876,0.010,0.600,-1.000,-1.000,5.230,Run,NaN,NaN,-0.398,1.000
65.886,0.010,0.600,1.000,1.000,5.240,Run,NaN,NaN,1.598,1.000
65.896,0.010,0.600,-1.000,-1.000,5.230,Run,NaN,NaN,-0.398,1.000
65.906,0.010,0.600,1.000,1.000,5.240,Run,NaN,NaN,1.598,1.000
65.916,0.010,0.600,-1.000,-1.000,5.230,Run,NaN,NaN,-0.398,1.000
65.926,0.010,0.600,1.000,1.000,5.240,Run,NaN,NaN,1.598,1.000
65.936,0.010,0.600,-1.000,-1.000,5.230,Run,NaN,NaN,-0.398,1.000
65.946,0.010,0.600,1.000,1.000,5.240,Run,NaN,NaN,1.598,1.000
65.956,0.010,0.600,-1.000,-1.000,5.230,Run,NaN,NaN,-0.398,1.000
65.966,0.010,0.600,1.000,1.000,5.240,Run,NaN,NaN,1.598,1.000
65.976,0.010,0.600,-1.000,-1.000,5.230,Run,NaN,NaN,-0.398,1.000
65.986,0.010,0.600,1.000,1.000,5.240,Run,NaN,NaN,1.598,1.000
65.996,0.010,0.600,-1.000,-1.000,5.230,Run,NaN,NaN,-0.398,1.000
66.006,0.010,0.600,1.000,1.000,5.240,Run,NaN,NaN,1.598,1.000
66.016,0.010,0.600,-1.000,-1.000,5.230,Run,NaN,NaN,-0.398,1.000
66.026,0.010,0.600,1.000,1.000,5.240,Run,NaN,NaN,1.598,1.000
66.036,0.010,0.600,-1.000,-1.000,5.230,Run,NaN,NaN,-0.398,1.000
66.046,0.010,0.600,1.000,1.000,5.240,Run,NaN,NaN,1.598,1.000
66.056,0.010,0.600,-1.000,-1.000,5.230,Run,NaN,NaN,-0.398,1.000
66.066,0.010,0.600,1.000,1.000,5.240,Run,NaN,NaN,1.598,1.000
66.076,0.010,0.600,-1.000,-1.000,5.230,Run,NaN,NaN,-0.398,1.000
66.086,0.010,0.600,1.000,1.000,5.240,Run,NaN,NaN,1.598,1.000
66.096,0.010,0.600,-1.000,-1.000,5.230,Run,NaN,NaN,-0.398,1.000
66.106,0.010,0.600,1.000,1.000,5.240,Run,NaN,NaN,1.598,1.000
66.116,0.010,0.600,-1.000,-1.000,5.230,Run,NaN,NaN,-0.398,1.000
66.126,0.010,0.600,1.000,1.000,5.240,Run,NaN,NaN,1.598,1.000
66.136,0.010,0.600,-1.000,-1.000,5.230,Run,NaN,NaN,-0.398,1.000
66.146,0.010,0.600,1.000,1.000,5.240,Run,NaN,NaN,1.598,1.000
66.156,0.010,0.600,-1.000,-1.000,5.230,Run,NaN,NaN,-0.398,1.000
66.166,0.010,0.600,1.000,1.000,5.240,Run,NaN,NaN,1.598,1.000
66.176,0.010,0.600,-1.000,-1.000,5.230,Run,NaN,NaN,-0.398,1.000
66.186,0.010,0.600,1.000,1.000,5.240,Run,NaN,NaN,1.598,1.000
66.196,0.010,0.600,-1.000,-1.000,5.230,Run,NaN,NaN,-0.398,1.000
66.206,0.010,0.600,1.000,1.000,5.240,Run,NaN,NaN,1.598,1.000
66.216,0.010,0.600,-1.000,-1.000,5.230,Run,NaN,NaN,-0.398,1.000
66.226,0.010,0.600,1.000,1.000,5.240,Run,NaN,NaN,1.598,1.000
66.236,0.010,0.600,-1.000,-1.000,5.230,Run,NaN,NaN,-0.398,1.000
66.246,0.010,0.600,1.000,1.000,5.240,Run,NaN,NaN,1.598,1.000
66.256,0.010,0.600,-1.000,-1.000,5.230,Run,NaN,NaN,-0.398,1.000
66.266,0.010,0.600,1.000,1.000,5.240,Run,NaN,NaN,1.598,1.000
66.276,0.010,0.600,-1.000,-1.000,5.230,Run,NaN,NaN,-0.398,1.000
66.286,0.010,0.600,1.000,1.000,5.240,Run,NaN,NaN,1.598,1.000
66.296,0.010,0.600,-1.000,-1.000,5.230,Run,NaN,NaN,-0.398,1.000
66.306,0.010,0.600,1.000,1.000,5.240,Run,NaN,NaN,1.598,1.000
66.316,0.010,0.600,-1.000,-1.000,5.230,Run,NaN,NaN,-0.398,1.000
66.326,0.010,0.600,1.000,1.000,5.240,Run,NaN,NaN,1.598,1.000
66.336,0.010,0.600,-1.000,-1.000,5.230,Run,NaN,NaN,-0.398,1.000
66.346,0.010,0.600,1.000,1.000,5.240,Run,NaN,NaN,1.598,1.000
66.356,0.010,0.600,-1.000,-1.000,5.230,Run,NaN,NaN,-0.398,1.000
66.366,0.010,0.600,1.000,1.000,5.240,Run,NaN,NaN,1.598,1.000
66.376,0.010,0.600,-1.000,-1.000,5.230,Run,NaN,NaN,-0.398,1.000
66.386,0.010,0.600,1.000,1.000,5.240,Run,NaN,NaN,1.598,1.000
66.396,0.010,0.600,-1.000,-1.000,5.230,Run,NaN,NaN,-0.398,1.000
66.406,0.010,0.600,1.000,1.000,5.240,Run,NaN,NaN,1.598,1.000
66.416,0.010,0.600,-1.000,-1.000,5.230,Run,NaN,NaN,-0.398,1.000
66.426,0.010,0.600,1.000,1.000,5.240,Run,NaN,NaN,1.598,1.000
66.436,0.010,0.600,-1.000,-1.000,5.230,Run,NaN,NaN,-0.398,1.000
66.446,0.010,0.600,1.000,1.000,5.240,Run,NaN,NaN,1.598,1.000
66.456,0.010,0.600,-1.000,-1.000,5.230,Run,NaN,NaN,-0.398,1.000
66.466,0.010,0.600,1.000,1.000,5.240,Run,NaN,NaN,1.598,1.000
66.476,0.010,0.600,-1.000,-1.000,5.230,Run,NaN,NaN,-0.398,1.000
66.486,0.010,0.600,1.000,1.000,5.240,Run,NaN,NaN,1.598,1.000
66.496,0.010,0.600,-1.000,-1.000,5.230,Run,NaN,NaN,-0.398,1.000
66.506,0.010,0.600,1.000,1.000,5.240,Run,NaN,NaN,1.598,1.000
66.516,0.010,0.600,-1.000,-1.000,5.230,Run,NaN,NaN,-0.398,1.000
66.526,0.010,0.600,1.000,1.000,5.240,Run,NaN,NaN,1.598,1.000
66.536,0.010,0.600,-1.000,-1.000,5.230,Run,NaN,NaN,-0.398,1.000
66.546,0.010,0.600,1.000,1.000,5.240,Run,NaN,NaN,1.598,1.000
66.556,0.010,0.600,-1.000,-1.000,5.230,Run,NaN,NaN,-0.398,1.000
66.566,0.010,0.600,1.000,1.000,5.240,Run,NaN,NaN,1.598,1.000
66.576,0.010,0.600,-1.000,-1.000,5.230,Run,NaN,NaN,-0.398,1.000
66.586,0.010,0.600,1.000,1.000,5.240,Run,NaN,NaN,1.598,1.000
66.596,0.010,0.600,-1.000,-1.000,5.230,Run,NaN,NaN,-0.398,1.000
66.606,0.010,0.600,1.000,1.000,5.240,Run,NaN,NaN,1.598,1.000
66.616,0.010,0.600,-1.000,-1.000,5.230,Run,NaN,NaN,-0.398,1.000
66.626,0.010,0.600,1.000,1.000,5.240,Run,NaN,NaN,1.598,1.000
66.636,0.010,0.600,-1.000,-1.000,5.230,Run,NaN,NaN,-0.398,1.000
66.646,0.010,0.600,1.000,1.000,5.240,Run,NaN,NaN,1.598,1.000
66.656,0.010,0.600,-1.000,-1.000,5.230,Run,NaN,NaN,-0.398,1.000
66.666,0.010,0.600,1.000,1.000,5.240,Run,NaN,NaN,1.598,1.000
66.676,0.010,0.600,-1.000,-1.000,5.230,Run,NaN,NaN,-0.398,1.000
66.686,0.010,0.600,1.000,1.000,5.240,Run,NaN,NaN,1.598,1.000
66.696,0.010,0.600,-1.000,-1.000,5.230,Run,NaN,NaN,-0.398,1.000
66.706,0.010,0.600,1.000,1.000,5.240,Run,NaN,NaN,1.598,1.000
66.716,0.010,0.600,-1.000,-1.000,5.230,Run,NaN,NaN,-0.398,1.000
66.726,0.010,0.600,1.000,1.000,5.240,Run,NaN,NaN,1.598,1.000
66.736,0.010,0.600,-1.000,-1.000,5.230,Run,NaN,NaN,-0.398,1.000
66.746,0.010,0.600,1.000,1.000,5.240,Run,NaN,NaN,1.598,1.000
66.756,0.010,0.600,-1.000,-1.000,5.230,Run,NaN,NaN,-0.398,1.000
66.766,0.010,0.600,1.000,1.000,5.240,Run,NaN,NaN,1.598,1.000
66.776,0.010,0.600,-1.000,-1.000,5.230,Run,NaN,NaN,-0.398,1.000
66.786,0.010,0.600,1.000,1.000,5.240,Run,NaN,NaN,1.598,1.000
66.796,0.010,0.600,-1.000,-1.000,5.230,Run,NaN,NaN,-0.398,1.000
66.806,0.010,0.600,1.000,1.000,5.240,Run,NaN,NaN,1.598,1.000
66.816,0.010,0.600,-1.000,-1.000,5.230,Run,NaN,NaN,-0.398,1.000
66.826,0.010,0.600,1.000,1.000,5.240,Run,NaN,NaN,1.598,1.000
66.836,0.010,0.600,-1.000,-1.000,5.230,Run,NaN,NaN,-0.398,1.000
66.846,0.010,0.600,1.000,1.000,5.240,Run,NaN,NaN,1.598,1.000
66.856,0.010,0.600,-1.000,-1.000,5.230,Run,NaN,NaN,-0.398,1.000
66.866,0.010,0.600,1.000,1.000,5.240,Run,NaN,NaN,1.598,1.000
66.876,0.010,0.600,-1.000,-1.000,5.230,Run,NaN,NaN,-0.398,1.000
66.886,0.010,0.600,1.000,1.000,5.240,Run,NaN,NaN,1.598,1.000
66.896,0.010,0.600,-1.000,-1.000,5.230,Run,NaN,NaN,-0.398,1.000
66.906,0.010,0.600,1.000,1.000,5.240,Run,NaN,NaN,1.598,1.000
66.916,0.010,0.600,-1.000,-1.000,5.230,Run,NaN,NaN,-0.398,1.000
66.926,0.010,0.600,1.000,1.000,5.240,Run,NaN,NaN,1.598,1.000
66.936,0.010,0.600,-1.000,-1.000,5.230,Run,NaN,NaN,-0.398,1.000
66.946,0.010,0.600,1.000,1.000,5.240,Run,NaN,NaN,1.598,1.000
66.956,0.010,0.600,-1.000,-1.000,5.230,Run,NaN,NaN,-0.398,1.000
66.966,0.010,0.600,1.000,1.000,5.240,Run,NaN,NaN,1.598,1.000
66.976,0.010,0.600,-1.000,-1.000,5.230,Run,NaN,NaN,-0.398,1.000
66.986,0.010,0.600,1.000,1.000,5.240,Run,NaN,NaN,1.598,1.000
66.996,0.010,0.600,-1.000,-1.000,5.230,Run,NaN,NaN,-0.398,1.000
67.006,0.010,0.600,1.000,1.000,5.240,Run,NaN,NaN,1.598,1.000
67.016,0.010,0.600,-1.000,-1.000,5.230,Run,NaN,NaN,-0.398,1.000
67.026,0.010,0.600,1.000,1.000,5.240,Run,NaN,NaN,1.598,1.000
67.036,0.010,0.600,-1.000,-1.000,5.230,Run,NaN,NaN,-0.398,1.000
67.046,0.010,0.600,1.000,1.000,5.240,Run,NaN,NaN,1.598,1.000
67.056,0.010,0.600,-1.000,-1.000,5.230,Run,NaN,NaN,-0.398,1.000
67.066,0.010,0.600,1.000,1.000,5.240,Run,NaN,NaN,1.598,1.000
67.076,0.010,0.600,-1.000,-1.000,5.230,Run,NaN,NaN,-0.398,1.000
67.086,0.010,0.600,1.000,1.000,5.240,Run,NaN,NaN,1.598,1.000
67.096,0.010,0.600,-1.000,-1.000,5.230,Run,NaN,NaN,-0.398,1.000
67.106,0.010,0.600,1.000,1.000,5.240,Run,NaN,NaN,1.598,1.000
67.116,0.010,0.600,-1.000,-1.000,5.230,Run,NaN,NaN,-0.398,1.000
67.126,0.010,0.600,1.000,1.000,5.240,Run,NaN,NaN,1.598,1.000
67.136,0.010,0.600,-1.000,-1.000,5.230,Run,NaN,NaN,-0.398,1.000
67.146,0.010,0.600,1.000,1.000,5.240,Run,NaN,NaN,1.598,1.000
67.156,0.010,0.600,-1.000,-1.000,5.230,Run,NaN,NaN,-0.398,1.000
67.166,0.010,0.600,1.000,1.000,5.240,Run,NaN,NaN,1.598,1.000
67.176,0.010,0.600,-1.000,-1.000,5.230,Run,NaN,NaN,-0.398,1.000
67.186,0.010,0.600,1.000,1.000,5.240,Run,NaN,NaN,1.598,1.000
67.196,0.010,0.600,-1.000,-1.000,5.230,Run,NaN,NaN,-0.398,1.000
67.206,0.010,0.600,1.000,1.000,5.240,Run,NaN,NaN,1.598,1.000
67.216,0.010,0.600,-1.000,-1.000,5.230,Run,NaN,NaN,-0.398,1.000
67.226,0.010,0.600,1.000,1.000,5.240,Run,NaN,NaN,1.598,1.000
67.236,0.010,0.600,-1.000,-1.000,5.230,Run,NaN,NaN,-0.398,1.000
67.246,0.010,0.600,1.000,1.000,5.240,Run,NaN,NaN,1.598,1.000
67.256,0.010,0.600,-1.000,-1.000,5.230,Run,NaN,NaN,-0.398,1.000
67.266,0.010,0.600,1.000,1.000,5.240,Run,NaN,NaN,1.598,1.000
67.276,0.010,0.600,-1.000,-1.000,5.230,Run,NaN,NaN,-0.398,1.000
67.286,0.010,0.600,1.000,1.000,5.240,Run,NaN,NaN,1.598,1.000
67.296,0.010,0.600,-1.000,-1.000,5.230,Run,NaN,NaN,-0.398,1.000
67.306,0.010,0.600,1.000,1.000,5.240,Run,NaN,NaN,1.598,1.000
67.316,0.010,0.600,-1.000,-1.000,5.230,Run,NaN,NaN,-0.398,1.000
67.326,0.010,0.600,1.000,1.000,5.240,Run,NaN,NaN,1.598,1.000
67.336,0.010,0.600,-1.000,-1.000,5.230,Run,NaN,NaN,-0.398,1.000
67.346,0.010,0.600,1.000,1.000,5.240,Run,NaN,NaN,1.598,1.000
67.356,0.010,0.600,-1.000,-1.000,5.230,Run,NaN,NaN,-0.398,1.000
67.366,0.010,0.600,1.000,1.000,5.240,Run,NaN,NaN,1.598,1.000
67.376,0.010,0.600,-1.000,-1.000,5.230,Run,NaN,NaN,-0.398,1.000
67.386,0.010,0.600,1.000,1.000,5.240,Run,NaN,NaN,1.598,1.000
67.396,0.010,0.600,-1.000,-1.000,5.230,Run,NaN,NaN,-0.398,1.000
67.406,0.010,0.600,1.000,1.000,5.240,Run,NaN,NaN,1.598,1.000
67.416,0.010,0.600,-1.000,-1.000,5.230,Run,NaN,NaN,-0.398,1.000
67.426,0.010,0.600,1.000,1.000,5.240,Run,NaN,NaN,1.598,1.000
67.436,0.010,0.600,-1.000,-1.000,5.230,Run,NaN,NaN,-0.398,1.000
67.446,0.010,0.600,1.000,1.000,5.240,Run,NaN,NaN,1.598,1.000
67.456,0.010,0.600,-1.000,-1.000,5.230,Run,NaN,NaN,-0.398,1.000
67.466,0.010,0.600,1.000,1.000,5.240,Run,NaN,NaN,1.598,1.000
67.476,0.010,0.600,-1.000,-1.000,5.230,Run,NaN,NaN,-0.398,1.000
67.486,0.010,0.600,1.000,1.000,5.240,Run,NaN,NaN,1.598,1.000
67.496,0.010,0.600,-1.000,-1.000,5.230,Run,NaN,NaN,-0.398,1.000
67.506,0.010,0.600,1.000,1.000,5.240,Run,NaN,NaN,1.598,1.000
67.516,0.010,0.600,-1.000,-1.000,5.230,Run,NaN,NaN,-0.398,1.000
67.526,0.010,0.600,1.000,1.000,5.240,Run,NaN,NaN,1.598,1.000
67.536,0.010,0.600,-1.000,-1.000,5.230,Run,NaN,NaN,-0.398,1.000
67.546,0.010,0.600,1.000,1.000,5.240,Run,NaN,NaN,1.598,1.000
67.556,0.010,0.600,-1.000,-1.000,5.230,Run,NaN,NaN,-0.398,1.000
67.566,0.010,0.600,1.000,1.000,5.240,Run,NaN,NaN,1.598,1.000
67.576,0.010,0.600,-1.000,-1.000,5.230,Run,NaN,NaN,-0.398,1.000
67.586,0.010,0.600,1.000,1.000,5.240,Run,NaN,NaN,1.598,1.000
67.596,0.010,0.600,-1.000,-1.000,5.230,Run,NaN,NaN,-0.398,1.000
67.606,0.010,0.600,1.000,1.000,5.240,Run,NaN,NaN,1.598,1.000
67.616,0.010,0.600,-1.000,-1.000,5.230,Run,NaN,NaN,-0.398,1.000
67.626,0.010,0.600,1.000,1.000,5.240,Run,NaN,NaN,1.598,1.000
67.636,0.010,0.600,-1.000,-1.000,5.230,Run,NaN,NaN,-0.398,1.000
67.646,0.010,0.600,1.000,1.000,5.240,Run,NaN,NaN,1.598,1.000
67.656,0.010,0.600,-1.000,-1.000,5.230,Run,NaN,NaN,-0.398,1.000
67.666,0.010,0.600,1.000,1.000,5.240,Run,NaN,NaN,1.598,1.000
67.676,0.010,0.600,-1.000,-1.000,5.230,Run,NaN,NaN,-0.398,1.000
67.686,0.010,0.600,1.000,1.000,5.240,Run,NaN,NaN,1.598,1.000
67.696,0.010,0.600,-1.000,-1.000,5.230,Run,NaN,NaN,-0.398,1.000
67.706,0.010,0.600,1.000,1.000,5.240,Run,NaN,NaN,1.598,1.000
67.716,0.010,0.600,-1.000,-1.000,5.230,Run,NaN,NaN,-0.398,1.000
67.726,0.010,0.600,1.000,1.000,5.240,Run,NaN,NaN,1.598,1.000
67.736,0.010,0.600,-1.000,-1.000,5.230,Run,NaN,NaN,-0.398,1.000
67.746,0.010,0.600,1.000,1.000,5.240,Run,NaN,NaN,1.598,1.000
67.756,0.010,0.600,-1.000,-1.000,5.230,Run,NaN,NaN,-0.398,1.000
67.766,0.010,0.600,1.000,1.000,5.240,Run,NaN,NaN,1.598,1.000
67.776,0.010,0.600,-1.000,-1.000,5.230,Run,NaN,NaN,-0.398,1.000
67.786,0.010,0.600,1.000,1.000,5.240,Run,NaN,NaN,1.598,1.000
67.796,0.010,0.600,-1.000,-1.000,5.230,Run,NaN,NaN,-0.398,1.000
67.806,0.010,0.600,1.000,1.000,5.240,Run,NaN,NaN,1.598,1.000
67.816,0.010,0.600,-1.000,-1.000,5.230,Run,NaN,NaN,-0.398,1.000
67.826,0.010,0.600,1.000,1.000,5.240,Run,NaN,NaN,1.598,1.000
67.836,0.010,0.600,-1.000,-1.000,5.230,Run,NaN,NaN,-0.398,1.000
67.846,0.010,0.600,1.000,1.000,5.240,Run,NaN,NaN,1.598,1.000
67.856,0.010,0.600,-1.000,-1.000,5.230,Run,NaN,NaN,-0.398,1.000
67.866,0.010,0.600,1.000,1.000,5.240,Run,NaN,NaN,1.598,1.000
67.876,0.010,0.600,-1.000,-1.000,5.230,Run,NaN,NaN,-0.398,1.000
67.886,0.010,0.600,1.000,1.000,5.240,Run,NaN,NaN,1.598,1.000
67.896,0.010,0.600,-1.000,-1.000,5.230,Run,NaN,NaN,-0.398,1.000
67.906,0.010,0.600,1.000,1.000,5.240,Run,NaN,NaN,1.598,1.000
67.916,0.010,0.600,-1.000,-1.000,5.230,Run,NaN,NaN,-0.398,1.000
67.926,0.010,0.600,1.000,1.000,5.240,Run,NaN,NaN,1.598,1.000
67.936,0.010,0.600,-1.000,-1.000,5.230,Run,NaN,NaN,-0.398,1.000
67.946,0.010,0.600,1.000,1.000,5.240,Run,NaN,NaN,1.598,1.000
67.956,0.010,0.600,-1.000,-1.000,5.230,Run,NaN,NaN,-0.398,1.000
67.966,0.010,0.600,1.000,1.000,5.240,Run,NaN,NaN,1.598,1.000
67.976,0.010,0.600,-1.000,-1.000,5.230,Run,NaN,NaN,-0.398,1.000
67.986,0.010,0.600,1.000,1.000,5.240,Run,NaN,NaN,1.598,1.000
67.996,0.010,0.600,-1.000,-1.000,5.230,Run,NaN,NaN,-0.398,1.000
68.006,0.010,0.600,1.000,1.000,5.240,Run,NaN,NaN,1.598,1.000
68.016,0.010,0.600,-1.000,-1.000,5.230,Run,NaN,NaN,-0.398,1.000
68.026,0.010,0.600,1.000,1.000,5.240,Run,NaN,NaN,1.598,1.000
68.036,0.010,0.600,-1.000,-1.000,5.230,Run,NaN,NaN,-0.398,1.000
68.046,0.010,0.600,1.000,1.000,5.240,Run,NaN,NaN,1.598,1.000
68.056,0.010,0.600,-1.000,-1.000,5.230,Run,NaN,NaN,-0.398,1.000
68.066,0.010,0.600,1.000,1.000,5.240,Run,NaN,NaN,1.598,1.000
68.076,0.010,0.600,-1.000,-1.000,5.230,Run,NaN,NaN,-0.398,1.000
68.086,0.010,0.600,1.000,1.000,5.240,Run,NaN,NaN,1.598,1.000
68.096,0.010,0.600,-1.000,-1.000,5.230,Run,NaN,NaN,-0.398,1.000
68.106,0.010,0.600,1.000,1.000,5.240,Run,NaN,NaN,1.598,1.000
68.116,0.010,0.600,-1.000,-1.000,5.230,Run,NaN,NaN,-0.398,1.000
68.126,0.010,0.600,1.000,1.000,5.240,Run,NaN,NaN,1.598,1.000
68.136,0.010,0.600,-1.000,-1.000,5.230,Run,NaN,NaN,-0.398,1.000
68.146,0.010,0.600,1.000,1.000,5.240,Run,NaN,NaN,1.598,1.000
68.156,0.010,0.600,-1.000,-1.000,5.230,Run,NaN,NaN,-0.398,1.000
68.166,0.010,0.600,1.000,1.000,5.240,Run,NaN,NaN,1.598,1.000
68.176,0.010,0.600,-1.000,-1.000,5.230,Run,NaN,NaN,-0.398,1.000
68.186,0.010,0.600,1.000,1.000,5.240,Run,NaN,NaN,1.598,1.000
68.196,0.010,0.600,-1.000,-1.000,5.230,Run,NaN,NaN,-0.398,1.000
68.206,0.010,0.600,1.000,1.000,5.240,Run,NaN,NaN,1.598,1.000
68.216,0.010,0.600,-1.000,-1.000,5.230,Run,NaN,NaN,-0.398,1.000
68.226,0.010,0.600,1.000,1.000,5.240,Run,NaN,NaN,1.598,1.000
68.236,0.010,0.600,-1.000,-1.000,5.230,Run,NaN,NaN,-0.398,1.000
68.246,0.010,0.600,1.000,1.000,5.240,Run,NaN,NaN,1.598,1.000
68.256,0.010,0.600,-1.000,-1.000,5.230,Run,NaN,NaN,-0.398,1.000
68.266,0.010,0.600,1.000,1.000,5.240,Run,NaN,NaN,1.598,1.000
68.276,0.010,0.600,-1.000,-1.000,5.230,Run,NaN,NaN,-0.398,1.000
68.286,0.010,0.600,1.000,1.000,5.240,Run,NaN,NaN,1.598,1.000
68.296,0.010,0.600,-1.000,-1.000,5.230,Run,NaN,NaN,-0.398,1.000
68.306,0.010,0.600,1.000,1.000,5.240,Run,NaN,NaN,1.598,1.000
68.316,0.010,0.600,-1.000,-1.000,5.230,Run,NaN,NaN,-0.398,1.000
68.326,0.010,0.600,1.000,1.000,5.240,Run,NaN,NaN,1.598,1.000
68.336,0.010,0.600,-1.000,-1.000,5.230,Run,NaN,NaN,-0.398,1.000
68.346,0.010,0.600,1.000,1.000,5.240,Run,NaN,NaN,1.598,1.000
68.356,0.010,0.600,-1.000,-1.000,5.230,Run,NaN,NaN,-0.398,1.000
68.366,0.010,0.600,1.000,1.000,5.240,Run,NaN,NaN,1.598,1.000
68.376,0.010,0.600,-1.000,-1.000,5.230,Run,NaN,NaN,-0.398,1.000
68.386,0.010,0.600,1.000,1.000,5.240,Run,NaN,NaN,1.598,1.000
68.396,0.010,0.600,-1.000,-1.000,5.230,Run,NaN,NaN,-0.398,1.000
68.406,0.010,0.600,1.000,1.000,5.240,Run,NaN,NaN,1.598,1.000
68.416,0.010,0.600,-1.000,-1.000,5.230,Run,NaN,NaN,-0.398,1.000
68.426,0.010,0.600,1.000,1.000,5.240,Run,NaN,NaN,1.598,1.000
68.436,0.010,0.600,-1.000,-1.000,5.230,Run,NaN,NaN,-0.398,1.000
68.446,0.010,0.600,1.000,1.000,5.240,Run,NaN,NaN,1.598,1.000
68.456,0.010,0.600,-1.000,-1.000,5.230,Run,NaN,NaN,-0.398,1.000
68.466,0.010,0.600,1.000,1.000,5.240,Run,NaN,NaN,1.598,1.000
68.476,0.010,0.600,-1.000,-1.000,5.230,Run,NaN,NaN,-0.398,1.000
68.486,0.010,0.600,1.000,1.000,5.240,Run,NaN,NaN,1.598,1.000
68.496,0.010,0.600,-1.000,-1.000,5.230,Run,NaN,NaN,-0.398,1.000
68.506,0.010,0.600,1.000,1.000,5.240,Run,NaN,NaN,1.598,1.000
68.516,0.010,0.600,-1.000,-1.000,5.230,Run,NaN,NaN,-0.398,1.000
68.526,0.010,0.600,1.000,1.000,5.240,Run,NaN,NaN,1.598,1.000
68.536,0.010,0.600,-1.000,-1.000,5.230,Run,NaN,NaN,-0.398,1.000
68.546,0.010,0.600,1.000,1.000,5.240,Run,NaN,NaN,1.598,1.000
68.556,0.010,0.600,-1.000,-1.000,5.230,Run,NaN,NaN,-0.398,1.000
68.566,0.010,0.600,1.000,1.000,5.240,Run,NaN,NaN,1.598,1.000
68.576,0.010,0.600,-1.000,-1.000,5.230,Run,NaN,NaN,-0.398,1.000
68.586,0.010,0.600,1.000,1.000,5.240,Run,NaN,NaN,1.598,1.000
68.596,0.010,0.600,-1.000,-1.000,5.230,Run,NaN,NaN,-0.398,1.000
68.606,0.010,0.600,1.000,1.000,5.240,Run,NaN,NaN,1.598,1.000
68.616,0.010,0.600,-1.000,-1.000,5.230,Run,NaN,NaN,-0.398,1.000
68.626,0.010,0.600,1.000,1.000,5.240,Run,NaN,NaN,1.598,1.000
68.636,0.010,0.600,-1.000,-1.000,5.230,Run,NaN,NaN,-0.398,1.000
68.646,0.010,0.600,1.000,1.000,5.240,Run,NaN,NaN,1.598,1.000
68.656,0.010,0.600,-1.000,-1.000,5.230,Run,NaN,NaN,-0.398,1.000
68.666,0.010,0.600,1.000,1.000,5.240,Run,NaN,NaN,1.598,1.000
68.676,0.010,0.600,-1.000,-1.000,5.230,Run,NaN,NaN,-0.398,1.000
68.686,0.010,0.600,1.000,1.000,5.240,Run,NaN,NaN,1.598,1.000
68.696,0.010,0.600,-1.000,-1.000,5.230,Run,NaN,NaN,-0.398,1.000
68.706,0.010,0.600,1.000,1.000,5.240,Run,NaN,NaN,1.598,1.000
68.716,0.010,0.600,-1.000,-1.000,5.230,Run,NaN,NaN,-0.398,1.000
68.726,0.010,0.600,1.000,1.000,5.240,Run,NaN,NaN,1.598,1.000
68.736,0.010,0.600,-1.000,-1.000,5.230,Run,NaN,NaN,-0.398,1.000
68.746,0.010,0.600,1.000,1.000,5.240,Run,NaN,NaN,1.598,1.000
68.756,0.010,0.600,-1.000,-1.000,5.230,Run,NaN,NaN,-0.398,1.000
68.766,0.010,0.600,1.000,1.000,5.240,Run,NaN,NaN,1.598,1.000
68.776,0.010,0.600,-1.000,-1.000,5.230,Run,NaN,NaN,-0.398,1.000
68.786,0.010,0.600,1.000,1.000,5.240,Run,NaN,NaN,1.598,1.000
68.796,0.010,0.600,-1.000,-1.000,5.230,Run,NaN,NaN,-0.398,1.000
68.806,0.010,0.600,1.000,1.000,5.240,Run,NaN,NaN,1.598,1.000
68.816,0.010,0.600,-1.000,-1.000,5.230,Run,NaN,NaN,-0.398,1.000
68.826,0.010,0.600,1.000,1.000,5.240,Run,NaN,NaN,1.598,1.000
68.836,0.010,0.600,-1.000,-1.000,5.230,Run,NaN,NaN,-0.398,1.000
68.846,0.010,0.600,1.000,1.000,5.240,Run,NaN,NaN,1.598,1.000
68.856,0.010,0.600,-1.000,-1.000,5.230,Run,NaN,NaN,-0.398,1.000
68.866,0.010,0.600,1.000,1.000,5.240,Run,NaN,NaN,1.598,1.000
68.876,0.010,0.600,-1.000,-1.000,5.230,Run,NaN,NaN,-0.398,1.000
68.886,0.010,0.600,1.000,1.000,5.240,Run,NaN,NaN,1.598,1.000
68.896,0.010,0.600,-1.000,-1.000,5.230,Run,NaN,NaN,-0.398,1.000
68.906,0.010,0.600,1.000,1.000,5.240,Run,NaN,NaN,1.598,1.000
68.916,0.010,0.600,-1.000,-1.000,5.230,Run,NaN,NaN,-0.398,1.000
68.926,0.010,0.600,1.000,1.000,5.240,Run,NaN,NaN,1.598,1.000
68.936,0.010,0.600,-1.000,-1.000,5.230,Run,NaN,NaN,-0.398,1.000
68.946,0.010,0.600,1.000,1.000,5.240,Run,NaN,NaN,1.598,1.000
68.956,0.010,0.600,-1.000,-1.000,5.230,Run,NaN,NaN,-0.398,1.000
68.966,0.010,0.600,1.000,1.000,5.240,Run,NaN,NaN,1.598,1.000
68.976,0.010,0.600,-1.000,-1.000,5.230,Run,NaN,NaN,-0.398,1.000
68.986,0.010,0.600,1.000,1.000,5.240,Run,NaN,NaN,1.598,1.000
68.996,0.010,0.600,-1.000,-1.000,5.230,Run,NaN,NaN,-0.398,1.000
69.006,0.010,0.600,1.000,1.000,5.240,Run,NaN,NaN,1.598,1.000
69.016,0.010,0.600,-1.000,-1.000,5.230,Run,NaN,NaN,-0.398,1.000
69.026,0.010,0.600,1.000,1.000,5.240,Run,NaN,NaN,1.598,1.000
69.036,0.010,0.600,-1.000,-1.000,5.230,Run,NaN,NaN,-0.398,1.000
69.046,0.010,0.600,1.000,1.000,5.240,Run,NaN,NaN,1.598,1.000
69.056,0.010,0.600,-1.000,-1.000,5.230,Run,NaN,NaN,-0.398,1.000
69.066,0.010,0.600,1.000,1.000,5.240,Run,NaN,NaN,1.598,1.000
69.076,0.010,0.600,-1.000,-1.000,5.230,Run,NaN,NaN,-0.398,1.000
69.086,0.010,0.600,1.000,1.000,5.240,Run,NaN,NaN,1.598,1.000
69.096,0.010,0.600,-1.000,-1.000,5.230,Run,NaN,NaN,-0.398,1.000
69.106,0.010,0.600,1.000,1.000,5.240,Run,NaN,NaN,1.598,1.000
69.116,0.010,0.600,-1.000,-1.000,5.230,Run,NaN,NaN,-0.398,1.000
69.126,0.010,0.600,1.000,1.000,5.240,Run,NaN,NaN,1.598,1.000
69.136,0.010,0.600,-1.000,-1.000,5.230,Run,NaN,NaN,-0.398,1.000
69.146,0.010,0.600,1.000,1.000,5.240,Run,NaN,NaN,1.598,1.000
69.156,0.010,0.600,-1.000,-1.000,5.230,Run,NaN,NaN,-0.398,1.000
69.166,0.010,0.600,1.000,1.000,5.240,Run,NaN,NaN,1.598,1.000
69.176,0.010,0.600,-1.000,-1.000,5.230,Run,NaN,NaN,-0.398,1.000
69.186,0.010,0.600,1.000,1.000,5.240,Run,NaN,NaN,1.598,1.000
69.196,0.010,0.600,-1.000,-1.000,5.230,Run,NaN,NaN,-0.398,1.000
69.206,0.010,0.600,1.000,1.000,5.240,Run,NaN,NaN,1.598,1.000
69.216,0.010,0.600,-1.000,-1.000,5.230,Run,NaN,NaN,-0.398,1.000
69.226,0.010,0.600,1.000,1.000,5.240,Run,NaN,NaN,1.598,1.000
69.236,0.010,0.600,-1.000,-1.000,5.230,Run,NaN,NaN,-0.398,1.000
69.246,0.010,0.600,1.000,1.000,5.240,Run,NaN,NaN,1.598,1.000
69.256,0.010,0.600,-1.000,-1.000,5.230,Run,NaN,NaN,-0.398,1.000
69.266,0.010,0.600,1.000,1.000,5.240,Run,NaN,NaN,1.598,1.000
69.276,0.010,0.600,-1.000,-1.000,5.230,Run,NaN,NaN,-0.398,1.000
69.286,0.010,0.600,1.000,1.000,5.240,Run,NaN,NaN,1.598,1.000
69.296,0.010,0.600,-1.000,-1.000,5.230,Run,NaN,NaN,-0.398,1.000
69.306,0.010,0.600,1.000,1.000,5.240,Run,NaN,NaN,1.598,1.000
69.316,0.010,0.600,-1.000,-1.000,5.230,Run,NaN,NaN,-0.398,1.000
69.326,0.010,0.600,1.000,1.000,5.240,Run,NaN,NaN,1.598,1.000
69.336,0.010,0.600,-1.000,-1.000,5.230,Run,NaN,NaN,-0.398,1.000
69.346,0.010,0.600,1.000,1.000,5.240,Run,NaN,NaN,1.598,1.000
69.356,0.010,0.600,-1.000,-1.000,5.230,Run,NaN,NaN,-0.398,1.000
69.366,0.010,0.600,1.000,1.000,5.240,Run,NaN,NaN,1.598,1.000
69.376,0.010,0.600,-1.000,-1.000,5.230,Run,NaN,NaN,-0.398,1.000
69.386,0.010,0.600,1.000,1.000,5.240,Run,NaN,NaN,1.598,1.000
69.396,0.010,0.600,-1.000,-1.000,5.230,Run,NaN,NaN,-0.398,1.000
69.406,0.010,0.600,1.000,1.000,5.240,Run,NaN,NaN,1.598,1.000
69.416,0.010,0.600,-1.000,-1.000,5.230,Run,NaN,NaN,-0.398,1.000
69.426,0.010,0.600,1.000,1.000,5.240,Run,NaN,NaN,1.598,1.000
69.436,0.010,0.600,-1.000,-1.000,5.230,Run,NaN,NaN,-0.398,1.000
69.446,0.010,0.600,1.000,1.000,5.240,Run,NaN,NaN,1.598,1.000
69.456,0.010,0.600,-1.000,-1.000,5.230,Run,NaN,NaN,-0.398,1.000
69.466,0.010,0.600,1.000,1.000,5.240,Run,NaN,NaN,1.598,1.000
69.476,0.010,0.600,-1.000,-1.000,5.230,Run,NaN,NaN,-0.398,1.000
69.486,0.010,0.600,1.000,1.000,5.240,Run,NaN,NaN,1.598,1.000
69.496,0.010,0.600,-1.000,-1.000,5.230,Run,NaN,NaN,-0.398,1.000
69.506,0.010,0.600,1.000,1.000,5.240,Run,NaN,NaN,1.598,1.000
69.516,0.010,0.600,-1.000,-1.000,5.230,Run,NaN,NaN,-0.398,1.000
69.526,0.010,0.600,1.000,1.000,5.240,Run,NaN,NaN,1.598,1.000
69.536,0.010,0.600,-1.000,-1.000,5.230,Run,NaN,NaN,-0.398,1.000
69.546,0.010,0.600,1.000,1.000,5.240,Run,NaN,NaN,1.598,1.000
69.556,0.010,0.600,-1.000,-1.000,5.230,Run,NaN,NaN,-0.398,1.000
69.566,0.010,0.600,1.000,1.000,5.240,Run,NaN,NaN,1.598,1.000
69.576,0.010,0.600,-1.000,-1.000,5.230,Run,NaN,NaN,-0.398,1.000
69.586,0.010,0.600,1.000,1.000,5.240,Run,NaN,NaN,1.598,1.000
69.596,0.010,0.600,-1.000,-1.000,5.230,Run,NaN,NaN,-0.398,1.000
69.606,0.010,0.600,1.000,1.000,5.240,Run,NaN,NaN,1.598,1.000
69.616,0.010,0.600,-1.000,-1.000,5.230,Run,NaN,NaN,-0.398,1.000
69.626,0.010,0.600,1.000,1.000,5.240,Run,NaN,NaN,1.598,1.000
69.636,0.010,0.600,-1.000,-1.000,5.230,Run,NaN,NaN,-0.398,1.000
69.646,0.010,0.600,1.000,1.000,5.240,Run,NaN,NaN,1.598,1.000
69.656,0.010,0.600,-1.000,-1.000,5.230,Run,NaN,NaN,-0.398,1.000
69.666,0.010,0.600,1.000,1.000,5.240,Run,NaN,NaN,1.598,1.000
69.676,0.010,0.600,-1.000,-1.000,5.230,Run,NaN,NaN,-0.398,1.000
69.686,0.010,0.600,1.000,1.000,5.240,Run,NaN,NaN,1.598,1.000
69.696,0.010,0.600,-1.000,-1.000,5.230,Run,NaN,NaN,-0.398,1.000
69.706,0.010,0.600,1.000,1.000,5.240,Run,NaN,NaN,1.598,1.000
69.716,0.010,0.600,-1.000,-1.000,5.230,Run,NaN,NaN,-0.398,1.000
69.726,0.010,0.600,1.000,1.000,5.240,Run,NaN,NaN,1.598,1.000
69.736,0.010,0.600,-1.000,-1.000,5.230,Run,NaN,NaN,-0.398,1.000
69.746,0.010,0.600,1.000,1.000,5.240,Run,NaN,NaN,1.598,1.000
69.756,0.010,0.600,-1.000,-1.000,5.230,Run,NaN,NaN,-0.398,1.000
69.766,0.010,0.600,1.000,1.000,5.240,Run,NaN,NaN,1.598,1.000
69.776,0.010,0.600,-1.000,-1.000,5.230,Run,NaN,NaN,-0.398,1.000
69.786,0.010,0.600,1.000,1.000,5.240,Run,NaN,NaN,1.598,1.000
69.797,0.010,0.600,-1.000,-1.000,5.230,Run,NaN,NaN,-0.398,1.000
69.807,0.010,0.600,1.000,1.000,5.240,Run,NaN,NaN,1.598,1.000
69.817,0.010,0.600,-1.000,-1.000,5.230,Run,NaN,NaN,-0.398,1.000
69.827,0.010,0.600,1.000,1.000,5.240,Run,NaN,NaN,1.598,1.000
69.837,0.010,0.600,-1.000,-1.000,5.230,Run,NaN,NaN,-0.398,1.000
69.847,0.010,0.600,1.000,1.000,5.240,Run,NaN,NaN,1.598,1.000
69.857,0.010,0.600,-1.000,-1.000,5.230,Run,NaN,NaN,-0.398,1.000
69.867,0.010,0.600,1.000,1.000,5.240,Run,NaN,NaN,1.598,1.000
69.877,0.010,0.600,-1.000,-1.000,5.230,Run,NaN,NaN,-0.398,1.000
69.887,0.010,0.600,1.000,1.000,5.240,Run,NaN,NaN,1.598,1.000
69.897,0.010,0.600,-1.000,-1.000,5.230,Run,NaN,NaN,-0.398,1.000
69.907,0.010,0.600,1.000,1.000,5.240,Run,NaN,NaN,1.598,1.000
69.917,0.010,0.600,-1.000,-1.000,5.230,Run,NaN,NaN,-0.398,1.000
69.927,0.010,0.600,1.000,1.000,5.240,Run,NaN,NaN,1.598,1.000
69.937,0.010,0.600,-1.000,-1.000,5.230,Run,NaN,NaN,-0.398,1.000
69.947,0.010,0.600,1.000,1.000,5.240,Run,NaN,NaN,1.598,1.000
69.957,0.010,0.600,-1.000,-1.000,5.230,Run,NaN,NaN,-0.398,1.000
69.967,0.010,0.600,1.000,1.000,5.240,Run,NaN,NaN,1.598,1.000
69.977,0.010,0.600,-1.000,-1.000,5.230,Run,NaN,NaN,-0.398,1.000
69.987,0.010,0.600,1.000,1.000,5.240,Run,NaN,NaN,1.598,1.000
69.997,0.010,0.600,-1.000,-1.000,5.230,Run,NaN,NaN,-0.398,1.000
70.007,0.010,0.600,1.000,1.000,5.240,Run,NaN,NaN,1.598,1.000
70.017,0.010,0.600,-1.000,-1.000,5.230,Run,NaN,NaN,-0.398,1.000
70.027,0.010,0.600,1.000,1.000,5.240,Run,NaN,NaN,1.598,1.000
70.037,0.010,0.600,-1.000,-1.000,5.230,Run,NaN,NaN,-0.398,1.000
70.047,0.010,0.600,1.000,1.000,5.240,Run,NaN,NaN,1.598,1.000
70.057,0.010,0.600,-1.000,-1.000,5.230,Run,NaN,NaN,-0.398,1.000
70.067,0.010,0.600,1.000,1.000,5.240,Run,NaN,NaN,1.598,1.000
70.077,0.010,0.600,-1.000,-1.000,5.230,Run,NaN,NaN,-0.398,1.000
70.087,0.010,0.600,1.000,1.000,5.240,Run,NaN,NaN,1.598,1.000
70.097,0.010,0.600,-1.000,-1.000,5.230,Run,NaN,NaN,-0.398,1.000
70.107,0.010,0.600,1.000,1.000,5.240,Run,NaN,NaN,1.598,1.000
70.117,0.010,0.600,-1.000,-1.000,5.230,Run,NaN,NaN,-0.398,1.000
70.127,0.010,0.600,1.000,1.000,5.240,Run,NaN,NaN,1.598,1.000
70.137,0.010,0.600,-1.000,-1.000,5.230,Run,NaN,NaN,-0.398,1.000
70.147,0.010,0.600,1.000,1.000,5.240,Run,NaN,NaN,1.598,1.000
70.157,0.010,0.600,-1.000,-1.000,5.230,Run,NaN,NaN,-0.398,1.000
70.167,0.010,0.600,1.000,1.000,5.240,Run,NaN,NaN,1.598,1.000
70.177,0.010,0.600,-1.000,-1.000,5.230,Run,NaN,NaN,-0.398,1.000
70.187,0.010,0.600,1.000,1.000,5.240,Run,NaN,NaN,1.598,1.000
70.197,0.010,0.600,-1.000,-1.000,5.230,Run,NaN,NaN,-0.398,1.000
70.207,0.010,0.600,1.000,1.000,5.240,Run,NaN,NaN,1.598,1.000
70.217,0.010,0.600,-1.000,-1.000,5.230,Run,NaN,NaN,-0.398,1.000
70.227,0.010,0.600,1.000,1.000,5.240,Run,NaN,NaN,1.598,1.000
70.237,0.010,0.600,-1.000,-1.000,5.230,Run,NaN,NaN,-0.398,1.000
70.247,0.010,0.600,1.000,1.000,5.240,Run,NaN,NaN,1.598,1.000
70.257,0.010,0.600,-1.000,-1.000,5.230,Run,NaN,NaN,-0.398,1.000
70.267,0.010,0.600,1.000,1.000,5.240,Run,NaN,NaN,1.598,1.000
70.277,0.010,0.600,-1.000,-1.000,5.230,Run,NaN,NaN,-0.398,1.000
70.287,0.010,0.600,1.000,1.000,5.240,Run,NaN,NaN,1.598,1.000
70.297,0.010,0.600,-1.000,-1.000,5.230,Run,NaN,NaN,-0.398,1.000
70.307,0.010,0.600,1.000,1.000,5.240,Run,NaN,NaN,1.598,1.000
70.317,0.010,0.600,-1.000,-1.000,5.230,Run,NaN,NaN,-0.398,1.000
70.327,0.010,0.600,1.000,1.000,5.240,Run,NaN,NaN,1.598,1.000
70.337,0.010,0.600,-1.000,-1.000,5.230,Run,NaN,NaN,-0.398,1.000
70.347,0.010,0.600,1.000,1.000,5.240,Run,NaN,NaN,1.598,1.000
70.357,0.010,0.600,-1.000,-1.000,5.230,Run,NaN,NaN,-0.398,1.000
70.367,0.010,0.600,1.000,1.000,5.240,Run,NaN,NaN,1.598,1.000
70.377,0.010,0.600,-1.000,-1.000,5.230,Run,NaN,NaN,-0.398,1.000
70.387,0.010,0.600,1.000,1.000,5.240,Run,NaN,NaN,1.598,1.000
70.397,0.010,0.600,-1.000,-1.000,5.230,Run,NaN,NaN,-0.398,1.000
70.407,0.010,0.600,1.000,1.000,5.240,Run,NaN,NaN,1.598,1.000
70.417,0.010,0.600,-1.000,-1.000,5.230,Run,NaN,NaN,-0.398,1.000
70.427,0.010,0.600,1.000,1.000,5.240,Run,NaN,NaN,1.598,1.000
70.437,0.010,0.600,-1.000,-1.000,5.230,Run,NaN,NaN,-0.398,1.000
70.447,0.010,0.600,1.000,1.000,5.240,Run,NaN,NaN,1.598,1.000
70.457,0.010,0.600,-1.000,-1.000,5.230,Run,NaN,NaN,-0.398,1.000
70.467,0.010,0.600,1.000,1.000,5.240,Run,NaN,NaN,1.598,1.000
70.477,0.010,0.600,-1.000,-1.000,5.230,Run,NaN,NaN,-0.398,1.000
70.487,0.010,0.600,1.000,1.000,5.240,Run,NaN,NaN,1.598,1.000
70.497,0.010,0.600,-1.000,-1.000,5.230,Run,NaN,NaN,-0.398,1.000
70.507,0.010,0.600,1.000,1.000,5.240,Run,NaN,NaN,1.598,1.000
70.517,0.010,0.600,-1.000,-1.000,5.230,Run,NaN,NaN,-0.398,1.000
70.527,0.010,0.600,1.000,1.000,5.240,Run,NaN,NaN,1.598,1.000
70.537,0.010,0.600,-1.000,-1.000,5.230,Run,NaN,NaN,-0.398,1.000
70.547,0.010,0.600,1.000,1.000,5.240,Run,NaN,NaN,1.598,1.000
70.557,0.010,0.600,-1.000,-1.000,5.230,Run,NaN,NaN,-0.398,1.000
70.567,0.010,0.600,1.000,1.000,5.240,Run,NaN,NaN,1.598,1.000
70.577,0.010,0.600,-1.000,-1.000,5.230,Run,NaN,NaN,-0.398,1.000
70.587,0.010,0.600,1.000,1.000,5.240,Run,NaN,NaN,1.598,1.000
70.597,0.010,0.600,-1.000,-1.000,5.230,Run,NaN,NaN,-0.398,1.000
70.607,0.010,0.600,1.000,1.000,5.240,Run,NaN,NaN,1.598,1.000
70.617,0.010,0.600,-1.000,-1.000,5.230,Run,NaN,NaN,-0.398,1.000
70.627,0.010,0.600,1.000,1.000,5.240,Run,NaN,NaN,1.598,1.000
70.637,0.010,0.600,-1.000,-1.000,5.230,Run,NaN,NaN,-0.398,1.000
70.647,0.010,0.600,1.000,1.000,5.240,Run,NaN,NaN,1.598,1.000
70.657,0.010,0.600,-1.000,-1.000,5.230,Run,NaN,NaN,-0.398,1.000
70.667,0.010,0.600,1.000,1.000,5.240,Run,NaN,NaN,1.598,1.000
70.677,0.010,0.600,-1.000,-1.000,5.230,Run,NaN,NaN,-0.398,1.000
70.687,0.010,0.600,1.000,1.000,5.240,Run,NaN,NaN,1.598,1.000
70.697,0.010,0.600,-1.000,-1.000,5.230,Run,NaN,NaN,-0.398,1.000
70.707,0.010,0.600,1.000,1.000,5.240,Run,NaN,NaN,1.598,1.000
70.717,0.010,0.600,-1.000,-1.000,5.230,Run,NaN,NaN,-0.398,1.000
70.727,0.010,0.600,1.000,1.000,5.240,Run,NaN,NaN,1.598,1.000
70.737,0.010,0.600,-1.000,-1.000,5.230,Run,NaN,NaN,-0.398,1.000
70.747,0.010,0.600,1.000,1.000,5.240,Run,NaN,NaN,1.598,1.000
70.757,0.010,0.600,-1.000,-1.000,5.230,Run,NaN,NaN,-0.398,1.000
70.767,0.010,0.600,1.000,1.000,5.240,Run,NaN,NaN,1.598,1.000
70.777,0.010,0.600,-1.000,-1.000,5.230,Run,NaN,NaN,-0.398,1.000
70.787,0.010,0.600,1.000,1.000,5.240,Run,NaN,NaN,1.598,1.000
70.797,0.010,0.600,-1.000,-1.000,5.230,Run,NaN,NaN,-0.398,1.000
70.807,0.010,0.600,1.000,1.000,5.240,Run,NaN,NaN,1.598,1.000
70.817,0.010,0.600,-1.000,-1.000,5.230,Run,NaN,NaN,-0.398,1.000
70.827,0.010,0.600,1.000,1.000,5.240,Run,NaN,NaN,1.598,1.000
70.837,0.010,0.600,-1.000,-1.000,5.230,Run,NaN,NaN,-0.398,1.000
70.847,0.010,0.600,1.000,1.000,5.240,Run,NaN,NaN,1.598,1.000
70.857,0.010,0.600,-1.000,-1.000,5.230,Run,NaN,NaN,-0.398,1.000
70.867,0.010,0.600,1.000,1.000,5.240,Run,NaN,NaN,1.598,1.000
70.877,0.010,0.600,-1.000,-1.000,5.230,Run,NaN,NaN,-0.398,1.000
70.887,0.010,0.600,1.000,1.000,5.240,Run,NaN,NaN,1.598,1.000
70.897,0.010,0.600,-1.000,-1.000,5.230,Run,NaN,NaN,-0.398,1.000
70.907,0.010,0.600,1.000,1.000,5.240,Run,NaN,NaN,1.598,1.000
70.917,0.010,0.600,-1.000,-1.000,5.230,Run,NaN,NaN,-0.398,1.000
70.927,0.010,0.600,1.000,1.000,5.240,Run,NaN,NaN,1.598,1.000
70.937,0.010,0.600,-1.000,-1.000,5.230,Run,NaN,NaN,-0.398,1.000
70.947,0.010,0.600,1.000,1.000,5.240,Run,NaN,NaN,1.598,1.000
70.957,0.010,0.600,-1.000,-1.000,5.230,Run,NaN,NaN,-0.398,1.000
70.967,0.010,0.600,1.000,1.000,5.240,Run,NaN,NaN,1.598,1.000
70.977,0.010,0.600,-1.000,-1.000,5.230,Run,NaN,NaN,-0.398,1.000
70.987,0.010,0.600,1.000,1.000,5.240,Run,NaN,NaN,1.598,1.000
70.997,0.010,0.600,-1.000,-1.000,5.230,Run,NaN,NaN,-0.398,1.000
71.007,0.010,0.600,1.000,1.000,5.240,Run,NaN,NaN,1.598,1.000
71.017,0.010,0.600,-1.000,-1.000,5.230,Run,NaN,NaN,-0.398,1.000
71.027,0.010,0.600,1.000,1.000,5.240,Run,NaN,NaN,1.598,1.000
71.037,0.010,0.600,-1.000,-1.000,5.230,Run,NaN,NaN,-0.398,1.000
71.047,0.010,0.600,1.000,1.000,5.240,Run,NaN,NaN,1.598,1.000
71.057,0.010,0.600,-1.000,-1.000,5.230,Run,NaN,NaN,-0.398,1.000
71.067,0.010,0.600,1.000,1.000,5.240,Run,NaN,NaN,1.598,1.000
71.077,0.010,0.600,-1.000,-1.000,5.230,Run,NaN,NaN,-0.398,1.000
71.087,0.010,0.600,1.000,1.000,5.240,Run,NaN,NaN,1.598,1.000
71.097,0.010,0.600,-1.000,-1.000,5.230,Run,NaN,NaN,-0.398,1.000
71.107,0.010,0.600,1.000,1.000,5.240,Run,NaN,NaN,1.598,1.000
71.117,0.010,0.600,-1.000,-1.000,5.230,Run,NaN,NaN,-0.398,1.000
71.127,0.010,0.600,1.000,1.000,5.240,Run,NaN,NaN,1.598,1.000
71.137,0.010,0.600,-1.000,-1.000,5.230,Run,NaN,NaN,-0.398,1.000
71.147,0.010,0.600,1.000,1.000,5.240,Run,NaN,NaN,1.598,1.000
71.157,0.010,0.600,-1.000,-1.000,5.230,Run,NaN,NaN,-0.398,1.000
71.167,0.010,0.600,1.000,1.000,5.240,Run,NaN,NaN,1.598,1.000
71.177,0.010,0.600,-1.000,-1.000,5.230,Run,NaN,NaN,-0.398,1.000
71.187,0.010,0.600,1.000,1.000,5.240,Run,NaN,NaN,1.598,1.000
71.197,0.010,0.600,-1.000,-1.000,5.230,Run,NaN,NaN,-0.398,1.000
71.207,0.010,0.600,1.000,1.000,5.240,Run,NaN,NaN,1.598,1.000
71.217,0.010,0.600,-1.000,-1.000,5.230,Run,NaN,NaN,-0.398,1.000
71.227,0.010,0.600,1.000,1.000,5.240,Run,NaN,NaN,1.598,1.000
71.237,0.010,0.600,-1.000,-1.000,5.230,Run,NaN,NaN,-0.398,1.000
71.247,0.010,0.600,1.000,1.000,5.240,Run,NaN,NaN,1.598,1.000
71.257,0.010,0.600,-1.000,-1.000,5.230,Run,NaN,NaN,-0.398,1.000
71.267,0.010,0.600,1.000,1.000,5.240,Run,NaN,NaN,1.598,1.000
71.277,0.010,0.600,-1.000,-1.000,5.230,Run,NaN,NaN,-0.398,1.000
71.287,0.010,0.600,1.000,1.000,5.240,Run,NaN,NaN,1.598,1.000
71.297,0.010,0.600,-1.000,-1.000,5.230,Run,NaN,NaN,-0.398,1.000
71.307,0.010,0.600,1.000,1.000,5.240,Run,NaN,NaN,1.598,1.000
71.317,0.010,0.600,-1.000,-1.000,5.230,Run,NaN,NaN,-0.398,1.000
71.327,0.010,0.600,1.000,1.000,5.240,Run,NaN,NaN,1.598,1.000
71.337,0.010,0.600,-1.000,-1.000,5.230,Run,NaN,NaN,-0.398,1.000
71.347,0.010,0.600,1.000,1.000,5.240,Run,NaN,NaN,1.598,1.000
71.357,0.010,0.600,-1.000,-1.000,5.230,Run,NaN,NaN,-0.398,1.000
71.367,0.010,0.600,1.000,1.000,5.240,Run,NaN,NaN,1.598,1.000
71.377,0.010,0.600,-1.000,-1.000,5.230,Run,NaN,NaN,-0.398,1.000
71.387,0.010,0.600,1.000,1.000,5.240,Run,NaN,NaN,1.598,1.000
71.397,0.010,0.600,-1.000,-1.000,5.230,Run,NaN,NaN,-0.398,1.000
71.407,0.010,0.600,1.000,1.000,5.240,Run,NaN,NaN,1.598,1.000
71.417,0.010,0.600,-1.000,-1.000,5.230,Run,NaN,NaN,-0.398,1.000
71.427,0.010,0.600,1.000,1.000,5.240,Run,NaN,NaN,1.598,1.000
71.437,0.010,0.600,-1.000,-1.000,5.230,Run,NaN,NaN,-0.398,1.000
71.447,0.010,0.600,1.000,1.000,5.240,Run,NaN,NaN,1.598,1.000
71.457,0.010,0.600,-1.000,-1.000,5.230,Run,NaN,NaN,-0.398,1.000
71.467,0.010,0.600,1.000,1.000,5.240,Run,NaN,NaN,1.598,1.000
71.477,0.010,0.600,-1.000,-1.000,5.230,Run,NaN,NaN,-0.398,1.000
71.487,0.010,0.600,1.000,1.000,5.240,Run,NaN,NaN,1.598,1.000
71.497,0.010,0.600,-1.000,-1.000,5.230,Run,NaN,NaN,-0.398,1.000
71.507,0.010,0.600,1.000,1.000,5.240,Run,NaN,NaN,1.598,1.000
71.517,0.010,0.600,-1.000,-1.000,5.230,Run,NaN,NaN,-0.398,1.000
71.527,0.010,0.600,1.000,1.000,5.240,Run,NaN,NaN,1.598,1.000
71.537,0.010,0.600,-1.000,-1.000,5.230,Run,NaN,NaN,-0.398,1.000
71.547,0.010,0.600,1.000,1.000,5.240,Run,NaN,NaN,1.598,1.000
71.557,0.010,0.600,-1.000,-1.000,5.230,Run,NaN,NaN,-0.398,1.000
71.567,0.010,0.600,1.000,1.000,5.240,Run,NaN,NaN,1.598,1.000
71.577,0.010,0.600,-1.000,-1.000,5.230,Run,NaN,NaN,-0.398,1.000
71.587,0.010,0.600,1.000,1.000,5.240,Run,NaN,NaN,1.598,1.000
71.597,0.010,0.600,-1.000,-1.000,5.230,Run,NaN,NaN,-0.398,1.000
71.607,0.010,0.600,1.000,1.000,5.240,Run,NaN,NaN,1.598,1.000
71.617,0.010,0.600,-1.000,-1.000,5.230,Run,NaN,NaN,-0.398,1.000
71.627,0.010,0.600,1.000,1.000,5.240,Run,NaN,NaN,1.598,1.000
71.637,0.010,0.600,-1.000,-1.000,5.230,Run,NaN,NaN,-0.398,1.000
71.647,0.010,0.600,1.000,1.000,5.240,Run,NaN,NaN,1.598,1.000
71.657,0.010,0.600,-1.000,-1.000,5.230,Run,NaN,NaN,-0.398,1.000
71.667,0.010,0.600,1.000,1.000,5.240,Run,NaN,NaN,1.598,1.000
71.677,0.010,0.600,-1.000,-1.000,5.230,Run,NaN,NaN,-0.398,1.000
71.687,0.010,0.600,1.000,1.000,5.240,Run,NaN,NaN,1.598,1.000
71.697,0.010,0.600,-1.000,-1.000,5.230,Run,NaN,NaN,-0.398,1.000
71.707,0.010,0.600,1.000,1.000,5.240,Run,NaN,NaN,1.598,1.000
71.717,0.010,0.600,-1.000,-1.000,5.230,Run,NaN,NaN,-0.398,1.000
71.727,0.010,0.600,1.000,1.000,5.240,Run,NaN,NaN,1.598,1.000
71.737,0.010,0.600,-1.000,-1.000,5.230,Run,NaN,NaN,-0.398,1.000
71.747,0.010,0.600,1.000,1.000,5.240,Run,NaN,NaN,1.598,1.000
71.757,0.010,0.600,-1.000,-1.000,5.230,Run,NaN,NaN,-0.398,1.000
71.767,0.010,0.600,1.000,1.000,5.240,Run,NaN,NaN,1.598,1.000
71.777,0.010,0.600,-1.000,-1.000,5.230,Run,NaN,NaN,-0.398,1.000
71.787,0.010,0.600,1.000,1.000,5.240,Run,NaN,NaN,1.598,1.000
71.797,0.010,0.600,-1.000,-1.000,5.230,Run,NaN,NaN,-0.398,1.000
71.807,0.010,0.600,1.000,1.000,5.240,Run,NaN,NaN,1.598,1.000
71.817,0.010,0.600,-1.000,-1.000,5.230,Run,NaN,NaN,-0.398,1.000
71.827,0.010,0.600,1.000,1.000,5.240,Run,NaN,NaN,1.598,1.000
71.837,0.010,0.600,-1.000,-1.000,5.230,Run,NaN,NaN,-0.398,1.000
71.847,0.010,0.600,1.000,1.000,5.240,Run,NaN,NaN,1.598,1.000
71.857,0.010,0.600,-1.000,-1.000,5.230,Run,NaN,NaN,-0.398,1.000
71.867,0.010,0.600,1.000,1.000,5.240,Run,NaN,NaN,1.598,1.000
71.877,0.010,0.600,-1.000,-1.000,5.230,Run,NaN,NaN,-0.398,1.000
71.887,0.010,0.600,1.000,1.000,5.240,Run,NaN,NaN,1.598,1.000
71.897,0.010,0.600,-1.000,-1.000,5.230,Run,NaN,NaN,-0.398,1.000
71.907,0.010,0.600,1.000,1.000,5.240,Run,NaN,NaN,1.598,1.000
71.917,0.010,0.600,-1.000,-1.000,5.230,Run,NaN,NaN,-0.398,1.000
71.927,0.010,0.600,1.000,1.000,5.240,Run,NaN,NaN,1.598,1.000
71.937,0.010,0.600,-1.000,-1.000,5.230,Run,NaN,NaN,-0.398,1.000
71.947,0.010,0.600,1.000,1.000,5.240,Run,NaN,NaN,1.598,1.000
71.957,0.010,0.600,-1.000,-1.000,5.230,Run,NaN,NaN,-0.398,1.000
71.967,0.010,0.600,1.000,1.000,5.240,Run,NaN,NaN,1.598,1.000
71.977,0.010,0.600,-1.000,-1.000,5.230,Run,NaN,NaN,-0.398,1.000
71.987,0.010,0.600,1.000,1.000,5.240,Run,NaN,NaN,1.598,1.000
71.997,0.010,0.600,-1.000,-1.000,5.230,Run,NaN,NaN,-0.398,1.000
72.007,0.010,0.600,1.000,1.000,5.240,Run,NaN,NaN,1.598,1.000
72.017,0.010,0.600,-1.000,-1.000,5.230,Run,NaN,NaN,-0.398,1.000
72.027,0.010,0.600,1.000,1.000,5.240,Run,NaN,NaN,1.598,1.000
72.037,0.010,0.600,-1.000,-1.000,5.230,Run,NaN,NaN,-0.398,1.000
72.047,0.010,0.600,1.000,1.000,5.240,Run,NaN,NaN,1.598,1.000
72.057,0.010,0.600,-1.000,-1.000,5.230,Run,NaN,NaN,-0.398,1.000
72.067,0.010,0.600,1.000,1.000,5.240,Run,NaN,NaN,1.598,1.000
72.077,0.010,0.600,-1.000,-1.000,5.230,Run,NaN,NaN,-0.398,1.000
72.087,0.010,0.600,1.000,1.000,5.240,Run,NaN,NaN,1.598,1.000
72.097,0.010,0.600,-1.000,-1.000,5.230,Run,NaN,NaN,-0.398,1.000
72.107,0.010,0.600,1.000,1.000,5.240,Run,NaN,NaN,1.598,1.000
72.117,0.010,0.600,-1.000,-1.000,5.230,Run,NaN,NaN,-0.398,1.000
72.127,0.010,0.600,1.000,1.000,5.240,Run,NaN,NaN,1.598,1.000
72.137,0.010,0.600,-1.000,-1.000,5.230,Run,NaN,NaN,-0.398,1.000
72.147,0.010,0.600,1.000,1.000,5.240,Run,NaN,NaN,1.598,1.000
72.157,0.010,0.600,-1.000,-1.000,5.230,Run,NaN,NaN,-0.398,1.000
72.167,0.010,0.600,1.000,1.000,5.240,Run,NaN,NaN,1.598,1.000
72.177,0.010,0.600,-1.000,-1.000,5.230,Run,NaN,NaN,-0.398,1.000
72.187,0.010,0.600,1.000,1.000,5.240,Run,NaN,NaN,1.598,1.000
72.197,0.010,0.600,-1.000,-1.000,5.230,Run,NaN,NaN,-0.398,1.000
72.207,0.010,0.600,1.000,1.000,5.240,Run,NaN,NaN,1.598,1.000
72.217,0.010,0.600,-1.000,-1.000,5.230,Run,NaN,NaN,-0.398,1.000
72.227,0.010,0.600,1.000,1.000,5.240,Run,NaN,NaN,1.598,1.000
72.237,0.010,0.600,-1.000,-1.000,5.230,Run,NaN,NaN,-0.398,1.000
72.247,0.010,0.600,1.000,1.000,5.240,Run,NaN,NaN,1.598,1.000
72.257,0.010,0.600,-1.000,-1.000,5.230,Run,NaN,NaN,-0.398,1.000
72.267,0.010,0.600,1.000,1.000,5.240,Run,NaN,NaN,1.598,1.000
72.277,0.010,0.600,-1.000,-1.000,5.230,Run,NaN,NaN,-0.398,1.000
72.287,0.010,0.600,1.000,1.000,5.240,Run,NaN,NaN,1.598,1.000
72.297,0.010,0.600,-1.000,-1.000,5.230,Run,NaN,NaN,-0.398,1.000
72.307,0.010,0.600,1.000,1.000,5.240,Run,NaN,NaN,1.598,1.000
72.317,0.010,0.600,-1.000,-1.000,5.230,Run,NaN,NaN,-0.398,1.000
72.327,0.010,0.600,1.000,1.000,5.240,Run,NaN,NaN,1.598,1.000
72.337,0.010,0.600,-1.000,-1.000,5.230,Run,NaN,NaN,-0.398,1.000
72.347,0.010,0.600,1.000,1.000,5.240,Run,NaN,NaN,1.598,1.000
72.357,0.010,0.600,-1.000,-1.000,5.230,Run,NaN,NaN,-0.398,1.000
72.367,0.010,0.600,1.000,1.000,5.240,Run,NaN,NaN,1.598,1.000
72.377,0.010,0.600,-1.000,-1.000,5.230,Run,NaN,NaN,-0.398,1.000
72.387,0.010,0.600,1.000,1.000,5.240,Run,NaN,NaN,1.598,1.000
72.397,0.010,0.600,-1.000,-1.000,5.230,Run,NaN,NaN,-0.398,1.000
72.407,0.010,0.600,1.000,1.000,5.240,Run,NaN,NaN,1.598,1.000
72.417,0.010,0.600,-1.000,-1.000,5.230,Run,NaN,NaN,-0.398,1.000
72.427,0.010,0.600,1.000,1.000,5.240,Run,NaN,NaN,1.598,1.000
72.437,0.010,0.600,-1.000,-1.000,5.230,Run,NaN,NaN,-0.398,1.000
72.447,0.010,0.600,1.000,1.000,5.240,Run,NaN,NaN,1.598,1.000
72.457,0.010,0.600,-1.000,-1.000,5.230,Run,NaN,NaN,-0.398,1.000
72.467,0.010,0.600,1.000,1.000,5.240,Run,NaN,NaN,1.598,1.000
72.477,0.010,0.600,-1.000,-1.000,5.230,Run,NaN,NaN,-0.398,1.000
72.487,0.010,0.600,1.000,1.000,5.240,Run,NaN,NaN,1.598,1.000
72.497,0.010,0.600,-1.000,-1.000,5.230,Run,NaN,NaN,-0.398,1.000
72.507,0.010,0.600,1.000,1.000,5.240,Run,NaN,NaN,1.598,1.000
72.517,0.010,0.600,-1.000,-1.000,5.230,Run,NaN,NaN,-0.398,1.000
72.527,0.010,0.600,1.000,1.000,5.240,Run,NaN,NaN,1.598,1.000
72.537,0.010,0.600,-1.000,-1.000,5.230,Run,NaN,NaN,-0.398,1.000
72.547,0.010,0.600,1.000,1.000,5.240,Run,NaN,NaN,1.598,1.000
72.557,0.010,0.600,-1.000,-1.000,5.230,Run,NaN,NaN,-0.398,1.000
72.567,0.010,0.600,1.000,1.000,5.240,Run,NaN,NaN,1.598,1.000
72.577,0.010,0.600,-1.000,-1.000,5.230,Run,NaN,NaN,-0.398,1.000
72.587,0.010,0.600,1.000,1.000,5.240,Run,NaN,NaN,1.598,1.000
72.597,0.010,0.600,-1.000,-1.000,5.230,Run,NaN,NaN,-0.398,1.000
72.607,0.010,0.600,1.000,1.000,5.240,Run,NaN,NaN,1.598,1.000
72.617,0.010,0.600,-1.000,-1.000,5.230,Run,NaN,NaN,-0.398,1.000
72.627,0.010,0.600,1.000,1.000,5.240,Run,NaN,NaN,1.598,1.000
72.637,0.010,0.600,-1.000,-1.000,5.230,Run,NaN,NaN,-0.398,1.000
72.647,0.010,0.600,1.000,1.000,5.240,Run,NaN,NaN,1.598,1.000
72.657,0.010,0.600,-1.000,-1.000,5.230,Run,NaN,NaN,-0.398,1.000
72.667,0.010,0.600,1.000,1.000,5.240,Run,NaN,NaN,1.598,1.000
72.677,0.010,0.600,-1.000,-1.000,5.230,Run,NaN,NaN,-0.398,1.000
72.687,0.010,0.600,1.000,1.000,5.240,Run,NaN,NaN,1.598,1.000
72.697,0.010,0.600,-1.000,-1.000,5.230,Run,NaN,NaN,-0.398,1.000
72.707,0.010,0.600,1.000,1.000,5.240,Run,NaN,NaN,1.598,1.000
72.717,0.010,0.600,-1.000,-1.000,5.230,Run,NaN,NaN,-0.398,1.000
72.727,0.010,0.600,1.000,1.000,5.240,Run,NaN,NaN,1.598,1.000
72.737,0.010,0.600,-1.000,-1.000,5.230,Run,NaN,NaN,-0.398,1.000
72.747,0.010,0.600,1.000,1.000,5.240,Run,NaN,NaN,1.598,1.000
72.757,0.010,0.600,-1.000,-1.000,5.230,Run,NaN,NaN,-0.398,1.000
72.767,0.010,0.600,1.000,1.000,5.240,Run,NaN,NaN,1.598,1.000
72.777,0.010,0.600,-1.000,-1.000,5.230,Run,NaN,NaN,-0.398,1.000
72.787,0.010,0.600,1.000,1.000,5.240,Run,NaN,NaN,1.598,1.000
72.797,0.010,0.600,-1.000,-1.000,5.230,Run,NaN,NaN,-0.398,1.000
72.807,0.010,0.600,1.000,1.000,5.240,Run,NaN,NaN,1.598,1.000
72.817,0.010,0.600,-1.000,-1.000,5.230,Run,NaN,NaN,-0.398,1.000
72.827,0.010,0.600,1.000,1.000,5.240,Run,NaN,NaN,1.598,1.000
72.837,0.010,0.600,-1.000,-1.000,5.230,Run,NaN,NaN,-0.398,1.000
72.847,0.010,0.600,1.000,1.000,5.240,Run,NaN,NaN,1.598,1.000
72.857,0.010,0.600,-1.000,-1.000,5.230,Run,NaN,NaN,-0.398,1.000
72.867,0.010,0.600,1.000,1.000,5.240,Run,NaN,NaN,1.598,1.000
72.877,0.010,0.600,-1.000,-1.000,5.230,Run,NaN,NaN,-0.398,1.000
72.887,0.010,0.600,1.000,1.000,5.240,Run,NaN,NaN,1.598,1.000
72.897,0.010,0.600,-1.000,-1.000,5.230,Run,NaN,NaN,-0.398,1.000
72.907,0.010,0.600,1.000,1.000,5.240,Run,NaN,NaN,1.598,1.000
72.917,0.010,0.600,-1.000,-1.000,5.230,Run,NaN,NaN,-0.398,1.000
72.927,0.010,0.600,1.000,1.000,5.240,Run,NaN,NaN,1.598,1.000
72.937,0.010,0.600,-1.000,-1.000,5.230,Run,NaN,NaN,-0.398,1.000
72.947,0.010,0.600,1.000,1.000,5.240,Run,NaN,NaN,1.598,1.000
72.957,0.010,0.600,-1.000,-1.000,5.230,Run,NaN,NaN,-0.398,1.000
72.967,0.010,0.600,1.000,1.000,5.240,Run,NaN,NaN,1.598,1.000
72.977,0.010,0.600,-1.000,-1.000,5.230,Run,NaN,NaN,-0.398,1.000
72.987,0.010,0.600,1.000,1.000,5.240,Run,NaN,NaN,1.598,1.000
72.997,0.010,0.600,-1.000,-1.000,5.230,Run,NaN,NaN,-0.398,1.000
73.007,0.010,0.600,1.000,1.000,5.240,Run,NaN,NaN,1.598,1.000
73.017,0.010,0.600,-1.000,-1.000,5.230,Run,NaN,NaN,-0.398,1.000
73.027,0.010,0.600,1.000,1.000,5.240,Run,NaN,NaN,1.598,1.000
73.037,0.010,0.600,-1.000,-1.000,5.230,Run,NaN,NaN,-0.398,1.000
73.047,0.010,0.600,1.000,1.000,5.240,Run,NaN,NaN,1.598,1.000
73.057,0.010,0.600,-1.000,-1.000,5.230,Run,NaN,NaN,-0.398,1.000
73.067,0.010,0.600,1.000,1.000,5.240,Run,NaN,NaN,1.598,1.000
73.077,0.010,0.600,-1.000,-1.000,5.230,Run,NaN,NaN,-0.398,1.000
73.087,0.010,0.600,1.000,1.000,5.240,Run,NaN,NaN,1.598,1.000
73.097,0.010,0.600,-1.000,-1.000,5.230,Run,NaN,NaN,-0.398,1.000
73.107,0.010,0.600,1.000,1.000,5.240,Run,NaN,NaN,1.598,1.000
73.117,0.010,0.600,-1.000,-1.000,5.230,Run,NaN,NaN,-0.398,1.000
73.127,0.010,0.600,1.000,1.000,5.240,Run,NaN,NaN,1.598,1.000
73.137,0.010,0.600,-1.000,-1.000,5.230,Run,NaN,NaN,-0.398,1.000
73.147,0.010,0.600,1.000,1.000,5.240,Run,NaN,NaN,1.598,1.000
73.157,0.010,0.600,-1.000,-1.000,5.230,Run,NaN,NaN,-0.398,1.000
73.167,0.010,0.600,1.000,1.000,5.240,Run,NaN,NaN,1.598,1.000
73.177,0.010,0.600,-1.000,-1.000,5.230,Run,NaN,NaN,-0.398,1.000
73.187,0.010,0.600,1.000,1.000,5.240,Run,NaN,NaN,1.598,1.000
73.197,0.010,0.600,-1.000,-1.000,5.230,Run,NaN,NaN,-0.398,1.000
73.207,0.010,0.600,1.000,1.000,5.240,Run,NaN,NaN,1.598,1.000
73.217,0.010,0.600,-1.000,-1.000,5.230,Run,NaN,NaN,-0.398,1.000
73.227,0.010,0.600,1.000,1.000,5.240,Run,NaN,NaN,1.598,1.000
73.237,0.010,0.600,-1.000,-1.000,5.230,Run,NaN,NaN,-0.398,1.000
73.247,0.010,0.600,1.000,1.000,5.240,Run,NaN,NaN,1.598,1.000
73.257,0.010,0.600,-1.000,-1.000,5.230,Run,NaN,NaN,-0.398,1.000
73.267,0.010,0.600,1.000,1.000,5.240,Run,NaN,NaN,1.598,1.000
73.277,0.010,0.600,-1.000,-1.000,5.230,Run,NaN,NaN,-0.398,1.000
73.287,0.010,0.600,1.000,1.000,5.240,Run,NaN,NaN,1.598,1.000
73.297,0.010,0.600,-1.000,-1.000,5.230,Run,NaN,NaN,-0.398,1.000
73.307,0.010,0.600,1.000,1.000,5.240,Run,NaN,NaN,1.598,1.000
73.317,0.010,0.600,-1.000,-1.000,5.230,Run,NaN,NaN,-0.398,1.000
73.327,0.010,0.600,1.000,1.000,5.240,Run,NaN,NaN,1.598,1.000
73.337,0.010,0.600,-1.000,-1.000,5.230,Run,NaN,NaN,-0.398,1.000
73.347,0.010,0.600,1.000,1.000,5.240,Run,NaN,NaN,1.598,1.000
73.357,0.010,0.600,-1.000,-1.000,5.230,Run,NaN,NaN,-0.398,1.000
73.367,0.010,0.600,1.000,1.000,5.240,Run,NaN,NaN,1.598,1.000
73.377,0.010,0.600,-1.000,-1.000,5.230,Run,NaN,NaN,-0.398,1.000
73.387,0.010,0.600,1.000,1.000,5.240,Run,NaN,NaN,1.598,1.000
73.397,0.010,0.600,-1.000,-1.000,5.230,Run,NaN,NaN,-0.398,1.000
73.407,0.010,0.600,1.000,1.000,5.240,Run,NaN,NaN,1.598,1.000
73.417,0.010,0.600,-1.000,-1.000,5.230,Run,NaN,NaN,-0.398,1.000
73.427,0.010,0.600,1.000,1.000,5.240,Run,NaN,NaN,1.598,1.000
73.437,0.010,0.600,-1.000,-1.000,5.230,Run,NaN,NaN,-0.398,1.000
73.447,0.010,0.600,1.000,1.000,5.240,Run,NaN,NaN,1.598,1.000
73.457,0.010,0.600,-1.000,-1.000,5.230,Run,NaN,NaN,-0.398,1.000
73.467,0.010,0.600,1.000,1.000,5.240,Run,NaN,NaN,1.598,1.000
73.477,0.010,0.600,-1.000,-1.000,5.230,Run,NaN,NaN,-0.398,1.000
73.487,0.010,0.600,1.000,1.000,5.240,Run,NaN,NaN,1.598,1.000
73.497,0.010,0.600,-1.000,-1.000,5.230,Run,NaN,NaN,-0.398,1.000
73.507,0.010,0.600,1.000,1.000,5.240,Run,NaN,NaN,1.598,1.000
73.517,0.010,0.600,-1.000,-1.000,5.230,Run,NaN,NaN,-0.398,1.000
73.527,0.010,0.600,1.000,1.000,5.240,Run,NaN,NaN,1.598,1.000
73.537,0.010,0.600,-1.000,-1.000,5.230,Run,NaN,NaN,-0.398,1.000
73.547,0.010,0.600,1.000,1.000,5.240,Run,NaN,NaN,1.598,1.000
73.557,0.010,0.600,-1.000,-1.000,5.230,Run,NaN,NaN,-0.398,1.000
73.567,0.010,0.600,1.000,1.000,5.240,Run,NaN,NaN,1.598,1.000
73.577,0.010,0.600,-1.000,-1.000,5.230,Run,NaN,NaN,-0.398,1.000
73.587,0.010,0.600,1.000,1.000,5.240,Run,NaN,NaN,1.598,1.000
73.597,0.010,0.600,-1.000,-1.000,5.230,Run,NaN,NaN,-0.398,1.000
73.607,0.010,0.600,1.000,1.000,5.240,Run,NaN,NaN,1.598,1.000
73.617,0.010,0.600,-1.000,-1.000,5.230,Run,NaN,NaN,-0.398,1.000
73.627,0.010,0.600,1.000,1.000,5.240,Run,NaN,NaN,1.598,1.000
73.637,0.010,0.600,-1.000,-1.000,5.230,Run,NaN,NaN,-0.398,1.000
73.647,0.010,0.600,1.000,1.000,5.240,Run,NaN,NaN,1.598,1.000
73.657,0.010,0.600,-1.000,-1.000,5.230,Run,NaN,NaN,-0.398,1.000
73.667,0.010,0.600,1.000,1.000,5.240,Run,NaN,NaN,1.598,1.000
73.677,0.010,0.600,-1.000,-1.000,5.230,Run,NaN,NaN,-0.398,1.000
73.687,0.010,0.600,1.000,1.000,5.240,Run,NaN,NaN,1.598,1.000
73.697,0.010,0.600,-1.000,-1.000,5.230,Run,NaN,NaN,-0.398,1.000
73.707,0.010,0.600,1.000,1.000,5.240,Run,NaN,NaN,1.598,1.000
73.717,0.010,0.600,-1.000,-1.000,5.230,Run,NaN,NaN,-0.398,1.000
73.727,0.010,0.600,1.000,1.000,5.240,Run,NaN,NaN,1.598,1.000
73.737,0.010,0.600,-1.000,-1.000,5.230,Run,NaN,NaN,-0.398,1.000
73.747,0.010,0.600,1.000,1.000,5.240,Run,NaN,NaN,1.598,1.000
73.757,0.010,0.600,-1.000,-1.000,5.230,Run,NaN,NaN,-0.398,1.000
73.767,0.010,0.600,1.000,1.000,5.240,Run,NaN,NaN,1.598,1.000
73.777,0.010,0.600,-1.000,-1.000,5.230,Run,NaN,NaN,-0.398,1.000
73.787,0.010,0.600,1.000,1.000,5.240,Run,NaN,NaN,1.598,1.000
73.797,0.010,0.600,-1.000,-1.000,5.230,Run,NaN,NaN,-0.398,1.000
73.807,0.010,0.600,1.000,1.000,5.240,Run,NaN,NaN,1.598,1.000
73.817,0.010,0.600,-1.000,-1.000,5.230,Run,NaN,NaN,-0.398,1.000
73.827,0.010,0.600,1.000,1.000,5.240,Run,NaN,NaN,1.598,1.000
73.837,0.010,0.600,-1.000,-1.000,5.230,Run,NaN,NaN,-0.398,1.000
73.847,0.010,0.600,1.000,1.000,5.240,Run,NaN,NaN,1.598,1.000
73.857,0.010,0.600,-1.000,-1.000,5.230,Run,NaN,NaN,-0.398,1.000
73.867,0.010,0.600,1.000,1.000,5.240,Run,NaN,NaN,1.598,1.000
73.877,0.010,0.600,-1.000,-1.000,5.230,Run,NaN,NaN,-0.398,1.000
73.887,0.010,0.600,1.000,1.000,5.240,Run,NaN,NaN,1.598,1.000
73.897,0.010,0.600,-1.000,-1.000,5.230,Run,NaN,NaN,-0.398,1.000
73.907,0.010,0.600,1.000,1.000,5.240,Run,NaN,NaN,1.598,1.000
73.917,0.010,0.600,-1.000,-1.000,5.230,Run,NaN,NaN,-0.398,1.000
73.927,0.010,0.600,1.000,1.000,5.240,Run,NaN,NaN,1.598,1.000
73.937,0.010,0.600,-1.000,-1.000,5.230,Run,NaN,NaN,-0.398,1.000
73.947,0.010,0.600,1.000,1.000,5.240,Run,NaN,NaN,1.598,1.000
73.957,0.010,0.600,-1.000,-1.000,5.230,Run,NaN,NaN,-0.398,1.000
73.967,0.010,0.600,1.000,1.000,5.240,Run,NaN,NaN,1.598,1.000
73.977,0.010,0.600,-1.000,-1.000,5.230,Run,NaN,NaN,-0.398,1.000
73.987,0.010,0.600,1.000,1.000,5.240,Run,NaN,NaN,1.598,1.000
73.997,0.010,0.600,-1.000,-1.000,5.230,Run,NaN,NaN,-0.398,1.000
74.007,0.010,0.600,1.000,1.000,5.240,Run,NaN,NaN,1.598,1.000
74.017,0.010,0.600,-1.000,-1.000,5.230,Run,NaN,NaN,-0.398,1.000
74.027,0.010,0.600,1.000,1.000,5.240,Run,NaN,NaN,1.598,1.000
74.037,0.010,0.600,-1.000,-1.000,5.230,Run,NaN,NaN,-0.398,1.000
74.047,0.010,0.600,1.000,1.000,5.240,Run,NaN,NaN,1.598,1.000
74.057,0.010,0.600,-1.000,-1.000,5.230,Run,NaN,NaN,-0.398,1.000
74.067,0.010,0.600,1.000,1.000,5.240,Run,NaN,NaN,1.598,1.000
74.077,0.010,0.600,-1.000,-1.000,5.230,Run,NaN,NaN,-0.398,1.000
74.087,0.010,0.600,1.000,1.000,5.240,Run,NaN,NaN,1.598,1.000
74.097,0.010,0.600,-1.000,-1.000,5.230,Run,NaN,NaN,-0.398,1.000
74.107,0.010,0.600,1.000,1.000,5.240,Run,NaN,NaN,1.598,1.000
74.117,0.010,0.600,-1.000,-1.000,5.230,Run,NaN,NaN,-0.398,1.000
74.127,0.010,0.600,1.000,1.000,5.240,Run,NaN,NaN,1.598,1.000
74.137,0.010,0.600,-1.000,-1.000,5.230,Run,NaN,NaN,-0.398,1.000
74.147,0.010,0.600,1.000,1.000,5.240,Run,NaN,NaN,1.598,1.000
74.157,0.010,0.600,-1.000,-1.000,5.230,Run,NaN,NaN,-0.398,1.000
74.167,0.010,0.600,1.000,1.000,5.240,Run,NaN,NaN,1.598,1.000
74.177,0.010,0.600,-1.000,-1.000,5.230,Run,NaN,NaN,-0.398,1.000
74.187,0.010,0.600,1.000,1.000,5.240,Run,NaN,NaN,1.598,1.000
74.197,0.010,0.600,-1.000,-1.000,5.230,Run,NaN,NaN,-0.398,1.000
74.207,0.010,0.600,1.000,1.000,5.240,Run,NaN,NaN,1.598,1.000
74.217,0.010,0.600,-1.000,-1.000,5.230,Run,NaN,NaN,-0.398,1.000
74.227,0.010,0.600,1.000,1.000,5.240,Run,NaN,NaN,1.598,1.000
74.237,0.010,0.600,-1.000,-1.000,5.230,Run,NaN,NaN,-0.398,1.000
74.247,0.010,0.600,1.000,1.000,5.240,Run,NaN,NaN,1.598,1.000
74.257,0.010,0.600,-1.000,-1.000,5.230,Run,NaN,NaN,-0.398,1.000
74.267,0.010,0.600,1.000,1.000,5.240,Run,NaN,NaN,1.598,1.000
74.277,0.010,0.600,-1.000,-1.000,5.230,Run,NaN,NaN,-0.398,1.000
74.287,0.010,0.600,1.000,1.000,5.240,Run,NaN,NaN,1.598,1.000
74.297,0.010,0.600,-1.000,-1.000,5.230,Run,NaN,NaN,-0.398,1.000
74.307,0.010,0.600,1.000,1.000,5.240,Run,NaN,NaN,1.598,1.000
74.317,0.010,0.600,-1.000,-1.000,5.230,Run,NaN,NaN,-0.398,1.000
74.327,0.010,0.600,1.000,1.000,5.240,Run,NaN,NaN,1.598,1.000
74.337,0.010,0.600,-1.000,-1.000,5.230,Run,NaN,NaN,-0.398,1.000
74.347,0.010,0.600,1.000,1.000,5.240,Run,NaN,NaN,1.598,1.000
74.357,0.010,0.600,-1.000,-1.000,5.230,Run,NaN,NaN,-0.398,1.000
74.367,0.010,0.600,1.000,1.000,5.240,Run,NaN,NaN,1.598,1.000
74.377,0.010,0.600,-1.000,-1.000,5.230,Run,NaN,NaN,-0.398,1.000
74.387,0.010,0.600,1.000,1.000,5.240,Run,NaN,NaN,1.598,1.000
74.397,0.010,0.600,-1.000,-1.000,5.230,Run,NaN,NaN,-0.398,1.000
74.407,0.010,0.600,1.000,1.000,5.240,Run,NaN,NaN,1.598,1.000
74.417,0.010,0.600,-1.000,-1.000,5.230,Run,NaN,NaN,-0.398,1.000
74.427,0.010,0.600,1.000,1.000,5.240,Run,NaN,NaN,1.598,1.000
74.437,0.010,0.600,-1.000,-1.000,5.230,Run,NaN,NaN,-0.398,1.000
74.447,0.010,0.600,1.000,1.000,5.240,Run,NaN,NaN,1.598,1.000
74.457,0.010,0.600,-1.000,-1.000,5.230,Run,NaN,NaN,-0.398,1.000
74.467,0.010,0.600,1.000,1.000,5.240,Run,NaN,NaN,1.598,1.000
74.478,0.010,0.600,-1.000,-1.000,5.230,Run,NaN,NaN,-0.398,1.000
74.488,0.010,0.600,1.000,1.000,5.240,Run,NaN,NaN,1.598,1.000
74.498,0.010,0.600,-1.000,-1.000,5.230,Run,NaN,NaN,-0.398,1.000
74.508,0.010,0.600,1.000,1.000,5.240,Run,NaN,NaN,1.598,1.000
74.518,0.010,0.600,-1.000,-1.000,5.230,Run,NaN,NaN,-0.398,1.000
74.528,0.010,0.600,1.000,1.000,5.240,Run,NaN,NaN,1.598,1.000
74.538,0.010,0.600,-1.000,-1.000,5.230,Run,NaN,NaN,-0.398,1.000
74.548,0.010,0.600,1.000,1.000,5.240,Run,NaN,NaN,1.598,1.000
74.558,0.010,0.600,-1.000,-1.000,5.230,Run,NaN,NaN,-0.398,1.000
74.568,0.010,0.600,1.000,1.000,5.240,Run,NaN,NaN,1.598,1.000
74.578,0.010,0.600,-1.000,-1.000,5.230,Run,NaN,NaN,-0.398,1.000
74.588,0.010,0.600,1.000,1.000,5.240,Run,NaN,NaN,1.598,1.000
74.598,0.010,0.600,-1.000,-1.000,5.230,Run,NaN,NaN,-0.398,1.000
74.608,0.010,0.600,1.000,1.000,5.240,Run,NaN,NaN,1.598,1.000
74.618,0.010,0.600,-1.000,-1.000,5.230,Run,NaN,NaN,-0.398,1.000
74.628,0.010,0.600,1.000,1.000,5.240,Run,NaN,NaN,1.598,1.000
74.638,0.010,0.600,-1.000,-1.000,5.230,Run,NaN,NaN,-0.398,1.000
74.648,0.010,0.600,1.000,1.000,5.240,Run,NaN,NaN,1.598,1.000
74.658,0.010,0.600,-1.000,-1.000,5.230,Run,NaN,NaN,-0.398,1.000
74.668,0.010,0.600,1.000,1.000,5.240,Run,NaN,NaN,1.598,1.000
74.678,0.010,0.600,-1.000,-1.000,5.230,Run,NaN,NaN,-0.398,1.000
74.688,0.010,0.600,1.000,1.000,5.240,Run,NaN,NaN,1.598,1.000
74.698,0.010,0.600,-1.000,-1.000,5.230,Run,NaN,NaN,-0.398,1.000
74.708,0.010,0.600,1.000,1.000,5.240,Run,NaN,NaN,1.598,1.000
74.718,0.010,0.600,-1.000,-1.000,5.230,Run,NaN,NaN,-0.398,1.000
74.728,0.010,0.600,1.000,1.000,5.240,Run,NaN,NaN,1.598,1.000
74.738,0.010,0.600,-1.000,-1.000,5.230,Run,NaN,NaN,-0.398,1.000
74.748,0.010,0.600,1.000,1.000,5.240,Run,NaN,NaN,1.598,1.000
74.758,0.010,0.600,-1.000,-1.000,5.230,Run,NaN,NaN,-0.398,1.000
74.768,0.010,0.600,1.000,1.000,5.240,Run,NaN,NaN,1.598,1.000
74.778,0.010,0.600,-1.000,-1.000,5.230,Run,NaN,NaN,-0.398,1.000
74.788,0.010,0.600,1.000,1.000,5.240,Run,NaN,NaN,1.598,1.000
74.798,0.010,0.600,-1.000,-1.000,5.230,Run,NaN,NaN,-0.398,1.000
74.808,0.010,0.600,1.000,1.000,5.240,Run,NaN,NaN,1.598,1.000
74.818,0.010,0.600,-1.000,-1.000,5.230,Run,NaN,NaN,-0.398,1.000
74.828,0.010,0.600,1.000,1.000,5.240,Run,NaN,NaN,1.598,1.000
74.838,0.010,0.600,-1.000,-1.000,5.230,Run,NaN,NaN,-0.398,1.000
74.848,0.010,0.600,1.000,1.000,5.240,Run,NaN,NaN,1.598,1.000
74.858,0.010,0.600,-1.000,-1.000,5.230,Run,NaN,NaN,-0.398,1.000
74.868,0.010,0.600,1.000,1.000,5.240,Run,NaN,NaN,1.598,1.000
74.878,0.010,0.600,-1.000,-1.000,5.230,Run,NaN,NaN,-0.398,1.000
74.888,0.010,0.600,1.000,1.000,5.240,Run,NaN,NaN,1.598,1.000
74.898,0.010,0.600,-1.000,-1.000,5.230,Run,NaN,NaN,-0.398,1.000
74.908,0.010,0.600,1.000,1.000,5.240,Run,NaN,NaN,1.598,1.000
74.918,0.010,0.600,-1.000,-1.000,5.230,Run,NaN,NaN,-0.398,1.000
74.928,0.010,0.600,1.000,1.000,5.240,Run,NaN,NaN,1.598,1.000
74.938,0.010,0.600,-1.000,-1.000,5.230,Run,NaN,NaN,-0.398,1.000
74.948,0.010,0.600,1.000,1.000,5.240,Run,NaN,NaN,1.598,1.000
74.958,0.010,0.600,-1.000,-1.000,5.230,Run,NaN,NaN,-0.398,1.000
74.968,0.010,0.600,1.000,1.000,5.240,Run,NaN,NaN,1.598,1.000
74.978,0.010,0.600,-1.000,-1.000,5.230,Run,NaN,NaN,-0.398,1.000
74.988,0.010,0.600,1.000,1.000,5.240,Run,NaN,NaN,1.598,1.000
74.998,0.010,0.600,-1.000,-1.000,5.230,Run,NaN,NaN,-0.398,1.000
75.008,0.010,0.600,1.000,1.000,5.240,Run,NaN,NaN,1.598,1.000
75.018,0.010,0.600,-1.000,-1.000,5.230,Run,NaN,NaN,-0.398,1.000
75.028,0.010,0.600,1.000,1.000,5.240,Run,NaN,NaN,1.598,1.000
75.038,0.010,0.600,-1.000,-1.000,5.230,Run,NaN,NaN,-0.398,1.000
75.048,0.010,0.600,1.000,1.000,5.240,Run,NaN,NaN,1.598,1.000
75.058,0.010,0.600,-1.000,-1.000,5.230,Run,NaN,NaN,-0.398,1.000
75.068,0.010,0.600,1.000,1.000,5.240,Run,NaN,NaN,1.598,1.000
75.078,0.010,0.600,-1.000,-1.000,5.230,Run,NaN,NaN,-0.398,1.000
75.088,0.010,0.600,1.000,1.000,5.240,Run,NaN,NaN,1.598,1.000
75.098,0.010,0.600,-1.000,-1.000,5.230,Run,NaN,NaN,-0.398,1.000
75.108,0.010,0.600,1.000,1.000,5.240,Run,NaN,NaN,1.598,1.000
75.118,0.010,0.600,-1.000,-1.000,5.230,Run,NaN,NaN,-0.398,1.000
75.128,0.010,0.600,1.000,1.000,5.240,Run,NaN,NaN,1.598,1.000
75.138,0.010,0.600,-1.000,-1.000,5.230,Run,NaN,NaN,-0.398,1.000
75.148,0.010,0.600,1.000,1.000,5.240,Run,NaN,NaN,1.598,1.000
75.158,0.010,0.600,-1.000,-1.000,5.230,Run,NaN,NaN,-0.398,1.000
75.168,0.010,0.600,1.000,1.000,5.240,Run,NaN,NaN,1.598,1.000
75.178,0.010,0.600,-1.000,-1.000,5.230,Run,NaN,NaN,-0.398,1.000
75.188,0.010,0.600,1.000,1.000,5.240,Run,NaN,NaN,1.598,1.000
75.198,0.010,0.600,-1.000,-1.000,5.230,Run,NaN,NaN,-0.398,1.000
75.208,0.010,0.600,1.000,1.000,5.240,Run,NaN,NaN,1.598,1.000
75.218,0.010,0.600,-1.000,-1.000,5.230,Run,NaN,NaN,-0.398,1.000
75.228,0.010,0.600,1.000,1.000,5.240,Run,NaN,NaN,1.598,1.000
75.238,0.010,0.600,-1.000,-1.000,5.230,Run,NaN,NaN,-0.398,1.000
75.248,0.010,0.600,1.000,1.000,5.240,Run,NaN,NaN,1.598,1.000
75.258,0.010,0.600,-1.000,-1.000,5.230,Run,NaN,NaN,-0.398,1.000
75.268,0.010,0.600,1.000,1.000,5.240,Run,NaN,NaN,1.598,1.000
75.278,0.010,0.600,-1.000,-1.000,5.230,Run,NaN,NaN,-0.398,1.000
75.288,0.010,0.600,1.000,1.000,5.240,Run,NaN,NaN,1.598,1.000
75.298,0.010,0.600,-1.000,-1.000,5.230,Run,NaN,NaN,-0.398,1.000
75.308,0.010,0.600,1.000,1.000,5.240,Run,NaN,NaN,1.598,1.000
75.318,0.010,0.600,-1.000,-1.000,5.230,Run,NaN,NaN,-0.398,1.000
75.328,0.010,0.600,1.000,1.000,5.240,Run,NaN,NaN,1.598,1.000
75.338,0.010,0.600,-1.000,-1.000,5.230,Run,NaN,NaN,-0.398,1.000
75.348,0.010,0.600,1.000,1.000,5.240,Run,NaN,NaN,1.598,1.000
75.358,0.010,0.600,-1.000,-1.000,5.230,Run,NaN,NaN,-0.398,1.000
75.368,0.010,0.600,1.000,1.000,5.240,Run,NaN,NaN,1.598,1.000
75.378,0.010,0.600,-1.000,-1.000,5.230,Run,NaN,NaN,-0.398,1.000
75.388,0.010,0.600,1.000,1.000,5.240,Run,NaN,NaN,1.598,1.000
75.398,0.010,0.600,-1.000,-1.000,5.230,Run,NaN,NaN,-0.398,1.000
75.408,0.010,0.600,1.000,1.000,5.240,Run,NaN,NaN,1.598,1.000
75.418,0.010,0.600,-1.000,-1.000,5.230,Run,NaN,NaN,-0.398,1.000
75.428,0.010,0.600,1.000,1.000,5.240,Run,NaN,NaN,1.598,1.000
75.438,0.010,0.600,-1.000,-1.000,5.230,Run,NaN,NaN,-0.398,1.000
75.448,0.010,0.600,1.000,1.000,5.240,Run,NaN,NaN,1.598,1.000
75.458,0.010,0.600,-1.000,-1.000,5.230,Run,NaN,NaN,-0.398,1.000
75.468,0.010,0.600,1.000,1.000,5.240,Run,NaN,NaN,1.598,1.000
75.478,0.010,0.600,-1.000,-1.000,5.230,Run,NaN,NaN,-0.398,1.000
75.488,0.010,0.600,1.000,1.000,5.240,Run,NaN,NaN,1.598,1.000
75.498,0.010,0.600,-1.000,-1.000,5.230,Run,NaN,NaN,-0.398,1.000
75.508,0.010,0.600,1.000,1.000,5.240,Run,NaN,NaN,1.598,1.000
75.518,0.010,0.600,-1.000,-1.000,5.230,Run,NaN,NaN,-0.398,1.000
75.528,0.010,0.600,1.000,1.000,5.240,Run,NaN,NaN,1.598,1.000
75.538,0.010,0.600,-1.000,-1.000,5.230,Run,NaN,NaN,-0.398,1.000
75.548,0.010,0.600,1.000,1.000,5.240,Run,NaN,NaN,1.598,1.000
75.558,0.010,0.600,-1.000,-1.000,5.230,Run,NaN,NaN,-0.398,1.000
75.568,0.010,0.600,1.000,1.000,5.240,Run,NaN,NaN,1.598,1.000
75.578,0.010,0.600,-1.000,-1.000,5.230,Run,NaN,NaN,-0.398,1.000
75.588,0.010,0.600,1.000,1.000,5.240,Run,NaN,NaN,1.598,1.000
75.598,0.010,0.600,-1.000,-1.000,5.230,Run,NaN,NaN,-0.398,1.000
75.608,0.010,0.600,1.000,1.000,5.240,Run,NaN,NaN,1.598,1.000
75.618,0.010,0.600,-1.000,-1.000,5.230,Run,NaN,NaN,-0.398,1.000
75.628,0.010,0.600,1.000,1.000,5.240,Run,NaN,NaN,1.598,1.000
75.638,0.010,0.600,-1.000,-1.000,5.230,Run,NaN,NaN,-0.398,1.000
75.648,0.010,0.600,1.000,1.000,5.240,Run,NaN,NaN,1.598,1.000
75.658,0.010,0.600,-1.000,-1.000,5.230,Run,NaN,NaN,-0.398,1.000
75.668,0.010,0.600,1.000,1.000,5.240,Run,NaN,NaN,1.598,1.000
75.678,0.010,0.600,-1.000,-1.000,5.230,Run,NaN,NaN,-0.398,1.000
75.688,0.010,0.600,1.000,1.000,5.240,Run,NaN,NaN,1.598,1.000
75.698,0.010,0.600,-1.000,-1.000,5.230,Run,NaN,NaN,-0.398,1.000
75.708,0.010,0.600,1.000,1.000,5.240,Run,NaN,NaN,1.598,1.000
75.718,0.010,0.600,-1.000,-1.000,5.230,Run,NaN,NaN,-0.398,1.000
75.728,0.010,0.600,1.000,1.000,5.240,Run,NaN,NaN,1.598,1.000
75.738,0.010,0.600,-1.000,-1.000,5.230,Run,NaN,NaN,-0.398,1.000
75.748,0.010,0.600,1.000,1.000,5.240,Run,NaN,NaN,1.598,1.000
75.758,0.010,0.600,-1.000,-1.000,5.230,Run,NaN,NaN,-0.398,1.000
75.768,0.010,0.600,1.000,1.000,5.240,Run,NaN,NaN,1.598,1.000
75.778,0.010,0.600,-1.000,-1.000,5.230,Run,NaN,NaN,-0.398,1.000
75.788,0.010,0.600,1.000,1.000,5.240,Run,NaN,NaN,1.598,1.000
75.798,0.010,0.600,-1.000,-1.000,5.230,Run,NaN,NaN,-0.398,1.000
75.808,0.010,0.600,1.000,1.000,5.240,Run,NaN,NaN,1.598,1.000
75.818,0.010,0.600,-1.000,-1.000,5.230,Run,NaN,NaN,-0.398,1.000
75.828,0.010,0.600,1.000,1.000,5.240,Run,NaN,NaN,1.598,1.000
75.838,0.010,0.600,-1.000,-1.000,5.230,Run,NaN,NaN,-0.398,1.000
75.848,0.010,0.600,1.000,1.000,5.240,Run,NaN,NaN,1.598,1.000
75.858,0.010,0.600,-1.000,-1.000,5.230,Run,NaN,NaN,-0.398,1.000
75.868,0.010,0.600,1.000,1.000,5.240,Run,NaN,NaN,1.598,1.000
75.878,0.010,0.600,-1.000,-1.000,5.230,Run,NaN,NaN,-0.398,1.000
75.888,0.010,0.600,1.000,1.000,5.240,Run,NaN,NaN,1.598,1.000
75.898,0.010,0.600,-1.000,-1.000,5.230,Run,NaN,NaN,-0.398,1.000
75.908,0.010,0.600,1.000,1.000,5.240,Run,NaN,NaN,1.598,1.000
75.918,0.010,0.600,-1.000,-1.000,5.230,Run,NaN,NaN,-0.398,1.000
75.928,0.010,0.600,1.000,1.000,5.240,Run,NaN,NaN,1.598,1.000
75.938,0.010,0.600,-1.000,-1.000,5.230,Run,NaN,NaN,-0.398,1.000
75.948,0.010,0.600,1.000,1.000,5.240,Run,NaN,NaN,1.598,1.000
75.958,0.010,0.600,-1.000,-1.000,5.230,Run,NaN,NaN,-0.398,1.000
75.968,0.010,0.600,1.000,1.000,5.240,Run,NaN,NaN,1.598,1.000
75.978,0.010,0.600,-1.000,-1.000,5.230,Run,NaN,NaN,-0.398,1.000
75.988,0.010,0.600,1.000,1.000,5.240,Run,NaN,NaN,1.598,1.000
75.998,0.010,0.600,-1.000,-1.000,5.230,Run,NaN,NaN,-0.398,1.000
76.008,0.010,0.600,1.000,1.000,5.240,Run,NaN,NaN,1.598,1.000
76.018,0.010,0.600,-1.000,-1.000,5.230,Run,NaN,NaN,-0.398,1.000
76.028,0.010,0.600,1.000,1.000,5.240,Run,NaN,NaN,1.598,1.000
76.038,0.010,0.600,-1.000,-1.000,5.230,Run,NaN,NaN,-0.398,1.000
76.048,0.010,0.600,1.000,1.000,5.240,Run,NaN,NaN,1.598,1.000
76.058,0.010,0.600,-1.000,-1.000,5.230,Run,NaN,NaN,-0.398,1.000
76.068,0.010,0.600,1.000,1.000,5.240,Run,NaN,NaN,1.598,1.000
76.078,0.010,0.600,-1.000,-1.000,5.230,Run,NaN,NaN,-0.398,1.000
76.088,0.010,0.600,1.000,1.000,5.240,Run,NaN,NaN,1.598,1.000
76.098,0.010,0.600,-1.000,-1.000,5.230,Run,NaN,NaN,-0.398,1.000
76.108,0.010,0.600,1.000,1.000,5.240,Run,NaN,NaN,1.598,1.000
76.118,0.010,0.600,-1.000,-1.000,5.230,Run,NaN,NaN,-0.398,1.000
76.128,0.010,0.600,1.000,1.000,5.240,Run,NaN,NaN,1.598,1.000
76.138,0.010,0.600,-1.000,-1.000,5.230,Run,NaN,NaN,-0.398,1.000
76.148,0.010,0.600,1.000,1.000,5.240,Run,NaN,NaN,1.598,1.000
76.158,0.010,0.600,-1.000,-1.000,5.230,Run,NaN,NaN,-0.398,1.000
76.168,0.010,0.600,1.000,1.000,5.240,Run,NaN,NaN,1.598,1.000
76.178,0.010,0.600,-1.000,-1.000,5.230,Run,NaN,NaN,-0.398,1.000
76.188,0.010,0.600,1.000,1.000,5.240,Run,NaN,NaN,1.598,1.000
76.198,0.010,0.600,-1.000,-1.000,5.230,Run,NaN,NaN,-0.398,1.000
76.208,0.010,0.600,1.000,1.000,5.240,Run,NaN,NaN,1.598,1.000
76.218,0.010,0.600,-1.000,-1.000,5.230,Run,NaN,NaN,-0.398,1.000
76.228,0.010,0.600,1.000,1.000,5.240,Run,NaN,NaN,1.598,1.000
76.238,0.010,0.600,-1.000,-1.000,5.230,Run,NaN,NaN,-0.398,1.000
76.248,0.010,0.600,1.000,1.000,5.240,Run,NaN,NaN,1.598,1.000
76.258,0.010,0.600,-1.000,-1.000,5.230,Run,NaN,NaN,-0.398,1.000
76.268,0.010,0.600,1.000,1.000,5.240,Run,NaN,NaN,1.598,1.000
76.278,0.010,0.600,-1.000,-1.000,5.230,Run,NaN,NaN,-0.398,1.000
76.288,0.010,0.600,1.000,1.000,5.240,Run,NaN,NaN,1.598,1.000
76.298,0.010,0.600,-1.000,-1.000,5.230,Run,NaN,NaN,-0.398,1.000
76.308,0.010,0.600,1.000,1.000,5.240,Run,NaN,NaN,1.598,1.000
76.318,0.010,0.600,-1.000,-1.000,5.230,Run,NaN,NaN,-0.398,1.000
76.328,0.010,0.600,1.000,1.000,5.240,Run,NaN,NaN,1.598,1.000
76.338,0.010,0.600,-1.000,-1.000,5.230,Run,NaN,NaN,-0.398,1.000
76.348,0.010,0.600,1.000,1.000,5.240,Run,NaN,NaN,1.598,1.000
76.358,0.010,0.600,-1.000,-1.000,5.230,Run,NaN,NaN,-0.398,1.000
76.368,0.010,0.600,1.000,1.000,5.240,Run,NaN,NaN,1.598,1.000
76.378,0.010,0.600,-1.000,-1.000,5.230,Run,NaN,NaN,-0.398,1.000
76.388,0.010,0.600,1.000,1.000,5.240,Run,NaN,NaN,1.598,1.000
76.398,0.010,0.600,-1.000,-1.000,5.230,Run,NaN,NaN,-0.398,1.000
76.408,0.010,0.600,1.000,1.000,5.240,Run,NaN,NaN,1.598,1.000
76.418,0.010,0.600,-1.000,-1.000,5.230,Run,NaN,NaN,-0.398,1.000
76.428,0.010,0.600,1.000,1.000,5.240,Run,NaN,NaN,1.598,1.000
76.438,0.010,0.600,-1.000,-1.000,5.230,Run,NaN,NaN,-0.398,1.000
76.448,0.010,0.600,1.000,1.000,5.240,Run,NaN,NaN,1.598,1.000
76.458,0.010,0.600,-1.000,-1.000,5.230,Run,NaN,NaN,-0.398,1.000
76.468,0.010,0.600,1.000,1.000,5.240,Run,NaN,NaN,1.598,1.000
76.478,0.010,0.600,-1.000,-1.000,5.230,Run,NaN,NaN,-0.398,1.000
76.488,0.010,0.600,1.000,1.000,5.240,Run,NaN,NaN,1.598,1.000
76.498,0.010,0.600,-1.000,-1.000,5.230,Run,NaN,NaN,-0.398,1.000
76.508,0.010,0.600,1.000,1.000,5.240,Run,NaN,NaN,1.598,1.000
76.518,0.010,0.600,-1.000,-1.000,5.230,Run,NaN,NaN,-0.398,1.000
76.528,0.010,0.600,1.000,1.000,5.240,Run,NaN,NaN,1.598,1.000
76.538,0.010,0.600,-1.000,-1.000,5.230,Run,NaN,NaN,-0.398,1.000
76.548,0.010,0.600,1.000,1.000,5.240,Run,NaN,NaN,1.598,1.000
76.558,0.010,0.600,-1.000,-1.000,5.230,Run,NaN,NaN,-0.398,1.000
76.568,0.010,0.600,1.000,1.000,5.240,Run,NaN,NaN,1.598,1.000
76.578,0.010,0.600,-1.000,-1.000,5.230,Run,NaN,NaN,-0.398,1.000
76.588,0.010,0.600,1.000,1.000,5.240,Run,NaN,NaN,1.598,1.000
76.598,0.010,0.600,-1.000,-1.000,5.230,Run,NaN,NaN,-0.398,1.000
76.608,0.010,0.600,1.000,1.000,5.240,Run,NaN,NaN,1.598,1.000
76.618,0.010,0.600,-1.000,-1.000,5.230,Run,NaN,NaN,-0.398,1.000
76.628,0.010,0.600,1.000,1.000,5.240,Run,NaN,NaN,1.598,1.000
76.638,0.010,0.600,-1.000,-1.000,5.230,Run,NaN,NaN,-0.398,1.000
76.648,0.010,0.600,1.000,1.000,5.240,Run,NaN,NaN,1.598,1.000
76.658,0.010,0.600,-1.000,-1.000,5.230,Run,NaN,NaN,-0.398,1.000
76.668,0.010,0.600,1.000,1.000,5.240,Run,NaN,NaN,1.598,1.000
76.678,0.010,0.600,-1.000,-1.000,5.230,Run,NaN,NaN,-0.398,1.000
76.688,0.010,0.600,1.000,1.000,5.240,Run,NaN,NaN,1.598,1.000
76.698,0.010,0.600,-1.000,-1.000,5.230,Run,NaN,NaN,-0.398,1.000
76.708,0.010,0.600,1.000,1.000,5.240,Run,NaN,NaN,1.598,1.000
76.718,0.010,0.600,-1.000,-1.000,5.230,Run,NaN,NaN,-0.398,1.000
76.728,0.010,0.600,1.000,1.000,5.240,Run,NaN,NaN,1.598,1.000
76.738,0.010,0.600,-1.000,-1.000,5.230,Run,NaN,NaN,-0.398,1.000
76.748,0.010,0.600,1.000,1.000,5.240,Run,NaN,NaN,1.598,1.000
76.758,0.010,0.600,-1.000,-1.000,5.230,Run,NaN,NaN,-0.398,1.000
76.768,0.010,0.600,1.000,1.000,5.240,Run,NaN,NaN,1.598,1.000
76.778,0.010,0.600,-1.000,-1.000,5.230,Run,NaN,NaN,-0.398,1.000
76.788,0.010,0.600,1.000,1.000,5.240,Run,NaN,NaN,1.598,1.000
76.798,0.010,0.600,-1.000,-1.000,5.230,Run,NaN,NaN,-0.398,1.000
76.808,0.010,0.600,1.000,1.000,5.240,Run,NaN,NaN,1.598,1.000
76.818,0.010,0.600,-1.000,-1.000,5.230,Run,NaN,NaN,-0.398,1.000
76.828,0.010,0.600,1.000,1.000,5.240,Run,NaN,NaN,1.598,1.000
76.838,0.010,0.600,-1.000,-1.000,5.230,Run,NaN,NaN,-0.398,1.000
76.848,0.010,0.600,1.000,1.000,5.240,Run,NaN,NaN,1.598,1.000
76.858,0.010,0.600,-1.000,-1.000,5.230,Run,NaN,NaN,-0.398,1.000
76.868,0.010,0.600,1.000,1.000,5.240,Run,NaN,NaN,1.598,1.000
76.878,0.010,0.600,-1.000,-1.000,5.230,Run,NaN,NaN,-0.398,1.000
76.888,0.010,0.600,1.000,1.000,5.240,Run,NaN,NaN,1.598,1.000
76.898,0.010,0.600,-1.000,-1.000,5.230,Run,NaN,NaN,-0.398,1.000
76.908,0.010,0.600,1.000,1.000,5.240,Run,NaN,NaN,1.598,1.000
76.918,0.010,0.600,-1.000,-1.000,5.230,Run,NaN,NaN,-0.398,1.000
76.928,0.010,0.600,1.000,1.000,5.240,Run,NaN,NaN,1.598,1.000
76.938,0.010,0.600,-1.000,-1.000,5.230,Run,NaN,NaN,-0.398,1.000
76.948,0.010,0.600,1.000,1.000,5.240,Run,NaN,NaN,1.598,1.000
76.958,0.010,0.600,-1.000,-1.000,5.230,Run,NaN,NaN,-0.398,1.000
76.968,0.010,0.600,1.000,1.000,5.240,Run,NaN,NaN,1.598,1.000
76.978,0.010,0.600,-1.000,-1.000,5.230,Run,NaN,NaN,-0.398,1.000
76.988,0.010,0.600,1.000,1.000,5.240,Run,NaN,NaN,1.598,1.000
76.998,0.010,0.600,-1.000,-1.000,5.230,Run,NaN,NaN,-0.398,1.000
77.008,0.010,0.600,1.000,1.000,5.240,Run,NaN,NaN,1.598,1.000
77.018,0.010,0.600,-1.000,-1.000,5.230,Run,NaN,NaN,-0.398,1.000
77.028,0.010,0.600,1.000,1.000,5.240,Run,NaN,NaN,1.598,1.000
77.038,0.010,0.600,-1.000,-1.000,5.230,Run,NaN,NaN,-0.398,1.000
77.048,0.010,0.600,1.000,1.000,5.240,Run,NaN,NaN,1.598,1.000
77.058,0.010,0.600,-1.000,-1.000,5.230,Run,NaN,NaN,-0.398,1.000
77.068,0.010,0.600,1.000,1.000,5.240,Run,NaN,NaN,1.598,1.000
77.078,0.010,0.600,-1.000,-1.000,5.230,Run,NaN,NaN,-0.398,1.000
77.088,0.010,0.600,1.000,1.000,5.240,Run,NaN,NaN,1.598,1.000
77.098,0.010,0.600,-1.000,-1.000,5.230,Run,NaN,NaN,-0.398,1.000
77.108,0.010,0.600,1.000,1.000,5.240,Run,NaN,NaN,1.598,1.000
77.118,0.010,0.600,-1.000,-1.000,5.230,Run,NaN,NaN,-0.398,1.000
77.128,0.010,0.600,1.000,1.000,5.240,Run,NaN,NaN,1.598,1.000
77.138,0.010,0.600,-1.000,-1.000,5.230,Run,NaN,NaN,-0.398,1.000
77.148,0.010,0.600,1.000,1.000,5.240,Run,NaN,NaN,1.598,1.000
77.158,0.010,0.600,-1.000,-1.000,5.230,Run,NaN,NaN,-0.398,1.000
77.168,0.010,0.600,1.000,1.000,5.240,Run,NaN,NaN,1.598,1.000
77.178,0.010,0.600,-1.000,-1.000,5.230,Run,NaN,NaN,-0.398,1.000
77.188,0.010,0.600,1.000,1.000,5.240,Run,NaN,NaN,1.598,1.000
77.198,0.010,0.600,-1.000,-1.000,5.230,Run,NaN,NaN,-0.398,1.000
77.208,0.010,0.600,1.000,1.000,5.240,Run,NaN,NaN,1.598,1.000
77.218,0.010,0.600,-1.000,-1.000,5.230,Run,NaN,NaN,-0.398,1.000
77.228,0.010,0.600,1.000,1.000,5.240,Run,NaN,NaN,1.598,1.000
77.238,0.010,0.600,-1.000,-1.000,5.230,Run,NaN,NaN,-0.398,1.000
77.248,0.010,0.600,1.000,1.000,5.240,Run,NaN,NaN,1.598,1.000
77.258,0.010,0.600,-1.000,-1.000,5.230,Run,NaN,NaN,-0.398,1.000
77.268,0.010,0.600,1.000,1.000,5.240,Run,NaN,NaN,1.598,1.000
77.278,0.010,0.600,-1.000,-1.000,5.230,Run,NaN,NaN,-0.398,1.000
77.288,0.010,0.600,1.000,1.000,5.240,Run,NaN,NaN,1.598,1.000
77.298,0.010,0.600,-1.000,-1.000,5.230,Run,NaN,NaN,-0.398,1.000
77.308,0.010,0.600,1.000,1.000,5.240,Run,NaN,NaN,1.598,1.000
77.318,0.010,0.600,-1.000,-1.000,5.230,Run,NaN,NaN,-0.398,1.000
77.328,0.010,0.600,1.000,1.000,5.240,Run,NaN,NaN,1.598,1.000
77.338,0.010,0.600,-1.000,-1.000,5.230,Run,NaN,NaN,-0.398,1.000
77.348,0.010,0.600,1.000,1.000,5.240,Run,NaN,NaN,1.598,1.000
77.358,0.010,0.600,-1.000,-1.000,5.230,Run,NaN,NaN,-0.398,1.000
77.368,0.010,0.600,1.000,1.000,5.240,Run,NaN,NaN,1.598,1.000
77.378,0.010,0.600,-1.000,-1.000,5.230,Run,NaN,NaN,-0.398,1.000
77.388,0.010,0.600,1.000,1.000,5.240,Run,NaN,NaN,1.598,1.000
77.398,0.010,0.600,-1.000,-1.000,5.230,Run,NaN,NaN,-0.398,1.000
77.408,0.010,0.600,1.000,1.000,5.240,Run,NaN,NaN,1.598,1.000
77.418,0.010,0.600,-1.000,-1.000,5.230,Run,NaN,NaN,-0.398,1.000
77.428,0.010,0.600,1.000,1.000,5.240,Run,NaN,NaN,1.598,1.000
77.438,0.010,0.600,-1.000,-1.000,5.230,Run,NaN,NaN,-0.398,1.000
77.448,0.010,0.600,1.000,1.000,5.240,Run,NaN,NaN,1.598,1.000
77.458,0.010,0.600,-1.000,-1.000,5.230,Run,NaN,NaN,-0.398,1.000
77.468,0.010,0.600,1.000,1.000,5.240,Run,NaN,NaN,1.598,1.000
77.478,0.010,0.600,-1.000,-1.000,5.230,Run,NaN,NaN,-0.398,1.000
77.488,0.010,0.600,1.000,1.000,5.240,Run,NaN,NaN,1.598,1.000
77.498,0.010,0.600,-1.000,-1.000,5.230,Run,NaN,NaN,-0.398,1.000
77.508,0.010,0.600,1.000,1.000,5.240,Run,NaN,NaN,1.598,1.000
77.518,0.010,0.600,-1.000,-1.000,5.230,Run,NaN,NaN,-0.398,1.000
77.528,0.010,0.600,1.000,1.000,5.240,Run,NaN,NaN,1.598,1.000
77.538,0.010,0.600,-1.000,-1.000,5.230,Run,NaN,NaN,-0.398,1.000
77.548,0.010,0.600,1.000,1.000,5.240,Run,NaN,NaN,1.598,1.000
77.558,0.010,0.600,-1.000,-1.000,5.230,Run,NaN,NaN,-0.398,1.000
77.568,0.010,0.600,1.000,1.000,5.240,Run,NaN,NaN,1.598,1.000
77.578,0.010,0.600,-1.000,-1.000,5.230,Run,NaN,NaN,-0.398,1.000
77.588,0.010,0.600,1.000,1.000,5.240,Run,NaN,NaN,1.598,1.000
77.598,0.010,0.600,-1.000,-1.000,5.230,Run,NaN,NaN,-0.398,1.000
77.608,0.010,0.600,1.000,1.000,5.240,Run,NaN,NaN,1.598,1.000
77.618,0.010,0.600,-1.000,-1.000,5.230,Run,NaN,NaN,-0.398,1.000
77.628,0.010,0.600,1.000,1.000,5.240,Run,NaN,NaN,1.598,1.000
77.638,0.010,0.600,-1.000,-1.000,5.230,Run,NaN,NaN,-0.398,1.000
77.648,0.010,0.600,1.000,1.000,5.240,Run,NaN,NaN,1.598,1.000
77.658,0.010,0.600,-1.000,-1.000,5.230,Run,NaN,NaN,-0.398,1.000
77.668,0.010,0.600,1.000,1.000,5.240,Run,NaN,NaN,1.598,1.000
77.678,0.010,0.600,-1.000,-1.000,5.230,Run,NaN,NaN,-0.398,1.000
77.688,0.010,0.600,1.000,1.000,5.240,Run,NaN,NaN,1.598,1.000
77.698,0.010,0.600,-1.000,-1.000,5.230,Run,NaN,NaN,-0.398,1.000
77.708,0.010,0.600,1.000,1.000,5.240,Run,NaN,NaN,1.598,1.000
77.718,0.010,0.600,-1.000,-1.000,5.230,Run,NaN,NaN,-0.398,1.000
77.728,0.010,0.600,1.000,1.000,5.240,Run,NaN,NaN,1.598,1.000
77.738,0.010,0.600,-1.000,-1.000,5.230,Run,NaN,NaN,-0.398,1.000
77.748,0.010,0.600,1.000,1.000,5.240,Run,NaN,NaN,1.598,1.000
77.758,0.010,0.600,-1.000,-1.000,5.230,Run,NaN,NaN,-0.398,1.000
77.768,0.010,0.600,1.000,1.000,5.240,Run,NaN,NaN,1.598,1.000
77.778,0.010,0.600,-1.000,-1.000,5.230,Run,NaN,NaN,-0.398,1.000
77.788,0.010,0.600,1.000,1.000,5.240,Run,NaN,NaN,1.598,1.000
77.798,0.010,0.600,-1.000,-1.000,5.230,Run,NaN,NaN,-0.398,1.000
77.808,0.010,0.600,1.000,1.000,5.240,Run,NaN,NaN,1.598,1.000
77.818,0.010,0.600,-1.000,-1.000,5.230,Run,NaN,NaN,-0.398,1.000
77.828,0.010,0.600,1.000,1.000,5.240,Run,NaN,NaN,1.598,1.000
77.838,0.010,0.600,-1.000,-1.000,5.230,Run,NaN,NaN,-0.398,1.000
77.848,0.010,0.600,1.000,1.000,5.240,Run,NaN,NaN,1.598,1.000
77.858,0.010,0.600,-1.000,-1.000,5.230,Run,NaN,NaN,-0.398,1.000
77.868,0.010,0.600,1.000,1.000,5.240,Run,NaN,NaN,1.598,1.000
77.878,0.010,0.600,-1.000,-1.000,5.230,Run,NaN,NaN,-0.398,1.000
77.888,0.010,0.600,1.000,1.000,5.240,Run,NaN,NaN,1.598,1.000
77.898,0.010,0.600,-1.000,-1.000,5.230,Run,NaN,NaN,-0.398,1.000
77.908,0.010,0.600,1.000,1.000,5.240,Run,NaN,NaN,1.598,1.000
77.918,0.010,0.600,-1.000,-1.000,5.230,Run,NaN,NaN,-0.398,1.000
77.928,0.010,0.600,1.000,1.000,5.240,Run,NaN,NaN,1.598,1.000
77.938,0.010,0.600,-1.000,-1.000,5.230,Run,NaN,NaN,-0.398,1.000
77.948,0.010,0.600,1.000,1.000,5.240,Run,NaN,NaN,1.598,1.000
77.958,0.010,0.600,-1.000,-1.000,5.230,Run,NaN,NaN,-0.398,1.000
77.968,0.010,0.600,1.000,1.000,5.240,Run,NaN,NaN,1.598,1.000
77.978,0.010,0.600,-1.000,-1.000,5.230,Run,NaN,NaN,-0.398,1.000
77.988,0.010,0.600,1.000,1.000,5.240,Run,NaN,NaN,1.598,1.000
77.998,0.010,0.600,-1.000,-1.000,5.230,Run,NaN,NaN,-0.398,1.000
78.008,0.010,0.600,1.000,1.000,5.240,Run,NaN,NaN,1.598,1.000
78.018,0.010,0.600,-1.000,-1.000,5.230,Run,NaN,NaN,-0.398,1.000
78.028,0.010,0.600,1.000,1.000,5.240,Run,NaN,NaN,1.598,1.000
78.038,0.010,0.600,-1.000,-1.000,5.230,Run,NaN,NaN,-0.398,1.000
78.048,0.010,0.600,1.000,1.000,5.240,Run,NaN,NaN,1.598,1.000
78.058,0.010,0.600,-1.000,-1.000,5.230,Run,NaN,NaN,-0.398,1.000
78.068,0.010,0.600,1.000,1.000,5.240,Run,NaN,NaN,1.598,1.000
78.078,0.010,0.600,-1.000,-1.000,5.230,Run,NaN,NaN,-0.398,1.000
78.088,0.010,0.600,1.000,1.000,5.240,Run,NaN,NaN,1.598,1.000
78.098,0.010,0.600,-1.000,-1.000,5.230,Run,NaN,NaN,-0.398,1.000
78.108,0.010,0.600,1.000,1.000,5.240,Run,NaN,NaN,1.598,1.000
78.118,0.010,0.600,-1.000,-1.000,5.230,Run,NaN,NaN,-0.398,1.000
78.128,0.010,0.600,1.000,1.000,5.240,Run,NaN,NaN,1.598,1.000
78.138,0.010,0.600,-1.000,-1.000,5.230,Run,NaN,NaN,-0.398,1.000
78.148,0.010,0.600,1.000,1.000,5.240,Run,NaN,NaN,1.598,1.000
78.158,0.010,0.600,-1.000,-1.000,5.230,Run,NaN,NaN,-0.398,1.000
78.168,0.010,0.600,1.000,1.000,5.240,Run,NaN,NaN,1.598,1.000
78.178,0.010,0.600,-1.000,-1.000,5.230,Run,NaN,NaN,-0.398,1.000
78.188,0.010,0.600,1.000,1.000,5.240,Run,NaN,NaN,1.598,1.000
78.198,0.010,0.600,-1.000,-1.000,5.230,Run,NaN,NaN,-0.398,1.000
78.208,0.010,0.600,1.000,1.000,5.240,Run,NaN,NaN,1.598,1.000
78.218,0.010,0.600,-1.000,-1.000,5.230,Run,NaN,NaN,-0.398,1.000
78.228,0.010,0.600,1.000,1.000,5.240,Run,NaN,NaN,1.598,1.000
78.238,0.010,0.600,-1.000,-1.000,5.230,Run,NaN,NaN,-0.398,1.000
78.248,0.010,0.600,1.000,1.000,5.240,Run,NaN,NaN,1.598,1.000
78.258,0.010,0.600,-1.000,-1.000,5.230,Run,NaN,NaN,-0.398,1.000
78.268,0.010,0.600,1.000,1.000,5.240,Run,NaN,NaN,1.598,1.000
78.278,0.010,0.600,-1.000,-1.000,5.230,Run,NaN,NaN,-0.398,1.000
78.288,0.010,0.600,1.000,1.000,5.240,Run,NaN,NaN,1.598,1.000
78.298,0.010,0.600,-1.000,-1.000,5.230,Run,NaN,NaN,-0.398,1.000
78.308,0.010,0.600,1.000,1.000,5.240,Run,NaN,NaN,1.598,1.000
78.318,0.010,0.600,-1.000,-1.000,5.230,Run,NaN,NaN,-0.398,1.000
78.328,0.010,0.600,1.000,1.000,5.240,Run,NaN,NaN,1.598,1.000
78.338,0.010,0.600,-1.000,-1.000,5.230,Run,NaN,NaN,-0.398,1.000
78.348,0.010,0.600,1.000,1.000,5.240,Run,NaN,NaN,1.598,1.000
78.358,0.010,0.600,-1.000,-1.000,5.230,Run,NaN,NaN,-0.398,1.000
78.368,0.010,0.600,1.000,1.000,5.240,Run,NaN,NaN,1.598,1.000
78.378,0.010,0.600,-1.000,-1.000,5.230,Run,NaN,NaN,-0.398,1.000
78.388,0.010,0.600,1.000,1.000,5.240,Run,NaN,NaN,1.598,1.000
78.398,0.010,0.600,-1.000,-1.000,5.230,Run,NaN,NaN,-0.398,1.000
78.408,0.010,0.600,1.000,1.000,5.240,Run,NaN,NaN,1.598,1.000
78.418,0.010,0.600,-1.000,-1.000,5.230,Run,NaN,NaN,-0.398,1.000
78.428,0.010,0.600,1.000,1.000,5.240,Run,NaN,NaN,1.598,1.000
78.438,0.010,0.600,-1.000,-1.000,5.230,Run,NaN,NaN,-0.398,1.000
78.448,0.010,0.600,1.000,1.000,5.240,Run,NaN,NaN,1.598,1.000
78.458,0.010,0.600,-1.000,-1.000,5.230,Run,NaN,NaN,-0.398,1.000
78.468,0.010,0.600,1.000,1.000,5.240,Run,NaN,NaN,1.598,1.000
78.478,0.010,0.600,-1.000,-1.000,5.230,Run,NaN,NaN,-0.398,1.000
78.488,0.010,0.600,1.000,1.000,5.240,Run,NaN,NaN,1.598,1.000
78.498,0.010,0.600,-1.000,-1.000,5.230,Run,NaN,NaN,-0.398,1.000
78.508,0.010,0.600,1.000,1.000,5.240,Run,NaN,NaN,1.598,1.000
78.518,0.010,0.600,-1.000,-1.000,5.230,Run,NaN,NaN,-0.398,1.000
78.528,0.010,0.600,1.000,1.000,5.240,Run,NaN,NaN,1.598,1.000
78.538,0.010,0.600,-1.000,-1.000,5.230,Run,NaN,NaN,-0.398,1.000
78.548,0.010,0.600,1.000,1.000,5.240,Run,NaN,NaN,1.598,1.000
78.558,0.010,0.600,-1.000,-1.000,5.230,Run,NaN,NaN,-0.398,1.000
78.568,0.010,0.600,1.000,1.000,5.240,Run,NaN,NaN,1.598,1.000
78.578,0.010,0.600,-1.000,-1.000,5.230,Run,NaN,NaN,-0.398,1.000
78.588,0.010,0.600,1.000,1.000,5.240,Run,NaN,NaN,1.598,1.000
78.598,0.010,0.600,-1.000,-1.000,5.230,Run,NaN,NaN,-0.398,1.000
78.608,0.010,0.600,1.000,1.000,5.240,Run,NaN,NaN,1.598,1.000
78.618,0.010,0.600,-1.000,-1.000,5.230,Run,NaN,NaN,-0.398,1.000
78.628,0.010,0.600,1.000,1.000,5.240,Run,NaN,NaN,1.598,1.000
78.638,0.010,0.600,-1.000,-1.000,5.230,Run,NaN,NaN,-0.398,1.000
78.648,0.010,0.600,1.000,1.000,5.240,Run,NaN,NaN,1.598,1.000
78.658,0.010,0.600,-1.000,-1.000,5.230,Run,NaN,NaN,-0.398,1.000
78.668,0.010,0.600,1.000,1.000,5.240,Run,NaN,NaN,1.598,1.000
78.678,0.010,0.600,-1.000,-1.000,5.230,Run,NaN,NaN,-0.398,1.000
78.688,0.010,0.600,1.000,1.000,5.240,Run,NaN,NaN,1.598,1.000
78.698,0.010,0.600,-1.000,-1.000,5.230,Run,NaN,NaN,-0.398,1.000
78.708,0.010,0.600,1.000,1.000,5.240,Run,NaN,NaN,1.598,1.000
78.718,0.010,0.600,-1.000,-1.000,5.230,Run,NaN,NaN,-0.398,1.000
78.728,0.010,0.600,1.000,1.000,5.240,Run,NaN,NaN,1.598,1.000
78.738,0.010,0.600,-1.000,-1.000,5.230,Run,NaN,NaN,-0.398,1.000
78.748,0.010,0.600,1.000,1.000,5.240,Run,NaN,NaN,1.598,1.000
78.758,0.010,0.600,-1.000,-1.000,5.230,Run,NaN,NaN,-0.398,1.000
78.768,0.010,0.600,1.000,1.000,5.240,Run,NaN,NaN,1.598,1.000
78.778,0.010,0.600,-1.000,-1.000,5.230,Run,NaN,NaN,-0.398,1.000
78.788,0.010,0.600,1.000,1.000,5.240,Run,NaN,NaN,1.598,1.000
78.798,0.010,0.600,-1.000,-1.000,5.230,Run,NaN,NaN,-0.398,1.000
78.808,0.010,0.600,1.000,1.000,5.240,Run,NaN,NaN,1.598,1.000
78.818,0.010,0.600,-1.000,-1.000,5.230,Run,NaN,NaN,-0.398,1.000
78.828,0.010,0.600,1.000,1.000,5.240,Run,NaN,NaN,1.598,1.000
78.838,0.010,0.600,-1.000,-1.000,5.230,Run,NaN,NaN,-0.398,1.000
78.848,0.010,0.600,1.000,1.000,5.240,Run,NaN,NaN,1.598,1.000
78.858,0.010,0.600,-1.000,-1.000,5.230,Run,NaN,NaN,-0.398,1.000
78.868,0.010,0.600,1.000,1.000,5.240,Run,NaN,NaN,1.598,1.000
78.878,0.010,0.600,-1.000,-1.000,5.230,Run,NaN,NaN,-0.398,1.000
78.888,0.010,0.600,1.000,1.000,5.240,Run,NaN,NaN,1.598,1.000
78.898,0.010,0.600,-1.000,-1.000,5.230,Run,NaN,NaN,-0.398,1.000
78.908,0.010,0.600,1.000,1.000,5.240,Run,NaN,NaN,1.598,1.000
78.918,0.010,0.600,-1.000,-1.000,5.230,Run,NaN,NaN,-0.398,1.000
78.928,0.010,0.600,1.000,1.000,5.240,Run,NaN,NaN,1.598,1.000
78.938,0.010,0.600,-1.000,-1.000,5.230,Run,NaN,NaN,-0.398,1.000
78.948,0.010,0.600,1.000,1.000,5.240,Run,NaN,NaN,1.598,1.000
78.958,0.010,0.600,-1.000,-1.000,5.230,Run,NaN,NaN,-0.398,1.000
78.968,0.010,0.600,1.000,1.000,5.240,Run,NaN,NaN,1.598,1.000
78.978,0.010,0.600,-1.000,-1.000,5.230,Run,NaN,NaN,-0.398,1.000
78.988,0.010,0.600,1.000,1.000,5.240,Run,NaN,NaN,1.598,1.000
78.998,0.010,0.600,-1.000,-1.000,5.230,Run,NaN,NaN,-0.398,1.000
79.008,0.010,0.600,1.000,1.000,5.240,Run,NaN,NaN,1.598,1.000
79.018,0.010,0.600,-1.000,-1.000,5.230,Run,NaN,NaN,-0.398,1.000
79.028,0.010,0.600,1.000,1.000,5.240,Run,NaN,NaN,1.598,1.000
79.038,0.010,0.600,-1.000,-1.000,5.230,Run,NaN,NaN,-0.398,1.000
79.048,0.010,0.600,1.000,1.000,5.240,Run,NaN,NaN,1.598,1.000
79.058,0.010,0.600,-1.000,-1.000,5.230,Run,NaN,NaN,-0.398,1.000
79.068,0.010,0.600,1.000,1.000,5.240,Run,NaN,NaN,1.598,1.000
79.078,0.010,0.600,-1.000,-1.000,5.230,Run,NaN,NaN,-0.398,1.000
79.088,0.010,0.600,1.000,1.000,5.240,Run,NaN,NaN,1.598,1.000
79.098,0.010,0.600,-1.000,-1.000,5.230,Run,NaN,NaN,-0.398,1.000
79.108,0.010,0.600,1.000,1.000,5.240,Run,NaN,NaN,1.598,1.000
79.118,0.010,0.600,-1.000,-1.000,5.230,Run,NaN,NaN,-0.398,1.000
79.128,0.010,0.600,1.000,1.000,5.240,Run,NaN,NaN,1.598,1.000
79.138,0.010,0.600,-1.000,-1.000,5.230,Run,NaN,NaN,-0.398,1.000
79.148,0.010,0.600,1.000,1.000,5.240,Run,NaN,NaN,1.598,1.000
79.159,0.010,0.600,-1.000,-1.000,5.230,Run,NaN,NaN,-0.398,1.000
79.169,0.010,0.600,1.000,1.000,5.240,Run,NaN,NaN,1.598,1.000
79.179,0.010,0.600,-1.000,-1.000,5.230,Run,NaN,NaN,-0.398,1.000
79.189,0.010,0.600,1.000,1.000,5.240,Run,NaN,NaN,1.598,1.000
79.199,0.010,0.600,-1.000,-1.000,5.230,Run,NaN,NaN,-0.398,1.000
79.209,0.010,0.600,1.000,1.000,5.240,Run,NaN,NaN,1.598,1.000
79.219,0.010,0.600,-1.000,-1.000,5.230,Run,NaN,NaN,-0.398,1.000
79.229,0.010,0.600,1.000,1.000,5.240,Run,NaN,NaN,1.598,1.000
79.239,0.010,0.600,-1.000,-1.000,5.230,Run,NaN,NaN,-0.398,1.000
79.249,0.010,0.600,1.000,1.000,5.240,Run,NaN,NaN,1.598,1.000
79.259,0.010,0.600,-1.000,-1.000,5.230,Run,NaN,NaN,-0.398,1.000
79.269,0.010,0.600,1.000,1.000,5.240,Run,NaN,NaN,1.598,1.000
79.279,0.010,0.600,-1.000,-1.000,5.230,Run,NaN,NaN,-0.398,1.000
79.289,0.010,0.600,1.000,1.000,5.240,Run,NaN,NaN,1.598,1.000
79.299,0.010,0.600,-1.000,-1.000,5.230,Run,NaN,NaN,-0.398,1.000
79.309,0.010,0.600,1.000,1.000,5.240,Run,NaN,NaN,1.598,1.000
79.319,0.010,0.600,-1.000,-1.000,5.230,Run,NaN,NaN,-0.398,1.000
79.329,0.010,0.600,1.000,1.000,5.240,Run,NaN,NaN,1.598,1.000
79.339,0.010,0.600,-1.000,-1.000,5.230,Run,NaN,NaN,-0.398,1.000
79.349,0.010,0.600,1.000,1.000,5.240,Run,NaN,NaN,1.598,1.000
79.359,0.010,0.600,-1.000,-1.000,5.230,Run,NaN,NaN,-0.398,1.000
79.369,0.010,0.600,1.000,1.000,5.240,Run,NaN,NaN,1.598,1.000
79.379,0.010,0.600,-1.000,-1.000,5.230,Run,NaN,NaN,-0.398,1.000
79.389,0.010,0.600,1.000,1.000,5.240,Run,NaN,NaN,1.598,1.000
79.399,0.010,0.600,-1.000,-1.000,5.230,Run,NaN,NaN,-0.398,1.000
79.409,0.010,0.600,1.000,1.000,5.240,Run,NaN,NaN,1.598,1.000
79.419,0.010,0.600,-1.000,-1.000,5.230,Run,NaN,NaN,-0.398,1.000
79.429,0.010,0.600,1.000,1.000,5.240,Run,NaN,NaN,1.598,1.000
79.439,0.010,0.600,-1.000,-1.000,5.230,Run,NaN,NaN,-0.398,1.000
79.449,0.010,0.600,1.000,1.000,5.240,Run,NaN,NaN,1.598,1.000
79.459,0.010,0.600,-1.000,-1.000,5.230,Run,NaN,NaN,-0.398,1.000
79.469,0.010,0.600,1.000,1.000,5.240,Run,NaN,NaN,1.598,1.000
79.479,0.010,0.600,-1.000,-1.000,5.230,Run,NaN,NaN,-0.398,1.000
79.489,0.010,0.600,1.000,1.000,5.240,Run,NaN,NaN,1.598,1.000
79.499,0.010,0.600,-1.000,-1.000,5.230,Run,NaN,NaN,-0.398,1.000
79.509,0.010,0.600,1.000,1.000,5.240,Run,NaN,NaN,1.598,1.000
79.519,0.010,0.600,-1.000,-1.000,5.230,Run,NaN,NaN,-0.398,1.000
79.529,0.010,0.600,1.000,1.000,5.240,Run,NaN,NaN,1.598,1.000
79.539,0.010,0.600,-1.000,-1.000,5.230,Run,NaN,NaN,-0.398,1.000
79.549,0.010,0.600,1.000,1.000,5.240,Run,NaN,NaN,1.598,1.000
79.559,0.010,0.600,-1.000,-1.000,5.230,Run,NaN,NaN,-0.398,1.000
79.569,0.010,0.600,1.000,1.000,5.240,Run,NaN,NaN,1.598,1.000
79.579,0.010,0.600,-1.000,-1.000,5.230,Run,NaN,NaN,-0.398,1.000
79.589,0.010,0.600,1.000,1.000,5.240,Run,NaN,NaN,1.598,1.000
79.599,0.010,0.600,-1.000,-1.000,5.230,Run,NaN,NaN,-0.398,1.000
79.609,0.010,0.600,1.000,1.000,5.240,Run,NaN,NaN,1.598,1.000
79.619,0.010,0.600,-1.000,-1.000,5.230,Run,NaN,NaN,-0.398,1.000
79.629,0.010,0.600,1.000,1.000,5.240,Run,NaN,NaN,1.598,1.000
79.639,0.010,0.600,-1.000,-1.000,5.230,Run,NaN,NaN,-0.398,1.000
79.649,0.010,0.600,1.000,1.000,5.240,Run,NaN,NaN,1.598,1.000
79.659,0.010,0.600,-1.000,-1.000,5.230,Run,NaN,NaN,-0.398,1.000
79.669,0.010,0.600,1.000,1.000,5.240,Run,NaN,NaN,1.598,1.000
79.679,0.010,0.600,-1.000,-1.000,5.230,Run,NaN,NaN,-0.398,1.000
79.689,0.010,0.600,1.000,1.000,5.240,Run,NaN,NaN,1.598,1.000
79.699,0.010,0.600,-1.000,-1.000,5.230,Run,NaN,NaN,-0.398,1.000
79.709,0.010,0.600,1.000,1.000,5.240,Run,NaN,NaN,1.598,1.000
79.719,0.010,0.600,-1.000,-1.000,5.230,Run,NaN,NaN,-0.398,1.000
79.729,0.010,0.600,1.000,1.000,5.240,Run,NaN,NaN,1.598,1.000
79.739,0.010,0.600,-1.000,-1.000,5.230,Run,NaN,NaN,-0.398,1.000
79.749,0.010,0.600,1.000,1.000,5.240,Run,NaN,NaN,1.598,1.000
79.759,0.010,0.600,-1.000,-1.000,5.230,Run,NaN,NaN,-0.398,1.000
79.769,0.010,0.600,1.000,1.000,5.240,Run,NaN,NaN,1.598,1.000
79.779,0.010,0.600,-1.000,-1.000,5.230,Run,NaN,NaN,-0.398,1.000
79.789,0.010,0.600,1.000,1.000,5.240,Run,NaN,NaN,1.598,1.000
79.799,0.010,0.600,-1.000,-1.000,5.230,Run,NaN,NaN,-0.398,1.000
79.809,0.010,0.600,1.000,1.000,5.240,Run,NaN,NaN,1.598,1.000
79.819,0.010,0.600,-1.000,-1.000,5.230,Run,NaN,NaN,-0.398,1.000
79.829,0.010,0.600,1.000,1.000,5.240,Run,NaN,NaN,1.598,1.000
79.839,0.010,0.600,-1.000,-1.000,5.230,Run,NaN,NaN,-0.398,1.000
79.849,0.010,0.600,1.000,1.000,5.240,Run,NaN,NaN,1.598,1.000
79.859,0.010,0.600,-1.000,-1.000,5.230,Run,NaN,NaN,-0.398,1.000
79.869,0.010,0.600,1.000,1.000,5.240,Run,NaN,NaN,1.598,1.000
79.879,0.010,0.600,-1.000,-1.000,5.230,Run,NaN,NaN,-0.398,1.000
79.889,0.010,0.600,1.000,1.000,5.240,Run,NaN,NaN,1.598,1.000
79.899,0.010,0.600,-1.000,-1.000,5.230,Run,NaN,NaN,-0.398,1.000
79.909,0.010,0.600,1.000,1.000,5.240,Run,NaN,NaN,1.598,1.000
79.919,0.010,0.600,-1.000,-1.000,5.230,Run,NaN,NaN,-0.398,1.000
79.929,0.010,0.600,1.000,1.000,5.240,Run,NaN,NaN,1.598,1.000
79.939,0.010,0.600,-1.000,-1.000,5.230,Run,NaN,NaN,-0.398,1.000
79.949,0.010,0.600,1.000,1.000,5.240,Run,NaN,NaN,1.598,1.000
79.959,0.010,0.600,-1.000,-1.000,5.230,Run,NaN,NaN,-0.398,1.000
79.969,0.010,0.600,1.000,1.000,5.240,Run,NaN,NaN,1.598,1.000
79.979,0.010,0.600,-1.000,-1.000,5.230,Run,NaN,NaN,-0.398,1.000
79.989,0.010,0.600,1.000,1.000,5.240,Run,NaN,NaN,1.598,1.000
79.999,0.010,0.600,-1.000,-1.000,5.230,Run,NaN,NaN,-0.398,1.000
80.009,0.010,0.600,1.000,1.000,5.240,Run,NaN,NaN,1.598,1.000
80.019,0.010,0.600,-1.000,-1.000,5.230,Run,NaN,NaN,-0.398,1.000
80.029,0.010,0.600,1.000,1.000,5.240,Run,NaN,NaN,1.598,1.000
80.039,0.010,0.600,-1.000,-1.000,5.230,Run,NaN,NaN,-0.398,1.000
80.049,0.010,0.600,1.000,1.000,5.240,Run,NaN,NaN,1.598,1.000
80.059,0.010,0.600,-1.000,-1.000,5.230,Run,NaN,NaN,-0.398,1.000
80.069,0.010,0.600,1.000,1.000,5.240,Run,NaN,NaN,1.598,1.000
80.079,0.010,0.600,-1.000,-1.000,5.230,Run,NaN,NaN,-0.398,1.000
80.089,0.010,0.600,1.000,1.000,5.240,Run,NaN,NaN,1.598,1.000
80.099,0.010,0.600,-1.000,-1.000,5.230,Run,NaN,NaN,-0.398,1.000
80.109,0.010,0.600,1.000,1.000,5.240,Run,NaN,NaN,1.598,1.000
80.119,0.010,0.600,-1.000,-1.000,5.230,Run,NaN,NaN,-0.398,1.000
80.129,0.010,0.600,1.000,1.000,5.240,Run,NaN,NaN,1.598,1.000
80.139,0.010,0.600,-1.000,-1.000,5.230,Run,NaN,NaN,-0.398,1.000
80.149,0.010,0.600,1.000,1.000,5.240,Run,NaN,NaN,1.598,1.000
80.159,0.010,0.600,-1.000,-1.000,5.230,Run,NaN,NaN,-0.398,1.000
80.169,0.010,0.600,1.000,1.000,5.240,Run,NaN,NaN,1.598,1.000
80.179,0.010,0.600,-1.000,-1.000,5.230,Run,NaN,NaN,-0.398,1.000
80.189,0.010,0.600,1.000,1.000,5.240,Run,NaN,NaN,1.598,1.000
80.199,0.010,0.600,-1.000,-1.000,5.230,Run,NaN,NaN,-0.398,1.000
80.209,0.010,0.600,1.000,1.000,5.240,Run,NaN,NaN,1.598,1.000
80.219,0.010,0.600,-1.000,-1.000,5.230,Run,NaN,NaN,-0.398,1.000
80.229,0.010,0.600,1.000,1.000,5.240,Run,NaN,NaN,1.598,1.000
80.239,0.010,0.600,-1.000,-1.000,5.230,Run,NaN,NaN,-0.398,1.000
80.249,0.010,0.600,1.000,1.000,5.240,Run,NaN,NaN,1.598,1.000
80.259,0.010,0.600,-1.000,-1.000,5.230,Run,NaN,NaN,-0.398,1.000
80.269,0.010,0.600,1.000,1.000,5.240,Run,NaN,NaN,1.598,1.000
80.279,0.010,0.600,-1.000,-1.000,5.230,Run,NaN,NaN,-0.398,1.000
80.289,0.010,0.600,1.000,1.000,5.240,Run,NaN,NaN,1.598,1.000
80.299,0.010,0.600,-1.000,-1.000,5.230,Run,NaN,NaN,-0.398,1.000
80.309,0.010,0.600,1.000,1.000,5.240,Run,NaN,NaN,1.598,1.000
80.319,0.010,0.600,-1.000,-1.000,5.230,Run,NaN,NaN,-0.398,1.000
80.329,0.010,0.600,1.000,1.000,5.240,Run,NaN,NaN,1.598,1.000
80.339,0.010,0.600,-1.000,-1.000,5.230,Run,NaN,NaN,-0.398,1.000
80.349,0.010,0.600,1.000,1.000,5.240,Run,NaN,NaN,1.598,1.000
80.359,0.010,0.600,-1.000,-1.000,5.230,Run,NaN,NaN,-0.398,1.000
80.369,0.010,0.600,1.000,1.000,5.240,Run,NaN,NaN,1.598,1.000
80.379,0.010,0.600,-1.000,-1.000,5.230,Run,NaN,NaN,-0.398,1.000
80.389,0.010,0.600,1.000,1.000,5.240,Run,NaN,NaN,1.598,1.000
80.399,0.010,0.600,-1.000,-1.000,5.230,Run,NaN,NaN,-0.398,1.000
80.409,0.010,0.600,1.000,1.000,5.240,Run,NaN,NaN,1.598,1.000
80.419,0.010,0.600,-1.000,-1.000,5.230,Run,NaN,NaN,-0.398,1.000
80.429,0.010,0.600,1.000,1.000,5.240,Run,NaN,NaN,1.598,1.000
80.439,0.010,0.600,-1.000,-1.000,5.230,Run,NaN,NaN,-0.398,1.000
80.449,0.010,0.600,1.000,1.000,5.240,Run,NaN,NaN,1.598,1.000
80.459,0.010,0.600,-1.000,-1.000,5.230,Run,NaN,NaN,-0.398,1.000
80.469,0.010,0.600,1.000,1.000,5.240,Run,NaN,NaN,1.598,1.000
80.479,0.010,0.600,-1.000,-1.000,5.230,Run,NaN,NaN,-0.398,1.000
80.489,0.010,0.600,1.000,1.000,5.240,Run,NaN,NaN,1.598,1.000
80.499,0.010,0.600,-1.000,-1.000,5.230,Run,NaN,NaN,-0.398,1.000
80.509,0.010,0.600,1.000,1.000,5.240,Run,NaN,NaN,1.598,1.000
80.519,0.010,0.600,-1.000,-1.000,5.230,Run,NaN,NaN,-0.398,1.000
80.529,0.010,0.600,1.000,1.000,5.240,Run,NaN,NaN,1.598,1.000
80.539,0.010,0.600,-1.000,-1.000,5.230,Run,NaN,NaN,-0.398,1.000
80.549,0.010,0.600,1.000,1.000,5.240,Run,NaN,NaN,1.598,1.000
80.559,0.010,0.600,-1.000,-1.000,5.230,Run,NaN,NaN,-0.398,1.000
80.569,0.010,0.600,1.000,1.000,5.240,Run,NaN,NaN,1.598,1.000
80.579,0.010,0.600,-1.000,-1.000,5.230,Run,NaN,NaN,-0.398,1.000
80.589,0.010,0.600,1.000,1.000,5.240,Run,NaN,NaN,1.598,1.000
80.599,0.010,0.600,-1.000,-1.000,5.230,Run,NaN,NaN,-0.398,1.000
80.609,0.010,0.600,1.000,1.000,5.240,Run,NaN,NaN,1.598,1.000
80.619,0.010,0.600,-1.000,-1.000,5.230,Run,NaN,NaN,-0.398,1.000
80.629,0.010,0.600,1.000,1.000,5.240,Run,NaN,NaN,1.598,1.000
80.639,0.010,0.600,-1.000,-1.000,5.230,Run,NaN,NaN,-0.398,1.000
80.649,0.010,0.600,1.000,1.000,5.240,Run,NaN,NaN,1.598,1.000
80.659,0.010,0.600,-1.000,-1.000,5.230,Run,NaN,NaN,-0.398,1.000
80.669,0.010,0.600,1.000,1.000,5.240,Run,NaN,NaN,1.598,1.000
80.679,0.010,0.600,-1.000,-1.000,5.230,Run,NaN,NaN,-0.398,1.000
80.689,0.010,0.600,1.000,1.000,5.240,Run,NaN,NaN,1.598,1.000
80.699,0.010,0.600,-1.000,-1.000,5.230,Run,NaN,NaN,-0.398,1.000
80.709,0.010,0.600,1.000,1.000,5.240,Run,NaN,NaN,1.598,1.000
80.719,0.010,0.600,-1.000,-1.000,5.230,Run,NaN,NaN,-0.398,1.000
80.729,0.010,0.600,1.000,1.000,5.240,Run,NaN,NaN,1.598,1.000
80.739,0.010,0.600,-1.000,-1.000,5.230,Run,NaN,NaN,-0.398,1.000
80.749,0.010,0.600,1.000,1.000,5.240,Run,NaN,NaN,1.598,1.000
80.759,0.010,0.600,-1.000,-1.000,5.230,Run,NaN,NaN,-0.398,1.000
80.769,0.010,0.600,1.000,1.000,5.240,Run,NaN,NaN,1.598,1.000
80.779,0.010,0.600,-1.000,-1.000,5.230,Run,NaN,NaN,-0.398,1.000
80.789,0.010,0.600,1.000,1.000,5.240,Run,NaN,NaN,1.598,1.000
80.799,0.010,0.600,-1.000,-1.000,5.230,Run,NaN,NaN,-0.398,1.000
80.809,0.010,0.600,1.000,1.000,5.240,Run,NaN,NaN,1.598,1.000
80.819,0.010,0.600,-1.000,-1.000,5.230,Run,NaN,NaN,-0.398,1.000
80.829,0.010,0.600,1.000,1.000,5.240,Run,NaN,NaN,1.598,1.000
80.839,0.010,0.600,-1.000,-1.000,5.230,Run,NaN,NaN,-0.398,1.000
80.849,0.010,0.600,1.000,1.000,5.240,Run,NaN,NaN,1.598,1.000
80.859,0.010,0.600,-1.000,-1.000,5.230,Run,NaN,NaN,-0.398,1.000
80.869,0.010,0.600,1.000,1.000,5.240,Run,NaN,NaN,1.598,1.000
80.879,0.010,0.600,-1.000,-1.000,5.230,Run,NaN,NaN,-0.398,1.000
80.889,0.010,0.600,1.000,1.000,5.240,Run,NaN,NaN,1.598,1.000
80.899,0.010,0.600,-1.000,-1.000,5.230,Run,NaN,NaN,-0.398,1.000
80.909,0.010,0.600,1.000,1.000,5.240,Run,NaN,NaN,1.598,1.000
80.919,0.010,0.600,-1.000,-1.000,5.230,Run,NaN,NaN,-0.398,1.000
80.929,0.010,0.600,1.000,1.000,5.240,Run,NaN,NaN,1.598,1.000
80.939,0.010,0.600,-1.000,-1.000,5.230,Run,NaN,NaN,-0.398,1.000
80.949,0.010,0.600,1.000,1.000,5.240,Run,NaN,NaN,1.598,1.000
80.959,0.010,0.600,-1.000,-1.000,5.230,Run,NaN,NaN,-0.398,1.000
80.969,0.010,0.600,1.000,1.000,5.240,Run,NaN,NaN,1.598,1.000
80.979,0.010,0.600,-1.000,-1.000,5.230,Run,NaN,NaN,-0.398,1.000
80.989,0.010,0.600,1.000,1.000,5.240,Run,NaN,NaN,1.598,1.000
80.999,0.010,0.600,-1.000,-1.000,5.230,Run,NaN,NaN,-0.398,1.000
81.009,0.010,0.600,1.000,1.000,5.240,Run,NaN,NaN,1.598,1.000
81.019,0.010,0.600,-1.000,-1.000,5.230,Run,NaN,NaN,-0.398,1.000
81.029,0.010,0.600,1.000,1.000,5.240,Run,NaN,NaN,1.598,1.000
81.039,0.010,0.600,-1.000,-1.000,5.230,Run,NaN,NaN,-0.398,1.000
81.049,0.010,0.600,1.000,1.000,5.240,Run,NaN,NaN,1.598,1.000
81.059,0.010,0.600,-1.000,-1.000,5.230,Run,NaN,NaN,-0.398,1.000
81.069,0.010,0.600,1.000,1.000,5.240,Run,NaN,NaN,1.598,1.000
81.079,0.010,0.600,-1.000,-1.000,5.230,Run,NaN,NaN,-0.398,1.000
81.089,0.010,0.600,1.000,1.000,5.240,Run,NaN,NaN,1.598,1.000
81.099,0.010,0.600,-1.000,-1.000,5.230,Run,NaN,NaN,-0.398,1.000
81.109,0.010,0.600,1.000,1.000,5.240,Run,NaN,NaN,1.598,1.000
81.119,0.010,0.600,-1.000,-1.000,5.230,Run,NaN,NaN,-0.398,1.000
81.129,0.010,0.600,1.000,1.000,5.240,Run,NaN,NaN,1.598,1.000
81.139,0.010,0.600,-1.000,-1.000,5.230,Run,NaN,NaN,-0.398,1.000
81.149,0.010,0.600,1.000,1.000,5.240,Run,NaN,NaN,1.598,1.000
81.159,0.010,0.600,-1.000,-1.000,5.230,Run,NaN,NaN,-0.398,1.000
81.169,0.010,0.600,1.000,1.000,5.240,Run,NaN,NaN,1.598,1.000
81.179,0.010,0.600,-1.000,-1.000,5.230,Run,NaN,NaN,-0.398,1.000
81.189,0.010,0.600,1.000,1.000,5.240,Run,NaN,NaN,1.598,1.000
81.199,0.010,0.600,-1.000,-1.000,5.230,Run,NaN,NaN,-0.398,1.000
81.209,0.010,0.600,1.000,1.000,5.240,Run,NaN,NaN,1.598,1.000
81.219,0.010,0.600,-1.000,-1.000,5.230,Run,NaN,NaN,-0.398,1.000
81.229,0.010,0.600,1.000,1.000,5.240,Run,NaN,NaN,1.598,1.000
81.239,0.010,0.600,-1.000,-1.000,5.230,Run,NaN,NaN,-0.398,1.000
81.249,0.010,0.600,1.000,1.000,5.240,Run,NaN,NaN,1.598,1.000
81.259,0.010,0.600,-1.000,-1.000,5.230,Run,NaN,NaN,-0.398,1.000
81.269,0.010,0.600,1.000,1.000,5.240,Run,NaN,NaN,1.598,1.000
81.279,0.010,0.600,-1.000,-1.000,5.230,Run,NaN,NaN,-0.398,1.000
81.289,0.010,0.600,1.000,1.000,5.240,Run,NaN,NaN,1.598,1.000
81.299,0.010,0.600,-1.000,-1.000,5.230,Run,NaN,NaN,-0.398,1.000
81.309,0.010,0.600,1.000,1.000,5.240,Run,NaN,NaN,1.598,1.000
81.319,0.010,0.600,-1.000,-1.000,5.230,Run,NaN,NaN,-0.398,1.000
81.329,0.010,0.600,1.000,1.000,5.240,Run,NaN,NaN,1.598,1.000
81.339,0.010,0.600,-1.000,-1.000,5.230,Run,NaN,NaN,-0.398,1.000
81.349,0.010,0.600,1.000,1.000,5.240,Run,NaN,NaN,1.598,1.000
81.359,0.010,0.600,-1.000,-1.000,5.230,Run,NaN,NaN,-0.398,1.000
81.369,0.010,0.600,1.000,1.000,5.240,Run,NaN,NaN,1.598,1.000
81.379,0.010,0.600,-1.000,-1.000,5.230,Run,NaN,NaN,-0.398,1.000
81.389,0.010,0.600,1.000,1.000,5.240,Run,NaN,NaN,1.598,1.000
81.399,0.010,0.600,-1.000,-1.000,5.230,Run,NaN,NaN,-0.398,1.000
81.409,0.010,0.600,1.000,1.000,5.240,Run,NaN,NaN,1.598,1.000
81.419,0.010,0.600,-1.000,-1.000,5.230,Run,NaN,NaN,-0.398,1.000
81.429,0.010,0.600,1.000,1.000,5.240,Run,NaN,NaN,1.598,1.000
81.439,0.010,0.600,-1.000,-1.000,5.230,Run,NaN,NaN,-0.398,1.000
81.449,0.010,0.600,1.000,1.000,5.240,Run,NaN,NaN,1.598,1.000
81.459,0.010,0.600,-1.000,-1.000,5.230,Run,NaN,NaN,-0.398,1.000
81.469,0.010,0.600,1.000,1.000,5.240,Run,NaN,NaN,1.598,1.000
81.479,0.010,0.600,-1.000,-1.000,5.230,Run,NaN,NaN,-0.398,1.000
81.489,0.010,0.600,1.000,1.000,5.240,Run,NaN,NaN,1.598,1.000
81.499,0.010,0.600,-1.000,-1.000,5.230,Run,NaN,NaN,-0.398,1.000
81.509,0.010,0.600,1.000,1.000,5.240,Run,NaN,NaN,1.598,1.000
81.519,0.010,0.600,-1.000,-1.000,5.230,Run,NaN,NaN,-0.398,1.000
81.529,0.010,0.600,1.000,1.000,5.240,Run,NaN,NaN,1.598,1.000
81.539,0.010,0.600,-1.000,-1.000,5.230,Run,NaN,NaN,-0.398,1.000
81.549,0.010,0.600,1.000,1.000,5.240,Run,NaN,NaN,1.598,1.000
81.559,0.010,0.600,-1.000,-1.000,5.230,Run,NaN,NaN,-0.398,1.000
81.569,0.010,0.600,1.000,1.000,5.240,Run,NaN,NaN,1.598,1.000
81.579,0.010,0.600,-1.000,-1.000,5.230,Run,NaN,NaN,-0.398,1.000
81.589,0.010,0.600,1.000,1.000,5.240,Run,NaN,NaN,1.598,1.000
81.599,0.010,0.600,-1.000,-1.000,5.230,Run,NaN,NaN,-0.398,1.000
81.609,0.010,0.600,1.000,1.000,5.240,Run,NaN,NaN,1.598,1.000
81.619,0.010,0.600,-1.000,-1.000,5.230,Run,NaN,NaN,-0.398,1.000
81.629,0.010,0.600,1.000,1.000,5.240,Run,NaN,NaN,1.598,1.000
81.639,0.010,0.600,-1.000,-1.000,5.230,Run,NaN,NaN,-0.398,1.000
81.649,0.010,0.600,1.000,1.000,5.240,Run,NaN,NaN,1.598,1.000
81.659,0.010,0.600,-1.000,-1.000,5.230,Run,NaN,NaN,-0.398,1.000
81.669,0.010,0.600,1.000,1.000,5.240,Run,NaN,NaN,1.598,1.000
81.679,0.010,0.600,-1.000,-1.000,5.230,Run,NaN,NaN,-0.398,1.000
81.689,0.010,0.600,1.000,1.000,5.240,Run,NaN,NaN,1.598,1.000
81.699,0.010,0.600,-1.000,-1.000,5.230,Run,NaN,NaN,-0.398,1.000
81.709,0.010,0.600,1.000,1.000,5.240,Run,NaN,NaN,1.598,1.000
81.719,0.010,0.600,-1.000,-1.000,5.230,Run,NaN,NaN,-0.398,1.000
81.729,0.010,0.600,1.000,1.000,5.240,Run,NaN,NaN,1.598,1.000
81.739,0.010,0.600,-1.000,-1.000,5.230,Run,NaN,NaN,-0.398,1.000
81.749,0.010,0.600,1.000,1.000,5.240,Run,NaN,NaN,1.598,1.000
81.759,0.010,0.600,-1.000,-1.000,5.230,Run,NaN,NaN,-0.398,1.000
81.769,0.010,0.600,1.000,1.000,5.240,Run,NaN,NaN,1.598,1.000
81.779,0.010,0.600,-1.000,-1.000,5.230,Run,NaN,NaN,-0.398,1.000
81.789,0.010,0.600,1.000,1.000,5.240,Run,NaN,NaN,1.598,1.000
81.799,0.010,0.600,-1.000,-1.000,5.230,Run,NaN,NaN,-0.398,1.000
81.809,0.010,0.600,1.000,1.000,5.240,Run,NaN,NaN,1.598,1.000
81.819,0.010,0.600,-1.000,-1.000,5.230,Run,NaN,NaN,-0.398,1.000
81.829,0.010,0.600,1.000,1.000,5.240,Run,NaN,NaN,1.598,1.000
81.839,0.010,0.600,-1.000,-1.000,5.230,Run,NaN,NaN,-0.398,1.000
81.849,0.010,0.600,1.000,1.000,5.240,Run,NaN,NaN,1.598,1.000
81.859,0.010,0.600,-1.000,-1.000,5.230,Run,NaN,NaN,-0.398,1.000
81.869,0.010,0.600,1.000,1.000,5.240,Run,NaN,NaN,1.598,1.000
81.879,0.010,0.600,-1.000,-1.000,5.230,Run,NaN,NaN,-0.398,1.000
81.889,0.010,0.600,1.000,1.000,5.240,Run,NaN,NaN,1.598,1.000
81.899,0.010,0.600,-1.000,-1.000,5.230,Run,NaN,NaN,-0.398,1.000
81.909,0.010,0.600,1.000,1.000,5.240,Run,NaN,NaN,1.598,1.000
81.919,0.010,0.600,-1.000,-1.000,5.230,Run,NaN,NaN,-0.398,1.000
81.929,0.010,0.600,1.000,1.000,5.240,Run,NaN,NaN,1.598,1.000
81.939,0.010,0.600,-1.000,-1.000,5.230,Run,NaN,NaN,-0.398,1.000
81.949,0.010,0.600,1.000,1.000,5.240,Run,NaN,NaN,1.598,1.000
81.959,0.010,0.600,-1.000,-1.000,5.230,Run,NaN,NaN,-0.398,1.000
81.969,0.010,0.600,1.000,1.000,5.240,Run,NaN,NaN,1.598,1.000
81.979,0.010,0.600,-1.000,-1.000,5.230,Run,NaN,NaN,-0.398,1.000
81.989,0.010,0.600,1.000,1.000,5.240,Run,NaN,NaN,1.598,1.000
81.999,0.010,0.600,-1.000,-1.000,5.230,Run,NaN,NaN,-0.398,1.000
82.009,0.010,0.600,1.000,1.000,5.240,Run,NaN,NaN,1.598,1.000
82.019,0.010,0.600,-1.000,-1.000,5.230,Run,NaN,NaN,-0.398,1.000
82.029,0.010,0.600,1.000,1.000,5.240,Run,NaN,NaN,1.598,1.000
82.039,0.010,0.600,-1.000,-1.000,5.230,Run,NaN,NaN,-0.398,1.000
82.049,0.010,0.600,1.000,1.000,5.240,Run,NaN,NaN,1.598,1.000
82.059,0.010,0.600,-1.000,-1.000,5.230,Run,NaN,NaN,-0.398,1.000
82.069,0.010,0.600,1.000,1.000,5.240,Run,NaN,NaN,1.598,1.000
82.079,0.010,0.600,-1.000,-1.000,5.230,Run,NaN,NaN,-0.398,1.000
82.089,0.010,0.600,1.000,1.000,5.240,Run,NaN,NaN,1.598,1.000
82.099,0.010,0.600,-1.000,-1.000,5.230,Run,NaN,NaN,-0.398,1.000
82.109,0.010,0.600,1.000,1.000,5.240,Run,NaN,NaN,1.598,1.000
82.119,0.010,0.600,-1.000,-1.000,5.230,Run,NaN,NaN,-0.398,1.000
82.129,0.010,0.600,1.000,1.000,5.240,Run,NaN,NaN,1.598,1.000
82.139,0.010,0.600,-1.000,-1.000,5.230,Run,NaN,NaN,-0.398,1.000
82.149,0.010,0.600,1.000,1.000,5.240,Run,NaN,NaN,1.598,1.000
82.159,0.010,0.600,-1.000,-1.000,5.230,Run,NaN,NaN,-0.398,1.000
82.169,0.010,0.600,1.000,1.000,5.240,Run,NaN,NaN,1.598,1.000
82.179,0.010,0.600,-1.000,-1.000,5.230,Run,NaN,NaN,-0.398,1.000
82.189,0.010,0.600,1.000,1.000,5.240,Run,NaN,NaN,1.598,1.000
82.199,0.010,0.600,-1.000,-1.000,5.230,Run,NaN,NaN,-0.398,1.000
82.209,0.010,0.600,1.000,1.000,5.240,Run,NaN,NaN,1.598,1.000
82.219,0.010,0.600,-1.000,-1.000,5.230,Run,NaN,NaN,-0.398,1.000
82.229,0.010,0.600,1.000,1.000,5.240,Run,NaN,NaN,1.598,1.000
82.239,0.010,0.600,-1.000,-1.000,5.230,Run,NaN,NaN,-0.398,1.000
82.249,0.010,0.600,1.000,1.000,5.240,Run,NaN,NaN,1.598,1.000
82.259,0.010,0.600,-1.000,-1.000,5.230,Run,NaN,NaN,-0.398,1.000
82.269,0.010,0.600,1.000,1.000,5.240,Run,NaN,NaN,1.598,1.000
82.279,0.010,0.600,-1.000,-1.000,5.230,Run,NaN,NaN,-0.398,1.000
82.289,0.010,0.600,1.000,1.000,5.240,Run,NaN,NaN,1.598,1.000
82.299,0.010,0.600,-1.000,-1.000,5.230,Run,NaN,NaN,-0.398,1.000
82.309,0.010,0.600,1.000,1.000,5.240,Run,NaN,NaN,1.598,1.000
82.319,0.010,0.600,-1.000,-1.000,5.230,Run,NaN,NaN,-0.398,1.000
82.329,0.010,0.600,1.000,1.000,5.240,Run,NaN,NaN,1.598,1.000
82.339,0.010,0.600,-1.000,-1.000,5.230,Run,NaN,NaN,-0.398,1.000
82.349,0.010,0.600,1.000,1.000,5.240,Run,NaN,NaN,1.598,1.000
82.359,0.010,0.600,-1.000,-1.000,5.230,Run,NaN,NaN,-0.398,1.000
82.369,0.010,0.600,1.000,1.000,5.240,Run,NaN,NaN,1.598,1.000
82.379,0.010,0.600,-1.000,-1.000,5.230,Run,NaN,NaN,-0.398,1.000
82.389,0.010,0.600,1.000,1.000,5.240,Run,NaN,NaN,1.598,1.000
82.399,0.010,0.600,-1.000,-1.000,5.230,Run,NaN,NaN,-0.398,1.000
82.409,0.010,0.600,1.000,1.000,5.240,Run,NaN,NaN,1.598,1.000
82.419,0.010,0.600,-1.000,-1.000,5.230,Run,NaN,NaN,-0.398,1.000
82.429,0.010,0.600,1.000,1.000,5.240,Run,NaN,NaN,1.598,1.000
82.439,0.010,0.600,-1.000,-1.000,5.230,Run,NaN,NaN,-0.398,1.000
82.449,0.010,0.600,1.000,1.000,5.240,Run,NaN,NaN,1.598,1.000
82.459,0.010,0.600,-1.000,-1.000,5.230,Run,NaN,NaN,-0.398,1.000
82.469,0.010,0.600,1.000,1.000,5.240,Run,NaN,NaN,1.598,1.000
82.479,0.010,0.600,-1.000,-1.000,5.230,Run,NaN,NaN,-0.398,1.000
82.489,0.010,0.600,1.000,1.000,5.240,Run,NaN,NaN,1.598,1.000
82.499,0.010,0.600,-1.000,-1.000,5.230,Run,NaN,NaN,-0.398,1.000
82.509,0.010,0.600,1.000,1.000,5.240,Run,NaN,NaN,1.598,1.000
82.519,0.010,0.600,-1.000,-1.000,5.230,Run,NaN,NaN,-0.398,1.000
82.529,0.010,0.600,1.000,1.000,5.240,Run,NaN,NaN,1.598,1.000
82.539,0.010,0.600,-1.000,-1.000,5.230,Run,NaN,NaN,-0.398,1.000
82.549,0.010,0.600,1.000,1.000,5.240,Run,NaN,NaN,1.598,1.000
82.559,0.010,0.600,-1.000,-1.000,5.230,Run,NaN,NaN,-0.398,1.000
82.569,0.010,0.600,1.000,1.000,5.240,Run,NaN,NaN,1.598,1.000
82.579,0.010,0.600,-1.000,-1.000,5.230,Run,NaN,NaN,-0.398,1.000
82.589,0.010,0.600,1.000,1.000,5.240,Run,NaN,NaN,1.598,1.000
82.599,0.010,0.600,-1.000,-1.000,5.230,Run,NaN,NaN,-0.398,1.000
82.609,0.010,0.600,1.000,1.000,5.240,Run,NaN,NaN,1.598,1.000
82.619,0.010,0.600,-1.000,-1.000,5.230,Run,NaN,NaN,-0.398,1.000
82.629,0.010,0.600,1.000,1.000,5.240,Run,NaN,NaN,1.598,1.000
82.639,0.010,0.600,-1.000,-1.000,5.230,Run,NaN,NaN,-0.398,1.000
82.649,0.010,0.600,1.000,1.000,5.240,Run,NaN,NaN,1.598,1.000
82.659,0.010,0.600,-1.000,-1.000,5.230,Run,NaN,NaN,-0.398,1.000
82.669,0.010,0.600,1.000,1.000,5.240,Run,NaN,NaN,1.598,1.000
82.679,0.010,0.600,-1.000,-1.000,5.230,Run,NaN,NaN,-0.398,1.000
82.689,0.010,0.600,1.000,1.000,5.240,Run,NaN,NaN,1.598,1.000
82.699,0.010,0.600,-1.000,-1.000,5.230,Run,NaN,NaN,-0.398,1.000
82.709,0.010,0.600,1.000,1.000,5.240,Run,NaN,NaN,1.598,1.000
82.719,0.010,0.600,-1.000,-1.000,5.230,Run,NaN,NaN,-0.398,1.000
82.729,0.010,0.600,1.000,1.000,5.240,Run,NaN,NaN,1.598,1.000
82.739,0.010,0.600,-1.000,-1.000,5.230,Run,NaN,NaN,-0.398,1.000
82.749,0.010,0.600,1.000,1.000,5.240,Run,NaN,NaN,1.598,1.000
82.759,0.010,0.600,-1.000,-1.000,5.230,Run,NaN,NaN,-0.398,1.000
82.769,0.010,0.600,1.000,1.000,5.240,Run,NaN,NaN,1.598,1.000
82.779,0.010,0.600,-1.000,-1.000,5.230,Run,NaN,NaN,-0.398,1.000
82.789,0.010,0.600,1.000,1.000,5.240,Run,NaN,NaN,1.598,1.000
82.799,0.010,0.600,-1.000,-1.000,5.230,Run,NaN,NaN,-0.398,1.000
82.809,0.010,0.600,1.000,1.000,5.240,Run,NaN,NaN,1.598,1.000
82.819,0.010,0.600,-1.000,-1.000,5.230,Run,NaN,NaN,-0.398,1.000
82.829,0.010,0.600,1.000,1.000,5.240,Run,NaN,NaN,1.598,1.000
82.839,0.010,0.600,-1.000,-1.000,5.230,Run,NaN,NaN,-0.398,1.000
82.849,0.010,0.600,1.000,1.000,5.240,Run,NaN,NaN,1.598,1.000
82.859,0.010,0.600,-1.000,-1.000,5.230,Run,NaN,NaN,-0.398,1.000
82.869,0.010,0.600,1.000,1.000,5.240,Run,NaN,NaN,1.598,1.000
82.879,0.010,0.600,-1.000,-1.000,5.230,Run,NaN,NaN,-0.398,1.000
82.889,0.010,0.600,1.000,1.000,5.240,Run,NaN,NaN,1.598,1.000
82.899,0.010,0.600,-1.000,-1.000,5.230,Run,NaN,NaN,-0.398,1.000
82.909,0.010,0.600,1.000,1.000,5.240,Run,NaN,NaN,1.598,1.000
82.919,0.010,0.600,-1.000,-1.000,5.230,Run,NaN,NaN,-0.398,1.000
82.929,0.010,0.600,1.000,1.000,5.240,Run,NaN,NaN,1.598,1.000
82.939,0.010,0.600,-1.000,-1.000,5.230,Run,NaN,NaN,-0.398,1.000
82.949,0.010,0.600,1.000,1.000,5.240,Run,NaN,NaN,1.598,1.000
82.959,0.010,0.600,-1.000,-1.000,5.230,Run,NaN,NaN,-0.398,1.000
82.969,0.010,0.600,1.000,1.000,5.240,Run,NaN,NaN,1.598,1.000
82.979,0.010,0.600,-1.000,-1.000,5.230,Run,NaN,NaN,-0.398,1.000
82.989,0.010,0.600,1.000,1.000,5.240,Run,NaN,NaN,1.598,1.000
82.999,0.010,0.600,-1.000,-1.000,5.230,Run,NaN,NaN,-0.398,1.000
83.009,0.010,0.600,1.000,1.000,5.240,Run,NaN,NaN,1.598,1.000
83.019,0.010,0.600,-1.000,-1.000,5.230,Run,NaN,NaN,-0.398,1.000
83.029,0.010,0.600,1.000,1.000,5.240,Run,NaN,NaN,1.598,1.000
83.039,0.010,0.600,-1.000,-1.000,5.230,Run,NaN,NaN,-0.398,1.000
83.049,0.010,0.600,1.000,1.000,5.240,Run,NaN,NaN,1.598,1.000
83.059,0.010,0.600,-1.000,-1.000,5.230,Run,NaN,NaN,-0.398,1.000
83.069,0.010,0.600,1.000,1.000,5.240,Run,NaN,NaN,1.598,1.000
83.079,0.010,0.600,-1.000,-1.000,5.230,Run,NaN,NaN,-0.398,1.000
83.089,0.010,0.600,1.000,1.000,5.240,Run,NaN,NaN,1.598,1.000
83.099,0.010,0.600,-1.000,-1.000,5.230,Run,NaN,NaN,-0.398,1.000
83.109,0.010,0.600,1.000,1.000,5.240,Run,NaN,NaN,1.598,1.000
83.119,0.010,0.600,-1.000,-1.000,5.230,Run,NaN,NaN,-0.398,1.000
83.129,0.010,0.600,1.000,1.000,5.240,Run,NaN,NaN,1.598,1.000
83.139,0.010,0.600,-1.000,-1.000,5.230,Run,NaN,NaN,-0.398,1.000
83.149,0.010,0.600,1.000,1.000,5.240,Run,NaN,NaN,1.598,1.000
83.159,0.010,0.600,-1.000,-1.000,5.230,Run,NaN,NaN,-0.398,1.000
83.169,0.010,0.600,1.000,1.000,5.240,Run,NaN,NaN,1.598,1.000
83.179,0.010,0.600,-1.000,-1.000,5.230,Run,NaN,NaN,-0.398,1.000
83.189,0.010,0.600,1.000,1.000,5.240,Run,NaN,NaN,1.598,1.000
83.199,0.010,0.600,-1.000,-1.000,5.230,Run,NaN,NaN,-0.398,1.000
83.209,0.010,0.600,1.000,1.000,5.240,Run,NaN,NaN,1.598,1.000
83.219,0.010,0.600,-1.000,-1.000,5.230,Run,NaN,NaN,-0.398,1.000
83.229,0.010,0.600,1.000,1.000,5.240,Run,NaN,NaN,1.598,1.000
83.239,0.010,0.600,-1.000,-1.000,5.230,Run,NaN,NaN,-0.398,1.000
83.249,0.010,0.600,1.000,1.000,5.240,Run,NaN,NaN,1.598,1.000
83.259,0.010,0.600,-1.000,-1.000,5.230,Run,NaN,NaN,-0.398,1.000
83.269,0.010,0.600,1.000,1.000,5.240,Run,NaN,NaN,1.598,1.000
83.279,0.010,0.600,-1.000,-1.000,5.230,Run,NaN,NaN,-0.398,1.000
83.289,0.010,0.600,1.000,1.000,5.240,Run,NaN,NaN,1.598,1.000
83.299,0.010,0.600,-1.000,-1.000,5.230,Run,NaN,NaN,-0.398,1.000
83.309,0.010,0.600,1.000,1.000,5.240,Run,NaN,NaN,1.598,1.000
83.319,0.010,0.600,-1.000,-1.000,5.230,Run,NaN,NaN,-0.398,1.000
83.329,0.010,0.600,1.000,1.000,5.240,Run,NaN,NaN,1.598,1.000
83.339,0.010,0.600,-1.000,-1.000,5.230,Run,NaN,NaN,-0.398,1.000
83.349,0.010,0.600,1.000,1.000,5.240,Run,NaN,NaN,1.598,1.000
83.359,0.010,0.600,-1.000,-1.000,5.230,Run,NaN,NaN,-0.398,1.000
83.369,0.010,0.600,1.000,1.000,5.240,Run,NaN,NaN,1.598,1.000
83.379,0.010,0.600,-1.000,-1.000,5.230,Run,NaN,NaN,-0.398,1.000
83.389,0.010,0.600,1.000,1.000,5.240,Run,NaN,NaN,1.598,1.000
83.399,0.010,0.600,-1.000,-1.000,5.230,Run,NaN,NaN,-0.398,1.000
83.409,0.010,0.600,1.000,1.000,5.240,Run,NaN,NaN,1.598,1.000
83.419,0.010,0.600,-1.000,-1.000,5.230,Run,NaN,NaN,-0.398,1.000
83.429,0.010,0.600,1.000,1.000,5.240,Run,NaN,NaN,1.598,1.000
83.439,0.010,0.600,-1.000,-1.000,5.230,Run,NaN,NaN,-0.398,1.000
83.449,0.010,0.600,1.000,1.000,5.240,Run,NaN,NaN,1.598,1.000
83.459,0.010,0.600,-1.000,-1.000,5.230,Run,NaN,NaN,-0.398,1.000
83.469,0.010,0.600,1.000,1.000,5.240,Run,NaN,NaN,1.598,1.000
83.479,0.010,0.600,-1.000,-1.000,5.230,Run,NaN,NaN,-0.398,1.000
83.489,0.010,0.600,1.000,1.000,5.240,Run,NaN,NaN,1.598,1.000
83.499,0.010,0.600,-1.000,-1.000,5.230,Run,NaN,NaN,-0.398,1.000
83.509,0.010,0.600,1.000,1.000,5.240,Run,NaN,NaN,1.598,1.000
83.519,0.010,0.600,-1.000,-1.000,5.230,Run,NaN,NaN,-0.398,1.000
83.529,0.010,0.600,1.000,1.000,5.240,Run,NaN,NaN,1.598,1.000
83.539,0.010,0.600,-1.000,-1.000,5.230,Run,NaN,NaN,-0.398,1.000
83.549,0.010,0.600,1.000,1.000,5.240,Run,NaN,NaN,1.598,1.000
83.559,0.010,0.600,-1.000,-1.000,5.230,Run,NaN,NaN,-0.398,1.000
83.569,0.010,0.600,1.000,1.000,5.240,Run,NaN,NaN,1.598,1.000
83.579,0.010,0.600,-1.000,-1.000,5.230,Run,NaN,NaN,-0.398,1.000
83.589,0.010,0.600,1.000,1.000,5.240,Run,NaN,NaN,1.598,1.000
83.599,0.010,0.600,-1.000,-1.000,5.230,Run,NaN,NaN,-0.398,1.000
83.609,0.010,0.600,1.000,1.000,5.240,Run,NaN,NaN,1.598,1.000
83.619,0.010,0.600,-1.000,-1.000,5.230,Run,NaN,NaN,-0.398,1.000
83.629,0.010,0.600,1.000,1.000,5.240,Run,NaN,NaN,1.598,1.000
83.639,0.010,0.600,-1.000,-1.000,5.230,Run,NaN,NaN,-0.398,1.000
83.649,0.010,0.600,1.000,1.000,5.240,Run,NaN,NaN,1.598,1.000
83.659,0.010,0.600,-1.000,-1.000,5.230,Run,NaN,NaN,-0.398,1.000
83.669,0.010,0.600,1.000,1.000,5.240,Run,NaN,NaN,1.598,1.000
83.679,0.010,0.600,-1.000,-1.000,5.230,Run,NaN,NaN,-0.398,1.000
83.689,0.010,0.600,1.000,1.000,5.240,Run,NaN,NaN,1.598,1.000
83.699,0.010,0.600,-1.000,-1.000,5.230,Run,NaN,NaN,-0.398,1.000
83.709,0.010,0.600,1.000,1.000,5.240,Run,NaN,NaN,1.598,1.000
83.719,0.010,0.600,-1.000,-1.000,5.230,Run,NaN,NaN,-0.398,1.000
83.729,0.010,0.600,1.000,1.000,5.240,Run,NaN,NaN,1.598,1.000
83.739,0.010,0.600,-1.000,-1.000,5.230,Run,NaN,NaN,-0.398,1.000
83.749,0.010,0.600,1.000,1.000,5.240,Run,NaN,NaN,1.598,1.000
83.759,0.010,0.600,-1.000,-1.000,5.230,Run,NaN,NaN,-0.398,1.000
83.769,0.010,0.600,1.000,1.000,5.240,Run,NaN,NaN,1.598,1.000
83.779,0.010,0.600,-1.000,-1.000,5.230,Run,NaN,NaN,-0.398,1.000
83.789,0.010,0.600,1.000,1.000,5.240,Run,NaN,NaN,1.598,1.000
83.799,0.010,0.600,-1.000,-1.000,5.230,Run,NaN,NaN,-0.398,1.000
83.809,0.010,0.600,1.000,1.000,5.240,Run,NaN,NaN,1.598,1.000
83.819,0.010,0.600,-1.000,-1.000,5.230,Run,NaN,NaN,-0.398,1.000
83.829,0.010,0.600,1.000,1.000,5.240,Run,NaN,NaN,1.598,1.000
83.840,0.010,0.600,-1.000,-1.000,5.230,Run,NaN,NaN,-0.398,1.000
83.850,0.010,0.600,1.000,1.000,5.240,Run,NaN,NaN,1.598,1.000
83.860,0.010,0.600,-1.000,-1.000,5.230,Run,NaN,NaN,-0.398,1.000
83.870,0.010,0.600,1.000,1.000,5.240,Run,NaN,NaN,1.598,1.000
83.880,0.010,0.600,-1.000,-1.000,5.230,Run,NaN,NaN,-0.398,1.000
83.890,0.010,0.600,1.000,1.000,5.240,Run,NaN,NaN,1.598,1.000
83.900,0.010,0.600,-1.000,-1.000,5.230,Run,NaN,NaN,-0.398,1.000
83.910,0.010,0.600,1.000,1.000,5.240,Run,NaN,NaN,1.598,1.000
83.920,0.010,0.600,-1.000,-1.000,5.230,Run,NaN,NaN,-0.398,1.000
83.930,0.010,0.600,1.000,1.000,5.240,Run,NaN,NaN,1.598,1.000
83.940,0.010,0.600,-1.000,-1.000,5.230,Run,NaN,NaN,-0.398,1.000
83.950,0.010,0.600,1.000,1.000,5.240,Run,NaN,NaN,1.598,1.000
83.960,0.010,0.600,-1.000,-1.000,5.230,Run,NaN,NaN,-0.398,1.000
83.970,0.010,0.600,1.000,1.000,5.240,Run,NaN,NaN,1.598,1.000
83.980,0.010,0.600,-1.000,-1.000,5.230,Run,NaN,NaN,-0.398,1.000
83.990,0.010,0.600,1.000,1.000,5.240,Run,NaN,NaN,1.598,1.000
84.000,0.010,0.600,-1.000,-1.000,5.230,Run,NaN,NaN,-0.398,1.000
84.010,0.010,0.600,1.000,1.000,5.240,Run,NaN,NaN,1.598,1.000
84.020,0.010,0.600,-1.000,-1.000,5.230,Run,NaN,NaN,-0.398,1.000
84.030,0.010,0.600,1.000,1.000,5.240,Run,NaN,NaN,1.598,1.000
84.040,0.010,0.600,-1.000,-1.000,5.230,Run,NaN,NaN,-0.398,1.000
84.050,0.010,0.600,1.000,1.000,5.240,Run,NaN,NaN,1.598,1.000
84.060,0.010,0.600,-1.000,-1.000,5.230,Run,NaN,NaN,-0.398,1.000
84.070,0.010,0.600,1.000,1.000,5.240,Run,NaN,NaN,1.598,1.000
84.080,0.010,0.600,-1.000,-1.000,5.230,Run,NaN,NaN,-0.398,1.000
84.090,0.010,0.600,1.000,1.000,5.240,Run,NaN,NaN,1.598,1.000
84.100,0.010,0.600,-1.000,-1.000,5.230,Run,NaN,NaN,-0.398,1.000
84.110,0.010,0.600,1.000,1.000,5.240,Run,NaN,NaN,1.598,1.000
84.120,0.010,0.600,-1.000,-1.000,5.230,Run,NaN,NaN,-0.398,1.000
84.130,0.010,0.600,1.000,1.000,5.240,Run,NaN,NaN,1.598,1.000
84.140,0.010,0.600,-1.000,-1.000,5.230,Run,NaN,NaN,-0.398,1.000
84.150,0.010,0.600,1.000,1.000,5.240,Run,NaN,NaN,1.598,1.000
84.160,0.010,0.600,-1.000,-1.000,5.230,Run,NaN,NaN,-0.398,1.000
84.170,0.010,0.600,1.000,1.000,5.240,Run,NaN,NaN,1.598,1.000
84.180,0.010,0.600,-1.000,-1.000,5.230,Run,NaN,NaN,-0.398,1.000
84.190,0.010,0.600,1.000,1.000,5.240,Run,NaN,NaN,1.598,1.000
84.200,0.010,0.600,-1.000,-1.000,5.230,Run,NaN,NaN,-0.398,1.000
84.210,0.010,0.600,1.000,1.000,5.240,Run,NaN,NaN,1.598,1.000
84.220,0.010,0.600,-1.000,-1.000,5.230,Run,NaN,NaN,-0.398,1.000
84.230,0.010,0.600,1.000,1.000,5.240,Run,NaN,NaN,1.598,1.000
84.240,0.010,0.600,-1.000,-1.000,5.230,Run,NaN,NaN,-0.398,1.000
84.250,0.010,0.600,1.000,1.000,5.240,Run,NaN,NaN,1.598,1.000
84.260,0.010,0.600,-1.000,-1.000,5.230,Run,NaN,NaN,-0.398,1.000
84.270,0.010,0.600,1.000,1.000,5.240,Run,NaN,NaN,1.598,1.000
84.280,0.010,0.600,-1.000,-1.000,5.230,Run,NaN,NaN,-0.398,1.000
84.290,0.010,0.600,1.000,1.000,5.240,Run,NaN,NaN,1.598,1.000
84.300,0.010,0.600,-1.000,-1.000,5.230,Run,NaN,NaN,-0.398,1.000
84.310,0.010,0.600,1.000,1.000,5.240,Run,NaN,NaN,1.598,1.000
84.320,0.010,0.600,-1.000,-1.000,5.230,Run,NaN,NaN,-0.398,1.000
84.330,0.010,0.600,1.000,1.000,5.240,Run,NaN,NaN,1.598,1.000
84.340,0.010,0.600,-1.000,-1.000,5.230,Run,NaN,NaN,-0.398,1.000
84.350,0.010,0.600,1.000,1.000,5.240,Run,NaN,NaN,1.598,1.000
84.360,0.010,0.600,-1.000,-1.000,5.230,Run,NaN,NaN,-0.398,1.000
84.370,0.010,0.600,1.000,1.000,5.240,Run,NaN,NaN,1.598,1.000
84.380,0.010,0.600,-1.000,-1.000,5.230,Run,NaN,NaN,-0.398,1.000
84.390,0.010,0.600,1.000,1.000,5.240,Run,NaN,NaN,1.598,1.000
84.400,0.010,0.600,-1.000,-1.000,5.230,Run,NaN,NaN,-0.398,1.000
84.410,0.010,0.600,1.000,1.000,5.240,Run,NaN,NaN,1.598,1.000
84.420,0.010,0.600,-1.000,-1.000,5.230,Run,NaN,NaN,-0.398,1.000
84.430,0.010,0.600,1.000,1.000,5.240,Run,NaN,NaN,1.598,1.000
84.440,0.010,0.600,-1.000,-1.000,5.230,Run,NaN,NaN,-0.398,1.000
84.450,0.010,0.600,1.000,1.000,5.240,Run,NaN,NaN,1.598,1.000
84.460,0.010,0.600,-1.000,-1.000,5.230,Run,NaN,NaN,-0.398,1.000
84.470,0.010,0.600,1.000,1.000,5.240,Run,NaN,NaN,1.598,1.000
84.480,0.010,0.600,-1.000,-1.000,5.230,Run,NaN,NaN,-0.398,1.000
84.490,0.010,0.600,1.000,1.000,5.240,Run,NaN,NaN,1.598,1.000
84.500,0.010,0.600,-1.000,-1.000,5.230,Run,NaN,NaN,-0.398,1.000
84.510,0.010,0.600,1.000,1.000,5.240,Run,NaN,NaN,1.598,1.000
84.520,0.010,0.600,-1.000,-1.000,5.230,Run,NaN,NaN,-0.398,1.000
84.530,0.010,0.600,1.000,1.000,5.240,Run,NaN,NaN,1.598,1.000
84.540,0.010,0.600,-1.000,-1.000,5.230,Run,NaN,NaN,-0.398,1.000
84.550,0.010,0.600,1.000,1.000,5.240,Run,NaN,NaN,1.598,1.000
84.560,0.010,0.600,-1.000,-1.000,5.230,Run,NaN,NaN,-0.398,1.000
84.570,0.010,0.600,1.000,1.000,5.240,Run,NaN,NaN,1.598,1.000
84.580,0.010,0.600,-1.000,-1.000,5.230,Run,NaN,NaN,-0.398,1.000
84.590,0.010,0.600,1.000,1.000,5.240,Run,NaN,NaN,1.598,1.000
84.600,0.010,0.600,-1.000,-1.000,5.230,Run,NaN,NaN,-0.398,1.000
84.610,0.010,0.600,1.000,1.000,5.240,Run,NaN,NaN,1.598,1.000
84.620,0.010,0.600,-1.000,-1.000,5.230,Run,NaN,NaN,-0.398,1.000
84.630,0.010,0.600,1.000,1.000,5.240,Run,NaN,NaN,1.598,1.000
84.640,0.010,0.600,-1.000,-1.000,5.230,Run,NaN,NaN,-0.398,1.000
84.650,0.010,0.600,1.000,1.000,5.240,Run,NaN,NaN,1.598,1.000
84.660,0.010,0.600,-1.000,-1.000,5.230,Run,NaN,NaN,-0.398,1.000
84.670,0.010,0.600,1.000,1.000,5.240,Run,NaN,NaN,1.598,1.000
84.680,0.010,0.600,-1.000,-1.000,5.230,Run,NaN,NaN,-0.398,1.000
84.690,0.010,0.600,1.000,1.000,5.240,Run,NaN,NaN,1.598,1.000
84.700,0.010,0.600,-1.000,-1.000,5.230,Run,NaN,NaN,-0.398,1.000
84.710,0.010,0.600,1.000,1.000,5.240,Run,NaN,NaN,1.598,1.000
84.720,0.010,0.600,-1.000,-1.000,5.230,Run,NaN,NaN,-0.398,1.000
84.730,0.010,0.600,1.000,1.000,5.240,Run,NaN,NaN,1.598,1.000
84.740,0.010,0.600,-1.000,-1.000,5.230,Run,NaN,NaN,-0.398,1.000
84.750,0.010,0.600,1.000,1.000,5.240,Run,NaN,NaN,1.598,1.000
84.760,0.010,0.600,-1.000,-1.000,5.230,Run,NaN,NaN,-0.398,1.000
84.770,0.010,0.600,1.000,1.000,5.240,Run,NaN,NaN,1.598,1.000
84.780,0.010,0.600,-1.000,-1.000,5.230,Run,NaN,NaN,-0.398,1.000
84.790,0.010,0.600,1.000,1.000,5.240,Run,NaN,NaN,1.598,1.000
84.800,0.010,0.600,-1.000,-1.000,5.230,Run,NaN,NaN,-0.398,1.000
84.810,0.010,0.600,1.000,1.000,5.240,Run,NaN,NaN,1.598,1.000
84.820,0.010,0.600,-1.000,-1.000,5.230,Run,NaN,NaN,-0.398,1.000
84.830,0.010,0.600,1.000,1.000,5.240,Run,NaN,NaN,1.598,1.000
84.840,0.010,0.600,-1.000,-1.000,5.230,Run,NaN,NaN,-0.398,1.000
84.850,0.010,0.600,1.000,1.000,5.240,Run,NaN,NaN,1.598,1.000
84.860,0.010,0.600,-1.000,-1.000,5.230,Run,NaN,NaN,-0.398,1.000
84.870,0.010,0.600,1.000,1.000,5.240,Run,NaN,NaN,1.598,1.000
84.880,0.010,0.600,-1.000,-1.000,5.230,Run,NaN,NaN,-0.398,1.000
84.890,0.010,0.600,1.000,1.000,5.240,Run,NaN,NaN,1.598,1.000
84.900,0.010,0.600,-1.000,-1.000,5.230,Run,NaN,NaN,-0.398,1.000
84.910,0.010,0.600,1.000,1.000,5.240,Run,NaN,NaN,1.598,1.000
84.920,0.010,0.600,-1.000,-1.000,5.230,Run,NaN,NaN,-0.398,1.000
84.930,0.010,0.600,1.000,1.000,5.240,Run,NaN,NaN,1.598,1.000
84.940,0.010,0.600,-1.000,-1.000,5.230,Run,NaN,NaN,-0.398,1.000
84.950,0.010,0.600,1.000,1.000,5.240,Run,NaN,NaN,1.598,1.000
84.960,0.010,0.600,-1.000,-1.000,5.230,Run,NaN,NaN,-0.398,1.000
84.970,0.010,0.600,1.000,1.000,5.240,Run,NaN,NaN,1.598,1.000
84.980,0.010,0.600,-1.000,-1.000,5.230,Run,NaN,NaN,-0.398,1.000
84.990,0.010,0.600,1.000,1.000,5.240,Run,NaN,NaN,1.598,1.000
85.000,0.010,0.600,-1.000,-1.000,5.230,Run,NaN,NaN,-0.398,1.000
85.010,0.010,0.600,1.000,1.000,5.240,Run,NaN,NaN,1.598,1.000
85.020,0.010,0.600,-1.000,-1.000,5.230,Run,NaN,NaN,-0.398,1.000
85.030,0.010,0.600,1.000,1.000,5.240,Run,NaN,NaN,1.598,1.000
85.040,0.010,0.600,-1.000,-1.000,5.230,Run,NaN,NaN,-0.398,1.000
85.050,0.010,0.600,1.000,1.000,5.240,Run,NaN,NaN,1.598,1.000
85.060,0.010,0.600,-1.000,-1.000,5.230,Run,NaN,NaN,-0.398,1.000
85.070,0.010,0.600,1.000,1.000,5.240,Run,NaN,NaN,1.598,1.000
85.080,0.010,0.600,-1.000,-1.000,5.230,Run,NaN,NaN,-0.398,1.000
85.090,0.010,0.600,1.000,1.000,5.240,Run,NaN,NaN,1.598,1.000
85.100,0.010,0.600,-1.000,-1.000,5.230,Run,NaN,NaN,-0.398,1.000
85.110,0.010,0.600,1.000,1.000,5.240,Run,NaN,NaN,1.598,1.000
85.120,0.010,0.600,-1.000,-1.000,5.230,Run,NaN,NaN,-0.398,1.000
85.130,0.010,0.600,1.000,1.000,5.240,Run,NaN,NaN,1.598,1.000
85.140,0.010,0.600,-1.000,-1.000,5.230,Run,NaN,NaN,-0.398,1.000
85.150,0.010,0.600,1.000,1.000,5.240,Run,NaN,NaN,1.598,1.000
85.160,0.010,0.600,-1.000,-1.000,5.230,Run,NaN,NaN,-0.398,1.000
85.170,0.010,0.600,1.000,1.000,5.240,Run,NaN,NaN,1.598,1.000
85.180,0.010,0.600,-1.000,-1.000,5.230,Run,NaN,NaN,-0.398,1.000
85.190,0.010,0.600,1.000,1.000,5.240,Run,NaN,NaN,1.598,1.000
85.200,0.010,0.600,-1.000,-1.000,5.230,Run,NaN,NaN,-0.398,1.000
85.210,0.010,0.600,1.000,1.000,5.240,Run,NaN,NaN,1.598,1.000
85.220,0.010,0.600,-1.000,-1.000,5.230,Run,NaN,NaN,-0.398,1.000
85.230,0.010,0.600,1.000,1.000,5.240,Run,NaN,NaN,1.598,1.000
85.240,0.010,0.600,-1.000,-1.000,5.230,Run,NaN,NaN,-0.398,1.000
85.250,0.010,0.600,1.000,1.000,5.240,Run,NaN,NaN,1.598,1.000
85.260,0.010,0.600,-1.000,-1.000,5.230,Run,NaN,NaN,-0.398,1.000
85.270,0.010,0.600,1.000,1.000,5.240,Run,NaN,NaN,1.598,1.000
85.280,0.010,0.600,-1.000,-1.000,5.230,Run,NaN,NaN,-0.398,1.000
85.290,0.010,0.600,1.000,1.000,5.240,Run,NaN,NaN,1.598,1.000
85.300,0.010,0.600,-1.000,-1.000,5.230,Run,NaN,NaN,-0.398,1.000
85.310,0.010,0.600,1.000,1.000,5.240,Run,NaN,NaN,1.598,1.000
85.320,0.010,0.600,-1.000,-1.000,5.230,Run,NaN,NaN,-0.398,1.000
85.330,0.010,0.600,1.000,1.000,5.240,Run,NaN,NaN,1.598,1.000
85.340,0.010,0.600,-1.000,-1.000,5.230,Run,NaN,NaN,-0.398,1.000
85.350,0.010,0.600,1.000,1.000,5.240,Run,NaN,NaN,1.598,1.000
85.360,0.010,0.600,-1.000,-1.000,5.230,Run,NaN,NaN,-0.398,1.000
85.370,0.010,0.600,1.000,1.000,5.240,Run,NaN,NaN,1.598,1.000
85.380,0.010,0.600,-1.000,-1.000,5.230,Run,NaN,NaN,-0.398,1.000
85.390,0.010,0.600,1.000,1.000,5.240,Run,NaN,NaN,1.598,1.000
85.400,0.010,0.600,-1.000,-1.000,5.230,Run,NaN,NaN,-0.398,1.000
85.410,0.010,0.600,1.000,1.000,5.240,Run,NaN,NaN,1.598,1.000
85.420,0.010,0.600,-1.000,-1.000,5.230,Run,NaN,NaN,-0.398,1.000
85.430,0.010,0.600,1.000,1.000,5.240,Run,NaN,NaN,1.598,1.000
85.440,0.010,0.600,-1.000,-1.000,5.230,Run,NaN,NaN,-0.398,1.000
85.450,0.010,0.600,1.000,1.000,5.240,Run,NaN,NaN,1.598,1.000
85.460,0.010,0.600,-1.000,-1.000,5.230,Run,NaN,NaN,-0.398,1.000
85.470,0.010,0.600,1.000,1.000,5.240,Run,NaN,NaN,1.598,1.000
85.480,0.010,0.600,-1.000,-1.000,5.230,Run,NaN,NaN,-0.398,1.000
85.490,0.010,0.600,1.000,1.000,5.240,Run,NaN,NaN,1.598,1.000
85.500,0.010,0.600,-1.000,-1.000,5.230,Run,NaN,NaN,-0.398,1.000
85.510,0.010,0.600,1.000,1.000,5.240,Run,NaN,NaN,1.598,1.000
85.520,0.010,0.600,-1.000,-1.000,5.230,Run,NaN,NaN,-0.398,1.000
85.530,0.010,0.600,1.000,1.000,5.240,Run,NaN,NaN,1.598,1.000
85.540,0.010,0.600,-1.000,-1.000,5.230,Run,NaN,NaN,-0.398,1.000
85.550,0.010,0.600,1.000,1.000,5.240,Run,NaN,NaN,1.598,1.000
85.560,0.010,0.600,-1.000,-1.000,5.230,Run,NaN,NaN,-0.398,1.000
85.570,0.010,0.600,1.000,1.000,5.240,Run,NaN,NaN,1.598,1.000
85.580,0.010,0.600,-1.000,-1.000,5.230,Run,NaN,NaN,-0.398,1.000
85.590,0.010,0.600,1.000,1.000,5.240,Run,NaN,NaN,1.598,1.000
85.600,0.010,0.600,-1.000,-1.000,5.230,Run,NaN,NaN,-0.398,1.000
85.610,0.010,0.600,1.000,1.000,5.240,Run,NaN,NaN,1.598,1.000
85.620,0.010,0.600,-1.000,-1.000,5.230,Run,NaN,NaN,-0.398,1.000
85.630,0.010,0.600,1.000,1.000,5.240,Run,NaN,NaN,1.598,1.000
85.640,0.010,0.600,-1.000,-1.000,5.230,Run,NaN,NaN,-0.398,1.000
85.650,0.010,0.600,1.000,1.000,5.240,Run,NaN,NaN,1.598,1.000
85.660,0.010,0.600,-1.000,-1.000,5.230,Run,NaN,NaN,-0.398,1.000
85.670,0.010,0.600,1.000,1.000,5.240,Run,NaN,NaN,1.598,1.000
85.680,0.010,0.600,-1.000,-1.000,5.230,Run,NaN,NaN,-0.398,1.000
85.690,0.010,0.600,1.000,1.000,5.240,Run,NaN,NaN,1.598,1.000
85.700,0.010,0.600,-1.000,-1.000,5.230,Run,NaN,NaN,-0.398,1.000
85.710,0.010,0.600,1.000,1.000,5.240,Run,NaN,NaN,1.598,1.000
85.720,0.010,0.600,-1.000,-1.000,5.230,Run,NaN,NaN,-0.398,1.000
85.730,0.010,0.600,1.000,1.000,5.240,Run,NaN,NaN,1.598,1.000
85.740,0.010,0.600,-1.000,-1.000,5.230,Run,NaN,NaN,-0.398,1.000
85.750,0.010,0.600,1.000,1.000,5.240,Run,NaN,NaN,1.598,1.000
85.760,0.010,0.600,-1.000,-1.000,5.230,Run,NaN,NaN,-0.398,1.000
85.770,0.010,0.600,1.000,1.000,5.240,Run,NaN,NaN,1.598,1.000
85.780,0.010,0.600,-1.000,-1.000,5.230,Run,NaN,NaN,-0.398,1.000
85.790,0.010,0.600,1.000,1.000,5.240,Run,NaN,NaN,1.598,1.000
85.800,0.010,0.600,-1.000,-1.000,5.230,Run,NaN,NaN,-0.398,1.000
85.810,0.010,0.600,1.000,1.000,5.240,Run,NaN,NaN,1.598,1.000
85.820,0.010,0.600,-1.000,-1.000,5.230,Run,NaN,NaN,-0.398,1.000
85.830,0.010,0.600,1.000,1.000,5.240,Run,NaN,NaN,1.598,1.000
85.840,0.010,0.600,-1.000,-1.000,5.230,Run,NaN,NaN,-0.398,1.000
85.850,0.010,0.600,1.000,1.000,5.240,Run,NaN,NaN,1.598,1.000
85.860,0.010,0.600,-1.000,-1.000,5.230,Run,NaN,NaN,-0.398,1.000
85.870,0.010,0.600,1.000,1.000,5.240,Run,NaN,NaN,1.598,1.000
85.880,0.010,0.600,-1.000,-1.000,5.230,Run,NaN,NaN,-0.398,1.000
85.890,0.010,0.600,1.000,1.000,5.240,Run,NaN,NaN,1.598,1.000
85.900,0.010,0.600,-1.000,-1.000,5.230,Run,NaN,NaN,-0.398,1.000
85.910,0.010,0.600,1.000,1.000,5.240,Run,NaN,NaN,1.598,1.000
85.920,0.010,0.600,-1.000,-1.000,5.230,Run,NaN,NaN,-0.398,1.000
85.930,0.010,0.600,1.000,1.000,5.240,Run,NaN,NaN,1.598,1.000
85.940,0.010,0.600,-1.000,-1.000,5.230,Run,NaN,NaN,-0.398,1.000
85.950,0.010,0.600,1.000,1.000,5.240,Run,NaN,NaN,1.598,1.000
85.960,0.010,0.600,-1.000,-1.000,5.230,Run,NaN,NaN,-0.398,1.000
85.970,0.010,0.600,1.000,1.000,5.240,Run,NaN,NaN,1.598,1.000
85.980,0.010,0.600,-1.000,-1.000,5.230,Run,NaN,NaN,-0.398,1.000
85.990,0.010,0.600,1.000,1.000,5.240,Run,NaN,NaN,1.598,1.000
86.000,0.010,0.600,-1.000,-1.000,5.230,Run,NaN,NaN,-0.398,1.000
86.010,0.010,0.600,1.000,1.000,5.240,Run,NaN,NaN,1.598,1.000
86.020,0.010,0.600,-1.000,-1.000,5.230,Run,NaN,NaN,-0.398,1.000
86.030,0.010,0.600,1.000,1.000,5.240,Run,NaN,NaN,1.598,1.000
86.040,0.010,0.600,-1.000,-1.000,5.230,Run,NaN,NaN,-0.398,1.000
86.050,0.010,0.600,1.000,1.000,5.240,Run,NaN,NaN,1.598,1.000
86.060,0.010,0.600,-1.000,-1.000,5.230,Run,NaN,NaN,-0.398,1.000
86.070,0.010,0.600,1.000,1.000,5.240,Run,NaN,NaN,1.598,1.000
86.080,0.010,0.600,-1.000,-1.000,5.230,Run,NaN,NaN,-0.398,1.000
86.090,0.010,0.600,1.000,1.000,5.240,Run,NaN,NaN,1.598,1.000
86.100,0.010,0.600,-1.000,-1.000,5.230,Run,NaN,NaN,-0.398,1.000
86.110,0.010,0.600,1.000,1.000,5.240,Run,NaN,NaN,1.598,1.000
86.120,0.010,0.600,-1.000,-1.000,5.230,Run,NaN,NaN,-0.398,1.000
86.130,0.010,0.600,1.000,1.000,5.240,Run,NaN,NaN,1.598,1.000
86.140,0.010,0.600,-1.000,-1.000,5.230,Run,NaN,NaN,-0.398,1.000
86.150,0.010,0.600,1.000,1.000,5.240,Run,NaN,NaN,1.598,1.000
86.160,0.010,0.600,-1.000,-1.000,5.230,Run,NaN,NaN,-0.398,1.000
86.170,0.010,0.600,1.000,1.000,5.240,Run,NaN,NaN,1.598,1.000
86.180,0.010,0.600,-1.000,-1.000,5.230,Run,NaN,NaN,-0.398,1.000
86.190,0.010,0.600,1.000,1.000,5.240,Run,NaN,NaN,1.598,1.000
86.200,0.010,0.600,-1.000,-1.000,5.230,Run,NaN,NaN,-0.398,1.000
86.210,0.010,0.600,1.000,1.000,5.240,Run,NaN,NaN,1.598,1.000
86.220,0.010,0.600,-1.000,-1.000,5.230,Run,NaN,NaN,-0.398,1.000
86.230,0.010,0.600,1.000,1.000,5.240,Run,NaN,NaN,1.598,1.000
86.240,0.010,0.600,-1.000,-1.000,5.230,Run,NaN,NaN,-0.398,1.000
86.250,0.010,0.600,1.000,1.000,5.240,Run,NaN,NaN,1.598,1.000
86.260,0.010,0.600,-1.000,-1.000,5.230,Run,NaN,NaN,-0.398,1.000
86.270,0.010,0.600,1.000,1.000,5.240,Run,NaN,NaN,1.598,1.000
86.280,0.010,0.600,-1.000,-1.000,5.230,Run,NaN,NaN,-0.398,1.000
86.290,0.010,0.600,1.000,1.000,5.240,Run,NaN,NaN,1.598,1.000
86.300,0.010,0.600,-1.000,-1.000,5.230,Run,NaN,NaN,-0.398,1.000
86.310,0.010,0.600,1.000,1.000,5.240,Run,NaN,NaN,1.598,1.000
86.320,0.010,0.600,-1.000,-1.000,5.230,Run,NaN,NaN,-0.398,1.000
86.330,0.010,0.600,1.000,1.000,5.240,Run,NaN,NaN,1.598,1.000
86.340,0.010,0.600,-1.000,-1.000,5.230,Run,NaN,NaN,-0.398,1.000
86.350,0.010,0.600,1.000,1.000,5.240,Run,NaN,NaN,1.598,1.000
86.360,0.010,0.600,-1.000,-1.000,5.230,Run,NaN,NaN,-0.398,1.000
86.370,0.010,0.600,1.000,1.000,5.240,Run,NaN,NaN,1.598,1.000
86.380,0.010,0.600,-1.000,-1.000,5.230,Run,NaN,NaN,-0.398,1.000
86.390,0.010,0.600,1.000,1.000,5.240,Run,NaN,NaN,1.598,1.000
86.400,0.010,0.600,-1.000,-1.000,5.230,Run,NaN,NaN,-0.398,1.000
86.410,0.010,0.600,1.000,1.000,5.240,Run,NaN,NaN,1.598,1.000
86.420,0.010,0.600,-1.000,-1.000,5.230,Run,NaN,NaN,-0.398,1.000
86.430,0.010,0.600,1.000,1.000,5.240,Run,NaN,NaN,1.598,1.000
86.440,0.010,0.600,-1.000,-1.000,5.230,Run,NaN,NaN,-0.398,1.000
86.450,0.010,0.600,1.000,1.000,5.240,Run,NaN,NaN,1.598,1.000
86.460,0.010,0.600,-1.000,-1.000,5.230,Run,NaN,NaN,-0.398,1.000
86.470,0.010,0.600,1.000,1.000,5.240,Run,NaN,NaN,1.598,1.000
86.480,0.010,0.600,-1.000,-1.000,5.230,Run,NaN,NaN,-0.398,1.000
86.490,0.010,0.600,1.000,1.000,5.240,Run,NaN,NaN,1.598,1.000
86.500,0.010,0.600,-1.000,-1.000,5.230,Run,NaN,NaN,-0.398,1.000
86.510,0.010,0.600,1.000,1.000,5.240,Run,NaN,NaN,1.598,1.000
86.520,0.010,0.600,-1.000,-1.000,5.230,Run,NaN,NaN,-0.398,1.000
86.530,0.010,0.600,1.000,1.000,5.240,Run,NaN,NaN,1.598,1.000
86.540,0.010,0.600,-1.000,-1.000,5.230,Run,NaN,NaN,-0.398,1.000
86.550,0.010,0.600,1.000,1.000,5.240,Run,NaN,NaN,1.598,1.000
86.560,0.010,0.600,-1.000,-1.000,5.230,Run,NaN,NaN,-0.398,1.000
86.570,0.010,0.600,1.000,1.000,5.240,Run,NaN,NaN,1.598,1.000
86.580,0.010,0.600,-1.000,-1.000,5.230,Run,NaN,NaN,-0.398,1.000
86.590,0.010,0.600,1.000,1.000,5.240,Run,NaN,NaN,1.598,1.000
86.600,0.010,0.600,-1.000,-1.000,5.230,Run,NaN,NaN,-0.398,1.000
86.610,0.010,0.600,1.000,1.000,5.240,Run,NaN,NaN,1.598,1.000
86.620,0.010,0.600,-1.000,-1.000,5.230,Run,NaN,NaN,-0.398,1.000
86.630,0.010,0.600,1.000,1.000,5.240,Run,NaN,NaN,1.598,1.000
86.640,0.010,0.600,-1.000,-1.000,5.230,Run,NaN,NaN,-0.398,1.000
86.650,0.010,0.600,1.000,1.000,5.240,Run,NaN,NaN,1.598,1.000
86.660,0.010,0.600,-1.000,-1.000,5.230,Run,NaN,NaN,-0.398,1.000
86.670,0.010,0.600,1.000,1.000,5.240,Run,NaN,NaN,1.598,1.000
86.680,0.010,0.600,-1.000,-1.000,5.230,Run,NaN,NaN,-0.398,1.000
86.690,0.010,0.600,1.000,1.000,5.240,Run,NaN,NaN,1.598,1.000
86.700,0.010,0.600,-1.000,-1.000,5.230,Run,NaN,NaN,-0.398,1.000
86.710,0.010,0.600,1.000,1.000,5.240,Run,NaN,NaN,1.598,1.000
86.720,0.010,0.600,-1.000,-1.000,5.230,Run,NaN,NaN,-0.398,1.000
86.730,0.010,0.600,1.000,1.000,5.240,Run,NaN,NaN,1.598,1.000
86.740,0.010,0.600,-1.000,-1.000,5.230,Run,NaN,NaN,-0.398,1.000
86.750,0.010,0.600,1.000,1.000,5.240,Run,NaN,NaN,1.598,1.000
86.760,0.010,0.600,-1.000,-1.000,5.230,Run,NaN,NaN,-0.398,1.000
86.770,0.010,0.600,1.000,1.000,5.240,Run,NaN,NaN,1.598,1.000
86.780,0.010,0.600,-1.000,-1.000,5.230,Run,NaN,NaN,-0.398,1.000
86.790,0.010,0.600,1.000,1.000,5.240,Run,NaN,NaN,1.598,1.000
86.800,0.010,0.600,-1.000,-1.000,5.230,Run,NaN,NaN,-0.398,1.000
86.810,0.010,0.600,1.000,1.000,5.240,Run,NaN,NaN,1.598,1.000
86.820,0.010,0.600,-1.000,-1.000,5.230,Run,NaN,NaN,-0.398,1.000
86.830,0.010,0.600,1.000,1.000,5.240,Run,NaN,NaN,1.598,1.000
86.840,0.010,0.600,-1.000,-1.000,5.230,Run,NaN,NaN,-0.398,1.000
86.850,0.010,0.600,1.000,1.000,5.240,Run,NaN,NaN,1.598,1.000
86.860,0.010,0.600,-1.000,-1.000,5.230,Run,NaN,NaN,-0.398,1.000
86.870,0.010,0.600,1.000,1.000,5.240,Run,NaN,NaN,1.598,1.000
86.880,0.010,0.600,-1.000,-1.000,5.230,Run,NaN,NaN,-0.398,1.000
86.890,0.010,0.600,1.000,1.000,5.240,Run,NaN,NaN,1.598,1.000
86.900,0.010,0.600,-1.000,-1.000,5.230,Run,NaN,NaN,-0.398,1.000
86.910,0.010,0.600,1.000,1.000,5.240,Run,NaN,NaN,1.598,1.000
86.920,0.010,0.600,-1.000,-1.000,5.230,Run,NaN,NaN,-0.398,1.000
86.930,0.010,0.600,1.000,1.000,5.240,Run,NaN,NaN,1.598,1.000
86.940,0.010,0.600,-1.000,-1.000,5.230,Run,NaN,NaN,-0.398,1.000
86.950,0.010,0.600,1.000,1.000,5.240,Run,NaN,NaN,1.598,1.000
86.960,0.010,0.600,-1.000,-1.000,5.230,Run,NaN,NaN,-0.398,1.000
86.970,0.010,0.600,1.000,1.000,5.240,Run,NaN,NaN,1.598,1.000
86.980,0.010,0.600,-1.000,-1.000,5.230,Run,NaN,NaN,-0.398,1.000
86.990,0.010,0.600,1.000,1.000,5.240,Run,NaN,NaN,1.598,1.000
87.000,0.010,0.600,-1.000,-1.000,5.230,Run,NaN,NaN,-0.398,1.000
87.010,0.010,0.600,1.000,1.000,5.240,Run,NaN,NaN,1.598,1.000
87.020,0.010,0.600,-1.000,-1.000,5.230,Run,NaN,NaN,-0.398,1.000
87.030,0.010,0.600,1.000,1.000,5.240,Run,NaN,NaN,1.598,1.000
87.040,0.010,0.600,-1.000,-1.000,5.230,Run,NaN,NaN,-0.398,1.000
87.050,0.010,0.600,1.000,1.000,5.240,Run,NaN,NaN,1.598,1.000
87.060,0.010,0.600,-1.000,-1.000,5.230,Run,NaN,NaN,-0.398,1.000
87.070,0.010,0.600,1.000,1.000,5.240,Run,NaN,NaN,1.598,1.000
87.080,0.010,0.600,-1.000,-1.000,5.230,Run,NaN,NaN,-0.398,1.000
87.090,0.010,0.600,1.000,1.000,5.240,Run,NaN,NaN,1.598,1.000
87.100,0.010,0.600,-1.000,-1.000,5.230,Run,NaN,NaN,-0.398,1.000
87.110,0.010,0.600,1.000,1.000,5.240,Run,NaN,NaN,1.598,1.000
87.120,0.010,0.600,-1.000,-1.000,5.230,Run,NaN,NaN,-0.398,1.000
87.130,0.010,0.600,1.000,1.000,5.240,Run,NaN,NaN,1.598,1.000
87.140,0.010,0.600,-1.000,-1.000,5.230,Run,NaN,NaN,-0.398,1.000
87.150,0.010,0.600,1.000,1.000,5.240,Run,NaN,NaN,1.598,1.000
87.160,0.010,0.600,-1.000,-1.000,5.230,Run,NaN,NaN,-0.398,1.000
87.170,0.010,0.600,1.000,1.000,5.240,Run,NaN,NaN,1.598,1.000
87.180,0.010,0.600,-1.000,-1.000,5.230,Run,NaN,NaN,-0.398,1.000
87.190,0.010,0.600,1.000,1.000,5.240,Run,NaN,NaN,1.598,1.000
87.200,0.010,0.600,-1.000,-1.000,5.230,Run,NaN,NaN,-0.398,1.000
87.210,0.010,0.600,1.000,1.000,5.240,Run,NaN,NaN,1.598,1.000
87.220,0.010,0.600,-1.000,-1.000,5.230,Run,NaN,NaN,-0.398,1.000
87.230,0.010,0.600,1.000,1.000,5.240,Run,NaN,NaN,1.598,1.000
87.240,0.010,0.600,-1.000,-1.000,5.230,Run,NaN,NaN,-0.398,1.000
87.250,0.010,0.600,1.000,1.000,5.240,Run,NaN,NaN,1.598,1.000
87.260,0.010,0.600,-1.000,-1.000,5.230,Run,NaN,NaN,-0.398,1.000
87.270,0.010,0.600,1.000,1.000,5.240,Run,NaN,NaN,1.598,1.000
87.280,0.010,0.600,-1.000,-1.000,5.230,Run,NaN,NaN,-0.398,1.000
87.290,0.010,0.600,1.000,1.000,5.240,Run,NaN,NaN,1.598,1.000
87.300,0.010,0.600,-1.000,-1.000,5.230,Run,NaN,NaN,-0.398,1.000
87.310,0.010,0.600,1.000,1.000,5.240,Run,NaN,NaN,1.598,1.000
87.320,0.010,0.600,-1.000,-1.000,5.230,Run,NaN,NaN,-0.398,1.000
87.330,0.010,0.600,1.000,1.000,5.240,Run,NaN,NaN,1.598,1.000
87.340,0.010,0.600,-1.000,-1.000,5.230,Run,NaN,NaN,-0.398,1.000
87.350,0.010,0.600,1.000,1.000,5.240,Run,NaN,NaN,1.598,1.000
87.360,0.010,0.600,-1.000,-1.000,5.230,Run,NaN,NaN,-0.398,1.000
87.370,0.010,0.600,1.000,1.000,5.240,Run,NaN,NaN,1.598,1.000
87.380,0.010,0.600,-1.000,-1.000,5.230,Run,NaN,NaN,-0.398,1.000
87.390,0.010,0.600,1.000,1.000,5.240,Run,NaN,NaN,1.598,1.000
87.400,0.010,0.600,-1.000,-1.000,5.230,Run,NaN,NaN,-0.398,1.000
87.410,0.010,0.600,1.000,1.000,5.240,Run,NaN,NaN,1.598,1.000
87.420,0.010,0.600,-1.000,-1.000,5.230,Run,NaN,NaN,-0.398,1.000
87.430,0.010,0.600,1.000,1.000,5.240,Run,NaN,NaN,1.598,1.000
87.440,0.010,0.600,-1.000,-1.000,5.230,Run,NaN,NaN,-0.398,1.000
87.450,0.010,0.600,1.000,1.000,5.240,Run,NaN,NaN,1.598,1.000
87.460,0.010,0.600,-1.000,-1.000,5.230,Run,NaN,NaN,-0.398,1.000
87.470,0.010,0.600,1.000,1.000,5.240,Run,NaN,NaN,1.598,1.000
87.480,0.010,0.600,-1.000,-1.000,5.230,Run,NaN,NaN,-0.398,1.000
87.490,0.010,0.600,1.000,1.000,5.240,Run,NaN,NaN,1.598,1.000
87.500,0.010,0.600,-1.000,-1.000,5.230,Run,NaN,NaN,-0.398,1.000
87.510,0.010,0.600,1.000,1.000,5.240,Run,NaN,NaN,1.598,1.000
87.520,0.010,0.600,-1.000,-1.000,5.230,Run,NaN,NaN,-0.398,1.000
87.530,0.010,0.600,1.000,1.000,5.240,Run,NaN,NaN,1.598,1.000
87.540,0.010,0.600,-1.000,-1.000,5.230,Run,NaN,NaN,-0.398,1.000
87.550,0.010,0.600,1.000,1.000,5.240,Run,NaN,NaN,1.598,1.000
87.560,0.010,0.600,-1.000,-1.000,5.230,Run,NaN,NaN,-0.398,1.000
87.570,0.010,0.600,1.000,1.000,5.240,Run,NaN,NaN,1.598,1.000
87.580,0.010,0.600,-1.000,-1.000,5.230,Run,NaN,NaN,-0.398,1.000
87.590,0.010,0.600,1.000,1.000,5.240,Run,NaN,NaN,1.598,1.000
87.600,0.010,0.600,-1.000,-1.000,5.230,Run,NaN,NaN,-0.398,1.000
87.610,0.010,0.600,1.000,1.000,5.240,Run,NaN,NaN,1.598,1.000
87.620,0.010,0.600,-1.000,-1.000,5.230,Run,NaN,NaN,-0.398,1.000
87.630,0.010,0.600,1.000,1.000,5.240,Run,NaN,NaN,1.598,1.000
87.640,0.010,0.600,-1.000,-1.000,5.230,Run,NaN,NaN,-0.398,1.000
87.650,0.010,0.600,1.000,1.000,5.240,Run,NaN,NaN,1.598,1.000
87.660,0.010,0.600,-1.000,-1.000,5.230,Run,NaN,NaN,-0.398,1.000
87.670,0.010,0.600,1.000,1.000,5.240,Run,NaN,NaN,1.598,1.000
87.680,0.010,0.600,-1.000,-1.000,5.230,Run,NaN,NaN,-0.398,1.000
87.690,0.010,0.600,1.000,1.000,5.240,Run,NaN,NaN,1.598,1.000
87.700,0.010,0.600,-1.000,-1.000,5.230,Run,NaN,NaN,-0.398,1.000
87.710,0.010,0.600,1.000,1.000,5.240,Run,NaN,NaN,1.598,1.000
87.720,0.010,0.600,-1.000,-1.000,5.230,Run,NaN,NaN,-0.398,1.000
87.730,0.010,0.600,1.000,1.000,5.240,Run,NaN,NaN,1.598,1.000
87.740,0.010,0.600,-1.000,-1.000,5.230,Run,NaN,NaN,-0.398,1.000
87.750,0.010,0.600,1.000,1.000,5.240,Run,NaN,NaN,1.598,1.000
87.760,0.010,0.600,-1.000,-1.000,5.230,Run,NaN,NaN,-0.398,1.000
87.770,0.010,0.600,1.000,1.000,5.240,Run,NaN,NaN,1.598,1.000
87.780,0.010,0.600,-1.000,-1.000,5.230,Run,NaN,NaN,-0.398,1.000
87.790,0.010,0.600,1.000,1.000,5.240,Run,NaN,NaN,1.598,1.000
87.800,0.010,0.600,-1.000,-1.000,5.230,Run,NaN,NaN,-0.398,1.000
87.810,0.010,0.600,1.000,1.000,5.240,Run,NaN,NaN,1.598,1.000
87.820,0.010,0.600,-1.000,-1.000,5.230,Run,NaN,NaN,-0.398,1.000
87.830,0.010,0.600,1.000,1.000,5.240,Run,NaN,NaN,1.598,1.000
87.840,0.010,0.600,-1.000,-1.000,5.230,Run,NaN,NaN,-0.398,1.000
87.850,0.010,0.600,1.000,1.000,5.240,Run,NaN,NaN,1.598,1.000
87.860,0.010,0.600,-1.000,-1.000,5.230,Run,NaN,NaN,-0.398,1.000
87.870,0.010,0.600,1.000,1.000,5.240,Run,NaN,NaN,1.598,1.000
87.880,0.010,0.600,-1.000,-1.000,5.230,Run,NaN,NaN,-0.398,1.000
87.890,0.010,0.600,1.000,1.000,5.240,Run,NaN,NaN,1.598,1.000
87.900,0.010,0.600,-1.000,-1.000,5.230,Run,NaN,NaN,-0.398,1.000
87.910,0.010,0.600,1.000,1.000,5.240,Run,NaN,NaN,1.598,1.000
87.920,0.010,0.600,-1.000,-1.000,5.230,Run,NaN,NaN,-0.398,1.000
87.930,0.010,0.600,1.000,1.000,5.240,Run,NaN,NaN,1.598,1.000
87.940,0.010,0.600,-1.000,-1.000,5.230,Run,NaN,NaN,-0.398,1.000
87.950,0.010,0.600,1.000,1.000,5.240,Run,NaN,NaN,1.598,1.000
87.960,0.010,0.600,-1.000,-1.000,5.230,Run,NaN,NaN,-0.398,1.000
87.970,0.010,0.600,1.000,1.000,5.240,Run,NaN,NaN,1.598,1.000
87.980,0.010,0.600,-1.000,-1.000,5.230,Run,NaN,NaN,-0.398,1.000
87.990,0.010,0.600,1.000,1.000,5.240,Run,NaN,NaN,1.598,1.000
88.000,0.010,0.600,-1.000,-1.000,5.230,Run,NaN,NaN,-0.398,1.000
88.010,0.010,0.600,1.000,1.000,5.240,Run,NaN,NaN,1.598,1.000
88.020,0.010,0.600,-1.000,-1.000,5.230,Run,NaN,NaN,-0.398,1.000
88.030,0.010,0.600,1.000,1.000,5.240,Run,NaN,NaN,1.598,1.000
88.040,0.010,0.600,-1.000,-1.000,5.230,Run,NaN,NaN,-0.398,1.000
88.050,0.010,0.600,1.000,1.000,5.240,Run,NaN,NaN,1.598,1.000
88.060,0.010,0.600,-1.000,-1.000,5.230,Run,NaN,NaN,-0.398,1.000
88.070,0.010,0.600,1.000,1.000,5.240,Run,NaN,NaN,1.598,1.000
88.080,0.010,0.600,-1.000,-1.000,5.230,Run,NaN,NaN,-0.398,1.000
88.090,0.010,0.600,1.000,1.000,5.240,Run,NaN,NaN,1.598,1.000
88.100,0.010,0.600,-1.000,-1.000,5.230,Run,NaN,NaN,-0.398,1.000
88.110,0.010,0.600,1.000,1.000,5.240,Run,NaN,NaN,1.598,1.000
88.120,0.010,0.600,-1.000,-1.000,5.230,Run,NaN,NaN,-0.398,1.000
88.130,0.010,0.600,1.000,1.000,5.240,Run,NaN,NaN,1.598,1.000
88.140,0.010,0.600,-1.000,-1.000,5.230,Run,NaN,NaN,-0.398,1.000
88.150,0.010,0.600,1.000,1.000,5.240,Run,NaN,NaN,1.598,1.000
88.160,0.010,0.600,-1.000,-1.000,5.230,Run,NaN,NaN,-0.398,1.000
88.170,0.010,0.600,1.000,1.000,5.240,Run,NaN,NaN,1.598,1.000
88.180,0.010,0.600,-1.000,-1.000,5.230,Run,NaN,NaN,-0.398,1.000
88.190,0.010,0.600,1.000,1.000,5.240,Run,NaN,NaN,1.598,1.000
88.200,0.010,0.600,-1.000,-1.000,5.230,Run,NaN,NaN,-0.398,1.000
88.210,0.010,0.600,1.000,1.000,5.240,Run,NaN,NaN,1.598,1.000
88.220,0.010,0.600,-1.000,-1.000,5.230,Run,NaN,NaN,-0.398,1.000
88.230,0.010,0.600,1.000,1.000,5.240,Run,NaN,NaN,1.598,1.000
88.240,0.010,0.600,-1.000,-1.000,5.230,Run,NaN,NaN,-0.398,1.000
88.250,0.010,0.600,1.000,1.000,5.240,Run,NaN,NaN,1.598,1.000
88.260,0.010,0.600,-1.000,-1.000,5.230,Run,NaN,NaN,-0.398,1.000
88.270,0.010,0.600,1.000,1.000,5.240,Run,NaN,NaN,1.598,1.000
88.280,0.010,0.600,-1.000,-1.000,5.230,Run,NaN,NaN,-0.398,1.000
88.290,0.010,0.600,1.000,1.000,5.240,Run,NaN,NaN,1.598,1.000
88.300,0.010,0.600,-1.000,-1.000,5.230,Run,NaN,NaN,-0.398,1.000
88.310,0.010,0.600,1.000,1.000,5.240,Run,NaN,NaN,1.598,1.000
88.320,0.010,0.600,-1.000,-1.000,5.230,Run,NaN,NaN,-0.398,1.000
88.330,0.010,0.600,1.000,1.000,5.240,Run,NaN,NaN,1.598,1.000
88.340,0.010,0.600,-1.000,-1.000,5.230,Run,NaN,NaN,-0.398,1.000
88.350,0.010,0.600,1.000,1.000,5.240,Run,NaN,NaN,1.598,1.000
88.360,0.010,0.600,-1.000,-1.000,5.230,Run,NaN,NaN,-0.398,1.000
88.370,0.010,0.600,1.000,1.000,5.240,Run,NaN,NaN,1.598,1.000
88.380,0.010,0.600,-1.000,-1.000,5.230,Run,NaN,NaN,-0.398,1.000
88.390,0.010,0.600,1.000,1.000,5.240,Run,NaN,NaN,1.598,1.000
88.400,0.010,0.600,-1.000,-1.000,5.230,Run,NaN,NaN,-0.398,1.000
88.410,0.010,0.600,1.000,1.000,5.240,Run,NaN,NaN,1.598,1.000
88.420,0.010,0.600,-1.000,-1.000,5.230,Run,NaN,NaN,-0.398,1.000
88.430,0.010,0.600,1.000,1.000,5.240,Run,NaN,NaN,1.598,1.000
88.440,0.010,0.600,-1.000,-1.000,5.230,Run,NaN,NaN,-0.398,1.000
88.450,0.010,0.600,1.000,1.000,5.240,Run,NaN,NaN,1.598,1.000
88.460,0.010,0.600,-1.000,-1.000,5.230,Run,NaN,NaN,-0.398,1.000
88.470,0.010,0.600,1.000,1.000,5.240,Run,NaN,NaN,1.598,1.000
88.480,0.010,0.600,-1.000,-1.000,5.230,Run,NaN,NaN,-0.398,1.000
88.490,0.010,0.600,1.000,1.000,5.240,Run,NaN,NaN,1.598,1.000
88.500,0.010,0.600,-1.000,-1.000,5.230,Run,NaN,NaN,-0.398,1.000
88.510,0.010,0.600,1.000,1.000,5.240,Run,NaN,NaN,1.598,1.000
88.521,0.010,0.600,-1.000,-1.000,5.230,Run,NaN,NaN,-0.398,1.000
88.531,0.010,0.600,1.000,1.000,5.240,Run,NaN,NaN,1.598,1.000
88.541,0.010,0.600,-1.000,-1.000,5.230,Run,NaN,NaN,-0.398,1.000
88.551,0.010,0.600,1.000,1.000,5.240,Run,NaN,NaN,1.598,1.000
88.561,0.010,0.600,-1.000,-1.000,5.230,Run,NaN,NaN,-0.398,1.000
88.571,0.010,0.600,1.000,1.000,5.240,Run,NaN,NaN,1.598,1.000
88.581,0.010,0.600,-1.000,-1.000,5.230,Run,NaN,NaN,-0.398,1.000
88.591,0.010,0.600,1.000,1.000,5.240,Run,NaN,NaN,1.598,1.000
88.601,0.010,0.600,-1.000,-1.000,5.230,Run,NaN,NaN,-0.398,1.000
88.611,0.010,0.600,1.000,1.000,5.240,Run,NaN,NaN,1.598,1.000
88.621,0.010,0.600,-1.000,-1.000,5.230,Run,NaN,NaN,-0.398,1.000
88.631,0.010,0.600,1.000,1.000,5.240,Run,NaN,NaN,1.598,1.000
88.641,0.010,0.600,-1.000,-1.000,5.230,Run,NaN,NaN,-0.398,1.000
88.651,0.010,0.600,1.000,1.000,5.240,Run,NaN,NaN,1.598,1.000
88.661,0.010,0.600,-1.000,-1.000,5.230,Run,NaN,NaN,-0.398,1.000
88.671,0.010,0.600,1.000,1.000,5.240,Run,NaN,NaN,1.598,1.000
88.681,0.010,0.600,-1.000,-1.000,5.230,Run,NaN,NaN,-0.398,1.000
88.691,0.010,0.600,1.000,1.000,5.240,Run,NaN,NaN,1.598,1.000
88.701,0.010,0.600,-1.000,-1.000,5.230,Run,NaN,NaN,-0.398,1.000
88.711,0.010,0.600,1.000,1.000,5.240,Run,NaN,NaN,1.598,1.000
88.721,0.010,0.600,-1.000,-1.000,5.230,Run,NaN,NaN,-0.398,1.000
88.731,0.010,0.600,1.000,1.000,5.240,Run,NaN,NaN,1.598,1.000
88.741,0.010,0.600,-1.000,-1.000,5.230,Run,NaN,NaN,-0.398,1.000
88.751,0.010,0.600,1.000,1.000,5.240,Run,NaN,NaN,1.598,1.000
88.761,0.010,0.600,-1.000,-1.000,5.230,Run,NaN,NaN,-0.398,1.000
88.771,0.010,0.600,1.000,1.000,5.240,Run,NaN,NaN,1.598,1.000
88.781,0.010,0.600,-1.000,-1.000,5.230,Run,NaN,NaN,-0.398,1.000
88.791,0.010,0.600,1.000,1.000,5.240,Run,NaN,NaN,1.598,1.000
88.801,0.010,0.600,-1.000,-1.000,5.230,Run,NaN,NaN,-0.398,1.000
88.811,0.010,0.600,1.000,1.000,5.240,Run,NaN,NaN,1.598,1.000
88.821,0.010,0.600,-1.000,-1.000,5.230,Run,NaN,NaN,-0.398,1.000
88.831,0.010,0.600,1.000,1.000,5.240,Run,NaN,NaN,1.598,1.000
88.841,0.010,0.600,-1.000,-1.000,5.230,Run,NaN,NaN,-0.398,1.000
88.851,0.010,0.600,1.000,1.000,5.240,Run,NaN,NaN,1.598,1.000
88.861,0.010,0.600,-1.000,-1.000,5.230,Run,NaN,NaN,-0.398,1.000
88.871,0.010,0.600,1.000,1.000,5.240,Run,NaN,NaN,1.598,1.000
88.881,0.010,0.600,-1.000,-1.000,5.230,Run,NaN,NaN,-0.398,1.000
88.891,0.010,0.600,1.000,1.000,5.240,Run,NaN,NaN,1.598,1.000
88.901,0.010,0.600,-1.000,-1.000,5.230,Run,NaN,NaN,-0.398,1.000
88.911,0.010,0.600,1.000,1.000,5.240,Run,NaN,NaN,1.598,1.000
88.921,0.010,0.600,-1.000,-1.000,5.230,Run,NaN,NaN,-0.398,1.000
88.931,0.010,0.600,1.000,1.000,5.240,Run,NaN,NaN,1.598,1.000
88.941,0.010,0.600,-1.000,-1.000,5.230,Run,NaN,NaN,-0.398,1.000
88.951,0.010,0.600,1.000,1.000,5.240,Run,NaN,NaN,1.598,1.000
88.961,0.010,0.600,-1.000,-1.000,5.230,Run,NaN,NaN,-0.398,1.000
88.971,0.010,0.600,1.000,1.000,5.240,Run,NaN,NaN,1.598,1.000
88.981,0.010,0.600,-1.000,-1.000,5.230,Run,NaN,NaN,-0.398,1.000
88.991,0.010,0.600,1.000,1.000,5.240,Run,NaN,NaN,1.598,1.000
89.001,0.010,0.600,-1.000,-1.000,5.230,Run,NaN,NaN,-0.398,1.000
89.011,0.010,0.600,1.000,1.000,5.240,Run,NaN,NaN,1.598,1.000
89.021,0.010,0.600,-1.000,-1.000,5.230,Run,NaN,NaN,-0.398,1.000
89.031,0.010,0.600,1.000,1.000,5.240,Run,NaN,NaN,1.598,1.000
89.041,0.010,0.600,-1.000,-1.000,5.230,Run,NaN,NaN,-0.398,1.000
89.051,0.010,0.600,1.000,1.000,5.240,Run,NaN,NaN,1.598,1.000
89.061,0.010,0.600,-1.000,-1.000,5.230,Run,NaN,NaN,-0.398,1.000
89.071,0.010,0.600,1.000,1.000,5.240,Run,NaN,NaN,1.598,1.000
89.081,0.010,0.600,-1.000,-1.000,5.230,Run,NaN,NaN,-0.398,1.000
89.091,0.010,0.600,1.000,1.000,5.240,Run,NaN,NaN,1.598,1.000
89.101,0.010,0.600,-1.000,-1.000,5.230,Run,NaN,NaN,-0.398,1.000
89.111,0.010,0.600,1.000,1.000,5.240,Run,NaN,NaN,1.598,1.000
89.121,0.010,0.600,-1.000,-1.000,5.230,Run,NaN,NaN,-0.398,1.000
89.131,0.010,0.600,1.000,1.000,5.240,Run,NaN,NaN,1.598,1.000
89.141,0.010,0.600,-1.000,-1.000,5.230,Run,NaN,NaN,-0.398,1.000
89.151,0.010,0.600,1.000,1.000,5.240,Run,NaN,NaN,1.598,1.000
89.161,0.010,0.600,-1.000,-1.000,5.230,Run,NaN,NaN,-0.398,1.000
89.171,0.010,0.600,1.000,1.000,5.240,Run,NaN,NaN,1.598,1.000
89.181,0.010,0.600,-1.000,-1.000,5.230,Run,NaN,NaN,-0.398,1.000
89.191,0.010,0.600,1.000,1.000,5.240,Run,NaN,NaN,1.598,1.000
89.201,0.010,0.600,-1.000,-1.000,5.230,Run,NaN,NaN,-0.398,1.000
89.211,0.010,0.600,1.000,1.000,5.240,Run,NaN,NaN,1.598,1.000
89.221,0.010,0.600,-1.000,-1.000,5.230,Run,NaN,NaN,-0.398,1.000
89.231,0.010,0.600,1.000,1.000,5.240,Run,NaN,NaN,1.598,1.000
89.241,0.010,0.600,-1.000,-1.000,5.230,Run,NaN,NaN,-0.398,1.000
89.251,0.010,0.600,1.000,1.000,5.240,Run,NaN,NaN,1.598,1.000
89.261,0.010,0.600,-1.000,-1.000,5.230,Run,NaN,NaN,-0.398,1.000
89.271,0.010,0.600,1.000,1.000,5.240,Run,NaN,NaN,1.598,1.000
89.281,0.010,0.600,-1.000,-1.000,5.230,Run,NaN,NaN,-0.398,1.000
89.291,0.010,0.600,1.000,1.000,5.240,Run,NaN,NaN,1.598,1.000
89.301,0.010,0.600,-1.000,-1.000,5.230,Run,NaN,NaN,-0.398,1.000
89.311,0.010,0.600,1.000,1.000,5.240,Run,NaN,NaN,1.598,1.000
89.321,0.010,0.600,-1.000,-1.000,5.230,Run,NaN,NaN,-0.398,1.000
89.331,0.010,0.600,1.000,1.000,5.240,Run,NaN,NaN,1.598,1.000
89.341,0.010,0.600,-1.000,-1.000,5.230,Run,NaN,NaN,-0.398,1.000
89.351,0.010,0.600,1.000,1.000,5.240,Run,NaN,NaN,1.598,1.000
89.361,0.010,0.600,-1.000,-1.000,5.230,Run,NaN,NaN,-0.398,1.000
89.371,0.010,0.600,1.000,1.000,5.240,Run,NaN,NaN,1.598,1.000
89.381,0.010,0.600,-1.000,-1.000,5.230,Run,NaN,NaN,-0.398,1.000
89.391,0.010,0.600,1.000,1.000,5.240,Run,NaN,NaN,1.598,1.000
89.401,0.010,0.600,-1.000,-1.000,5.230,Run,NaN,NaN,-0.398,1.000
89.411,0.010,0.600,1.000,1.000,5.240,Run,NaN,NaN,1.598,1.000
89.421,0.010,0.600,-1.000,-1.000,5.230,Run,NaN,NaN,-0.398,1.000
89.431,0.010,0.600,1.000,1.000,5.240,Run,NaN,NaN,1.598,1.000
89.441,0.010,0.600,-1.000,-1.000,5.230,Run,NaN,NaN,-0.398,1.000
89.451,0.010,0.600,1.000,1.000,5.240,Run,NaN,NaN,1.598,1.000
89.461,0.010,0.600,-1.000,-1.000,5.230,Run,NaN,NaN,-0.398,1.000
89.471,0.010,0.600,1.000,1.000,5.240,Run,NaN,NaN,1.598,1.000
89.481,0.010,0.600,-1.000,-1.000,5.230,Run,NaN,NaN,-0.398,1.000
89.491,0.010,0.600,1.000,1.000,5.240,Run,NaN,NaN,1.598,1.000
89.501,0.010,0.600,-1.000,-1.000,5.230,Run,NaN,NaN,-0.398,1.000
89.511,0.010,0.600,1.000,1.000,5.240,Run,NaN,NaN,1.598,1.000
89.521,0.010,0.600,-1.000,-1.000,5.230,Run,NaN,NaN,-0.398,1.000
89.531,0.010,0.600,1.000,1.000,5.240,Run,NaN,NaN,1.598,1.000
89.541,0.010,0.600,-1.000,-1.000,5.230,Run,NaN,NaN,-0.398,1.000
89.551,0.010,0.600,1.000,1.000,5.240,Run,NaN,NaN,1.598,1.000
89.561,0.010,0.600,-1.000,-1.000,5.230,Run,NaN,NaN,-0.398,1.000
89.571,0.010,0.600,1.000,1.000,5.240,Run,NaN,NaN,1.598,1.000
89.581,0.010,0.600,-1.000,-1.000,5.230,Run,NaN,NaN,-0.398,1.000
89.591,0.010,0.600,1.000,1.000,5.240,Run,NaN,NaN,1.598,1.000
89.601,0.010,0.600,-1.000,-1.000,5.230,Run,NaN,NaN,-0.398,1.000
89.611,0.010,0.600,1.000,1.000,5.240,Run,NaN,NaN,1.598,1.000
89.621,0.010,0.600,-1.000,-1.000,5.230,Run,NaN,NaN,-0.398,1.000
89.631,0.010,0.600,1.000,1.000,5.240,Run,NaN,NaN,1.598,1.000
89.641,0.010,0.600,-1.000,-1.000,5.230,Run,NaN,NaN,-0.398,1.000
89.651,0.010,0.600,1.000,1.000,5.240,Run,NaN,NaN,1.598,1.000
89.661,0.010,0.600,-1.000,-1.000,5.230,Run,NaN,NaN,-0.398,1.000
89.671,0.010,0.600,1.000,1.000,5.240,Run,NaN,NaN,1.598,1.000
89.681,0.010,0.600,-1.000,-1.000,5.230,Run,NaN,NaN,-0.398,1.000
89.691,0.010,0.600,1.000,1.000,5.240,Run,NaN,NaN,1.598,1.000
89.701,0.010,0.600,-1.000,-1.000,5.230,Run,NaN,NaN,-0.398,1.000
89.711,0.010,0.600,1.000,1.000,5.240,Run,NaN,NaN,1.598,1.000
89.721,0.010,0.600,-1.000,-1.000,5.230,Run,NaN,NaN,-0.398,1.000
89.731,0.010,0.600,1.000,1.000,5.240,Run,NaN,NaN,1.598,1.000
89.741,0.010,0.600,-1.000,-1.000,5.230,Run,NaN,NaN,-0.398,1.000
89.751,0.010,0.600,1.000,1.000,5.240,Run,NaN,NaN,1.598,1.000
89.761,0.010,0.600,-1.000,-1.000,5.230,Run,NaN,NaN,-0.398,1.000
89.771,0.010,0.600,1.000,1.000,5.240,Run,NaN,NaN,1.598,1.000
89.781,0.010,0.600,-1.000,-1.000,5.230,Run,NaN,NaN,-0.398,1.000
89.791,0.010,0.600,1.000,1.000,5.240,Run,NaN,NaN,1.598,1.000
89.801,0.010,0.600,-1.000,-1.000,5.230,Run,NaN,NaN,-0.398,1.000
89.811,0.010,0.600,1.000,1.000,5.240,Run,NaN,NaN,1.598,1.000
89.821,0.010,0.600,-1.000,-1.000,5.230,Run,NaN,NaN,-0.398,1.000
89.831,0.010,0.600,1.000,1.000,5.240,Run,NaN,NaN,1.598,1.000
89.841,0.010,0.600,-1.000,-1.000,5.230,Run,NaN,NaN,-0.398,1.000
89.851,0.010,0.600,1.000,1.000,5.240,Run,NaN,NaN,1.598,1.000
89.861,0.010,0.600,-1.000,-1.000,5.230,Run,NaN,NaN,-0.398,1.000
89.871,0.010,0.600,1.000,1.000,5.240,Run,NaN,NaN,1.598,1.000
89.881,0.010,0.600,-1.000,-1.000,5.230,Run,NaN,NaN,-0.398,1.000
89.891,0.010,0.600,1.000,1.000,5.240,Run,NaN,NaN,1.598,1.000
89.901,0.010,0.600,-1.000,-1.000,5.230,Run,NaN,NaN,-0.398,1.000
89.911,0.010,0.600,1.000,1.000,5.240,Run,NaN,NaN,1.598,1.000
89.921,0.010,0.600,-1.000,-1.000,5.230,Run,NaN,NaN,-0.398,1.000
89.931,0.010,0.600,1.000,1.000,5.240,Run,NaN,NaN,1.598,1.000
89.941,0.010,0.600,-1.000,-1.000,5.230,Run,NaN,NaN,-0.398,1.000
89.951,0.010,0.600,1.000,1.000,5.240,Run,NaN,NaN,1.598,1.000
89.961,0.010,0.600,-1.000,-1.000,5.230,Run,NaN,NaN,-0.398,1.000
89.971,0.010,0.600,1.000,1.000,5.240,Run,NaN,NaN,1.598,1.000
89.981,0.010,0.600,-1.000,-1.000,5.230,Run,NaN,NaN,-0.398,1.000
89.991,0.010,0.600,1.000,1.000,5.240,Run,NaN,NaN,1.598,1.000
90.001,0.010,0.600,-1.000,-1.000,5.230,Run,NaN,NaN,-0.398,1.000
90.011,0.010,0.600,1.000,1.000,5.240,Run,NaN,NaN,1.598,1.000
90.021,0.010,0.600,-1.000,-1.000,5.230,Run,NaN,NaN,-0.398,1.000
90.031,0.010,0.600,1.000,1.000,5.240,Run,NaN,NaN,1.598,1.000
90.041,0.010,0.600,-1.000,-1.000,5.230,Run,NaN,NaN,-0.398,1.000
90.051,0.010,0.600,1.000,1.000,5.240,Run,NaN,NaN,1.598,1.000
90.061,0.010,0.600,-1.000,-1.000,5.230,Run,NaN,NaN,-0.398,1.000
90.071,0.010,0.600,1.000,1.000,5.240,Run,NaN,NaN,1.598,1.000
90.081,0.010,0.600,-1.000,-1.000,5.230,Run,NaN,NaN,-0.398,1.000
90.091,0.010,0.600,1.000,1.000,5.240,Run,NaN,NaN,1.598,1.000
90.101,0.010,0.600,-1.000,-1.000,5.230,Run,NaN,NaN,-0.398,1.000
90.111,0.010,0.600,1.000,1.000,5.240,Run,NaN,NaN,1.598,1.000
90.121,0.010,0.600,-1.000,-1.000,5.230,Run,NaN,NaN,-0.398,1.000
90.131,0.010,0.600,1.000,1.000,5.240,Run,NaN,NaN,1.598,1.000
90.141,0.010,0.600,-1.000,-1.000,5.230,Run,NaN,NaN,-0.398,1.000
90.151,0.010,0.600,1.000,1.000,5.240,Run,NaN,NaN,1.598,1.000
90.161,0.010,0.600,-1.000,-1.000,5.230,Run,NaN,NaN,-0.398,1.000
90.171,0.010,0.600,1.000,1.000,5.240,Run,NaN,NaN,1.598,1.000
90.181,0.010,0.600,-1.000,-1.000,5.230,Run,NaN,NaN,-0.398,1.000
90.191,0.010,0.600,1.000,1.000,5.240,Run,NaN,NaN,1.598,1.000
90.201,0.010,0.600,-1.000,-1.000,5.230,Run,NaN,NaN,-0.398,1.000
90.211,0.010,0.600,1.000,1.000,5.240,Run,NaN,NaN,1.598,1.000
90.221,0.010,0.600,-1.000,-1.000,5.230,Run,NaN,NaN,-0.398,1.000
90.231,0.010,0.600,1.000,1.000,5.240,Run,NaN,NaN,1.598,1.000
90.241,0.010,0.600,-1.000,-1.000,5.230,Run,NaN,NaN,-0.398,1.000
90.251,0.010,0.600,1.000,1.000,5.240,Run,NaN,NaN,1.598,1.000
90.261,0.010,0.600,-1.000,-1.000,5.230,Run,NaN,NaN,-0.398,1.000
90.271,0.010,0.600,1.000,1.000,5.240,Run,NaN,NaN,1.598,1.000
90.281,0.010,0.600,-1.000,-1.000,5.230,Run,NaN,NaN,-0.398,1.000
90.291,0.010,0.600,1.000,1.000,5.240,Run,NaN,NaN,1.598,1.000
90.301,0.010,0.600,-1.000,-1.000,5.230,Run,NaN,NaN,-0.398,1.000
90.311,0.010,0.600,1.000,1.000,5.240,Run,NaN,NaN,1.598,1.000
90.321,0.010,0.600,-1.000,-1.000,5.230,Run,NaN,NaN,-0.398,1.000
90.331,0.010,0.600,1.000,1.000,5.240,Run,NaN,NaN,1.598,1.000
90.341,0.010,0.600,-1.000,-1.000,5.230,Run,NaN,NaN,-0.398,1.000
90.351,0.010,0.600,1.000,1.000,5.240,Run,NaN,NaN,1.598,1.000
90.361,0.010,0.600,-1.000,-1.000,5.230,Run,NaN,NaN,-0.398,1.000
90.371,0.010,0.600,1.000,1.000,5.240,Run,NaN,NaN,1.598,1.000
90.381,0.010,0.600,-1.000,-1.000,5.230,Run,NaN,NaN,-0.398,1.000
90.391,0.010,0.600,1.000,1.000,5.240,Run,NaN,NaN,1.598,1.000
90.401,0.010,0.600,-1.000,-1.000,5.230,Run,NaN,NaN,-0.398,1.000
90.411,0.010,0.600,1.000,1.000,5.240,Run,NaN,NaN,1.598,1.000
90.421,0.010,0.600,-1.000,-1.000,5.230,Run,NaN,NaN,-0.398,1.000
90.431,0.010,0.600,1.000,1.000,5.240,Run,NaN,NaN,1.598,1.000
90.441,0.010,0.600,-1.000,-1.000,5.230,Run,NaN,NaN,-0.398,1.000
90.451,0.010,0.600,1.000,1.000,5.240,Run,NaN,NaN,1.598,1.000
90.461,0.010,0.600,-1.000,-1.000,5.230,Run,NaN,NaN,-0.398,1.000
90.471,0.010,0.600,1.000,1.000,5.240,Run,NaN,NaN,1.598,1.000
90.481,0.010,0.600,-1.000,-1.000,5.230,Run,NaN,NaN,-0.398,1.000
90.491,0.010,0.600,1.000,1.000,5.240,Run,NaN,NaN,1.598,1.000
90.501,0.010,0.600,-1.000,-1.000,5.230,Run,NaN,NaN,-0.398,1.000
90.511,0.010,0.600,1.000,1.000,5.240,Run,NaN,NaN,1.598,1.000
90.521,0.010,0.600,-1.000,-1.000,5.230,Run,NaN,NaN,-0.398,1.000
90.531,0.010,0.600,1.000,1.000,5.240,Run,NaN,NaN,1.598,1.000
90.541,0.010,0.600,-1.000,-1.000,5.230,Run,NaN,NaN,-0.398,1.000
90.551,0.010,0.600,1.000,1.000,5.240,Run,NaN,NaN,1.598,1.000
90.561,0.010,0.600,-1.000,-1.000,5.230,Run,NaN,NaN,-0.398,1.000
90.571,0.010,0.600,1.000,1.000,5.240,Run,NaN,NaN,1.598,1.000
90.581,0.010,0.600,-1.000,-1.000,5.230,Run,NaN,NaN,-0.398,1.000
90.591,0.010,0.600,1.000,1.000,5.240,Run,NaN,NaN,1.598,1.000
90.601,0.010,0.600,-1.000,-1.000,5.230,Run,NaN,NaN,-0.398,1.000
90.611,0.010,0.600,1.000,1.000,5.240,Run,NaN,NaN,1.598,1.000
90.621,0.010,0.600,-1.000,-1.000,5.230,Run,NaN,NaN,-0.398,1.000
90.631,0.010,0.600,1.000,1.000,5.240,Run,NaN,NaN,1.598,1.000
90.641,0.010,0.600,-1.000,-1.000,5.230,Run,NaN,NaN,-0.398,1.000
90.651,0.010,0.600,1.000,1.000,5.240,Run,NaN,NaN,1.598,1.000
90.661,0.010,0.600,-1.000,-1.000,5.230,Run,NaN,NaN,-0.398,1.000
90.671,0.010,0.600,1.000,1.000,5.240,Run,NaN,NaN,1.598,1.000
90.681,0.010,0.600,-1.000,-1.000,5.230,Run,NaN,NaN,-0.398,1.000
90.691,0.010,0.600,1.000,1.000,5.240,Run,NaN,NaN,1.598,1.000
90.701,0.010,0.600,-1.000,-1.000,5.230,Run,NaN,NaN,-0.398,1.000
90.711,0.010,0.600,1.000,1.000,5.240,Run,NaN,NaN,1.598,1.000
90.721,0.010,0.600,-1.000,-1.000,5.230,Run,NaN,NaN,-0.398,1.000
90.731,0.010,0.600,1.000,1.000,5.240,Run,NaN,NaN,1.598,1.000
90.741,0.010,0.600,-1.000,-1.000,5.230,Run,NaN,NaN,-0.398,1.000
90.751,0.010,0.600,1.000,1.000,5.240,Run,NaN,NaN,1.598,1.000
90.761,0.010,0.600,-1.000,-1.000,5.230,Run,NaN,NaN,-0.398,1.000
90.771,0.010,0.600,1.000,1.000,5.240,Run,NaN,NaN,1.598,1.000
90.781,0.010,0.600,-1.000,-1.000,5.230,Run,NaN,NaN,-0.398,1.000
90.791,0.010,0.600,1.000,1.000,5.240,Run,NaN,NaN,1.598,1.000
90.801,0.010,0.600,-1.000,-1.000,5.230,Run,NaN,NaN,-0.398,1.000
90.811,0.010,0.600,1.000,1.000,5.240,Run,NaN,NaN,1.598,1.000
90.821,0.010,0.600,-1.000,-1.000,5.230,Run,NaN,NaN,-0.398,1.000
90.831,0.010,0.600,1.000,1.000,5.240,Run,NaN,NaN,1.598,1.000
90.841,0.010,0.600,-1.000,-1.000,5.230,Run,NaN,NaN,-0.398,1.000
90.851,0.010,0.600,1.000,1.000,5.240,Run,NaN,NaN,1.598,1.000
90.861,0.010,0.600,-1.000,-1.000,5.230,Run,NaN,NaN,-0.398,1.000
90.871,0.010,0.600,1.000,1.000,5.240,Run,NaN,NaN,1.598,1.000
90.881,0.010,0.600,-1.000,-1.000,5.230,Run,NaN,NaN,-0.398,1.000
90.891,0.010,0.600,1.000,1.000,5.240,Run,NaN,NaN,1.598,1.000
90.901,0.010,0.600,-1.000,-1.000,5.230,Run,NaN,NaN,-0.398,1.000
90.911,0.010,0.600,1.000,1.000,5.240,Run,NaN,NaN,1.598,1.000
90.921,0.010,0.600,-1.000,-1.000,5.230,Run,NaN,NaN,-0.398,1.000
90.931,0.010,0.600,1.000,1.000,5.240,Run,NaN,NaN,1.598,1.000
90.941,0.010,0.600,-1.000,-1.000,5.230,Run,NaN,NaN,-0.398,1.000
90.951,0.010,0.600,1.000,1.000,5.240,Run,NaN,NaN,1.598,1.000
90.961,0.010,0.600,-1.000,-1.000,5.230,Run,NaN,NaN,-0.398,1.000
90.971,0.010,0.600,1.000,1.000,5.240,Run,NaN,NaN,1.598,1.000
90.981,0.010,0.600,-1.000,-1.000,5.230,Run,NaN,NaN,-0.398,1.000
90.991,0.010,0.600,1.000,1.000,5.240,Run,NaN,NaN,1.598,1.000
91.001,0.010,0.600,-1.000,-1.000,5.230,Run,NaN,NaN,-0.398,1.000
91.011,0.010,0.600,1.000,1.000,5.240,Run,NaN,NaN,1.598,1.000
91.021,0.010,0.600,-1.000,-1.000,5.230,Run,NaN,NaN,-0.398,1.000
91.031,0.010,0.600,1.000,1.000,5.240,Run,NaN,NaN,1.598,1.000
91.041,0.010,0.600,-1.000,-1.000,5.230,Run,NaN,NaN,-0.398,1.000
91.051,0.010,0.600,1.000,1.000,5.240,Run,NaN,NaN,1.598,1.000
91.061,0.010,0.600,-1.000,-1.000,5.230,Run,NaN,NaN,-0.398,1.000
91.071,0.010,0.600,1.000,1.000,5.240,Run,NaN,NaN,1.598,1.000
91.081,0.010,0.600,-1.000,-1.000,5.230,Run,NaN,NaN,-0.398,1.000
91.091,0.010,0.600,1.000,1.000,5.240,Run,NaN,NaN,1.598,1.000
91.101,0.010,0.600,-1.000,-1.000,5.230,Run,NaN,NaN,-0.398,1.000
91.111,0.010,0.600,1.000,1.000,5.240,Run,NaN,NaN,1.598,1.000
91.121,0.010,0.600,-1.000,-1.000,5.230,Run,NaN,NaN,-0.398,1.000
91.131,0.010,0.600,1.000,1.000,5.240,Run,NaN,NaN,1.598,1.000
91.141,0.010,0.600,-1.000,-1.000,5.230,Run,NaN,NaN,-0.398,1.000
91.151,0.010,0.600,1.000,1.000,5.240,Run,NaN,NaN,1.598,1.000
91.161,0.010,0.600,-1.000,-1.000,5.230,Run,NaN,NaN,-0.398,1.000
91.171,0.010,0.600,1.000,1.000,5.240,Run,NaN,NaN,1.598,1.000
91.181,0.010,0.600,-1.000,-1.000,5.230,Run,NaN,NaN,-0.398,1.000
91.191,0.010,0.600,1.000,1.000,5.240,Run,NaN,NaN,1.598,1.000
91.201,0.010,0.600,-1.000,-1.000,5.230,Run,NaN,NaN,-0.398,1.000
91.211,0.010,0.600,1.000,1.000,5.240,Run,NaN,NaN,1.598,1.000
91.221,0.010,0.600,-1.000,-1.000,5.230,Run,NaN,NaN,-0.398,1.000
91.231,0.010,0.600,1.000,1.000,5.240,Run,NaN,NaN,1.598,1.000
91.241,0.010,0.600,-1.000,-1.000,5.230,Run,NaN,NaN,-0.398,1.000
91.251,0.010,0.600,1.000,1.000,5.240,Run,NaN,NaN,1.598,1.000
91.261,0.010,0.600,-1.000,-1.000,5.230,Run,NaN,NaN,-0.398,1.000
91.271,0.010,0.600,1.000,1.000,5.240,Run,NaN,NaN,1.598,1.000
91.281,0.010,0.600,-1.000,-1.000,5.230,Run,NaN,NaN,-0.398,1.000
91.291,0.010,0.600,1.000,1.000,5.240,Run,NaN,NaN,1.598,1.000
91.301,0.010,0.600,-1.000,-1.000,5.230,Run,NaN,NaN,-0.398,1.000
91.311,0.010,0.600,1.000,1.000,5.240,Run,NaN,NaN,1.598,1.000
91.321,0.010,0.600,-1.000,-1.000,5.230,Run,NaN,NaN,-0.398,1.000
91.331,0.010,0.600,1.000,1.000,5.240,Run,NaN,NaN,1.598,1.000
91.341,0.010,0.600,-1.000,-1.000,5.230,Run,NaN,NaN,-0.398,1.000
91.351,0.010,0.600,1.000,1.000,5.240,Run,NaN,NaN,1.598,1.000
91.361,0.010,0.600,-1.000,-1.000,5.230,Run,NaN,NaN,-0.398,1.000
91.371,0.010,0.600,1.000,1.000,5.240,Run,NaN,NaN,1.598,1.000
91.381,0.010,0.600,-1.000,-1.000,5.230,Run,NaN,NaN,-0.398,1.000
91.391,0.010,0.600,1.000,1.000,5.240,Run,NaN,NaN,1.598,1.000
91.401,0.010,0.600,-1.000,-1.000,5.230,Run,NaN,NaN,-0.398,1.000
91.411,0.010,0.600,1.000,1.000,5.240,Run,NaN,NaN,1.598,1.000
91.421,0.010,0.600,-1.000,-1.000,5.230,Run,NaN,NaN,-0.398,1.000
91.431,0.010,0.600,1.000,1.000,5.240,Run,NaN,NaN,1.598,1.000
91.441,0.010,0.600,-1.000,-1.000,5.230,Run,NaN,NaN,-0.398,1.000
91.451,0.010,0.600,1.000,1.000,5.240,Run,NaN,NaN,1.598,1.000
91.461,0.010,0.600,-1.000,-1.000,5.230,Run,NaN,NaN,-0.398,1.000
91.471,0.010,0.600,1.000,1.000,5.240,Run,NaN,NaN,1.598,1.000
91.481,0.010,0.600,-1.000,-1.000,5.230,Run,NaN,NaN,-0.398,1.000
91.491,0.010,0.600,1.000,1.000,5.240,Run,NaN,NaN,1.598,1.000
91.501,0.010,0.600,-1.000,-1.000,5.230,Run,NaN,NaN,-0.398,1.000
91.511,0.010,0.600,1.000,1.000,5.240,Run,NaN,NaN,1.598,1.000
91.521,0.010,0.600,-1.000,-1.000,5.230,Run,NaN,NaN,-0.398,1.000
91.531,0.010,0.600,1.000,1.000,5.240,Run,NaN,NaN,1.598,1.000
91.541,0.010,0.600,-1.000,-1.000,5.230,Run,NaN,NaN,-0.398,1.000
91.551,0.010,0.600,1.000,1.000,5.240,Run,NaN,NaN,1.598,1.000
91.561,0.010,0.600,-1.000,-1.000,5.230,Run,NaN,NaN,-0.398,1.000
91.571,0.010,0.600,1.000,1.000,5.240,Run,NaN,NaN,1.598,1.000
91.581,0.010,0.600,-1.000,-1.000,5.230,Run,NaN,NaN,-0.398,1.000
91.591,0.010,0.600,1.000,1.000,5.240,Run,NaN,NaN,1.598,1.000
91.601,0.010,0.600,-1.000,-1.000,5.230,Run,NaN,NaN,-0.398,1.000
91.611,0.010,0.600,1.000,1.000,5.240,Run,NaN,NaN,1.598,1.000
91.621,0.010,0.600,-1.000,-1.000,5.230,Run,NaN,NaN,-0.398,1.000
91.631,0.010,0.600,1.000,1.000,5.240,Run,NaN,NaN,1.598,1.000
91.641,0.010,0.600,-1.000,-1.000,5.230,Run,NaN,NaN,-0.398,1.000
91.651,0.010,0.600,1.000,1.000,5.240,Run,NaN,NaN,1.598,1.000
91.661,0.010,0.600,-1.000,-1.000,5.230,Run,NaN,NaN,-0.398,1.000
91.671,0.010,0.600,1.000,1.000,5.240,Run,NaN,NaN,1.598,1.000
91.681,0.010,0.600,-1.000,-1.000,5.230,Run,NaN,NaN,-0.398,1.000
91.691,0.010,0.600,1.000,1.000,5.240,Run,NaN,NaN,1.598,1.000
91.701,0.010,0.600,-1.000,-1.000,5.230,Run,NaN,NaN,-0.398,1.000
91.711,0.010,0.600,1.000,1.000,5.240,Run,NaN,NaN,1.598,1.000
91.721,0.010,0.600,-1.000,-1.000,5.230,Run,NaN,NaN,-0.398,1.000
91.731,0.010,0.600,1.000,1.000,5.240,Run,NaN,NaN,1.598,1.000
91.741,0.010,0.600,-1.000,-1.000,5.230,Run,NaN,NaN,-0.398,1.000
91.751,0.010,0.600,1.000,1.000,5.240,Run,NaN,NaN,1.598,1.000
91.761,0.010,0.600,-1.000,-1.000,5.230,Run,NaN,NaN,-0.398,1.000
91.771,0.010,0.600,1.000,1.000,5.240,Run,NaN,NaN,1.598,1.000
91.781,0.010,0.600,-1.000,-1.000,5.230,Run,NaN,NaN,-0.398,1.000
91.791,0.010,0.600,1.000,1.000,5.240,Run,NaN,NaN,1.598,1.000
91.801,0.010,0.600,-1.000,-1.000,5.230,Run,NaN,NaN,-0.398,1.000
91.811,0.010,0.600,1.000,1.000,5.240,Run,NaN,NaN,1.598,1.000
91.821,0.010,0.600,-1.000,-1.000,5.230,Run,NaN,NaN,-0.398,1.000
91.831,0.010,0.600,1.000,1.000,5.240,Run,NaN,NaN,1.598,1.000
91.841,0.010,0.600,-1.000,-1.000,5.230,Run,NaN,NaN,-0.398,1.000
91.851,0.010,0.600,1.000,1.000,5.240,Run,NaN,NaN,1.598,1.000
91.861,0.010,0.600,-1.000,-1.000,5.230,Run,NaN,NaN,-0.398,1.000
91.871,0.010,0.600,1.000,1.000,5.240,Run,NaN,NaN,1.598,1.000
91.881,0.010,0.600,-1.000,-1.000,5.230,Run,NaN,NaN,-0.398,1.000
91.891,0.010,0.600,1.000,1.000,5.240,Run,NaN,NaN,1.598,1.000
91.901,0.010,0.600,-1.000,-1.000,5.230,Run,NaN,NaN,-0.398,1.000
91.911,0.010,0.600,1.000,1.000,5.240,Run,NaN,NaN,1.598,1.000
91.921,0.010,0.600,-1.000,-1.000,5.230,Run,NaN,NaN,-0.398,1.000
91.931,0.010,0.600,1.000,1.000,5.240,Run,NaN,NaN,1.598,1.000
91.941,0.010,0.600,-1.000,-1.000,5.230,Run,NaN,NaN,-0.398,1.000
91.951,0.010,0.600,1.000,1.000,5.240,Run,NaN,NaN,1.598,1.000
91.961,0.010,0.600,-1.000,-1.000,5.230,Run,NaN,NaN,-0.398,1.000
91.971,0.010,0.600,1.000,1.000,5.240,Run,NaN,NaN,1.598,1.000
91.981,0.010,0.600,-1.000,-1.000,5.230,Run,NaN,NaN,-0.398,1.000
91.991,0.010,0.600,1.000,1.000,5.240,Run,NaN,NaN,1.598,1.000
92.001,0.010,0.600,-1.000,-1.000,5.230,Run,NaN,NaN,-0.398,1.000
92.011,0.010,0.600,1.000,1.000,5.240,Run,NaN,NaN,1.598,1.000
92.021,0.010,0.600,-1.000,-1.000,5.230,Run,NaN,NaN,-0.398,1.000
92.031,0.010,0.600,1.000,1.000,5.240,Run,NaN,NaN,1.598,1.000
92.041,0.010,0.600,-1.000,-1.000,5.230,Run,NaN,NaN,-0.398,1.000
92.051,0.010,0.600,1.000,1.000,5.240,Run,NaN,NaN,1.598,1.000
92.061,0.010,0.600,-1.000,-1.000,5.230,Run,NaN,NaN,-0.398,1.000
92.071,0.010,0.600,1.000,1.000,5.240,Run,NaN,NaN,1.598,1.000
92.081,0.010,0.600,-1.000,-1.000,5.230,Run,NaN,NaN,-0.398,1.000
92.091,0.010,0.600,1.000,1.000,5.240,Run,NaN,NaN,1.598,1.000
92.101,0.010,0.600,-1.000,-1.000,5.230,Run,NaN,NaN,-0.398,1.000
92.111,0.010,0.600,1.000,1.000,5.240,Run,NaN,NaN,1.598,1.000
92.121,0.010,0.600,-1.000,-1.000,5.230,Run,NaN,NaN,-0.398,1.000
92.131,0.010,0.600,1.000,1.000,5.240,Run,NaN,NaN,1.598,1.000
92.141,0.010,0.600,-1.000,-1.000,5.230,Run,NaN,NaN,-0.398,1.000
92.151,0.010,0.600,1.000,1.000,5.240,Run,NaN,NaN,1.598,1.000
92.161,0.010,0.600,-1.000,-1.000,5.230,Run,NaN,NaN,-0.398,1.000
92.171,0.010,0.600,1.000,1.000,5.240,Run,NaN,NaN,1.598,1.000
92.181,0.010,0.600,-1.000,-1.000,5.230,Run,NaN,NaN,-0.398,1.000
92.191,0.010,0.600,1.000,1.000,5.240,Run,NaN,NaN,1.598,1.000
92.201,0.010,0.600,-1.000,-1.000,5.230,Run,NaN,NaN,-0.398,1.000
92.211,0.010,0.600,1.000,1.000,5.240,Run,NaN,NaN,1.598,1.000
92.221,0.010,0.600,-1.000,-1.000,5.230,Run,NaN,NaN,-0.398,1.000
92.231,0.010,0.600,1.000,1.000,5.240,Run,NaN,NaN,1.598,1.000
92.241,0.010,0.600,-1.000,-1.000,5.230,Run,NaN,NaN,-0.398,1.000
92.251,0.010,0.600,1.000,1.000,5.240,Run,NaN,NaN,1.598,1.000
92.261,0.010,0.600,-1.000,-1.000,5.230,Run,NaN,NaN,-0.398,1.000
92.271,0.010,0.600,1.000,1.000,5.240,Run,NaN,NaN,1.598,1.000
92.281,0.010,0.600,-1.000,-1.000,5.230,Run,NaN,NaN,-0.398,1.000
92.291,0.010,0.600,1.000,1.000,5.240,Run,NaN,NaN,1.598,1.000
92.301,0.010,0.600,-1.000,-1.000,5.230,Run,NaN,NaN,-0.398,1.000
92.311,0.010,0.600,1.000,1.000,5.240,Run,NaN,NaN,1.598,1.000
92.321,0.010,0.600,-1.000,-1.000,5.230,Run,NaN,NaN,-0.398,1.000
92.331,0.010,0.600,1.000,1.000,5.240,Run,NaN,NaN,1.598,1.000
92.341,0.010,0.600,-1.000,-1.000,5.230,Run,NaN,NaN,-0.398,1.000
92.351,0.010,0.600,1.000,1.000,5.240,Run,NaN,NaN,1.598,1.000
92.361,0.010,0.600,-1.000,-1.000,5.230,Run,NaN,NaN,-0.398,1.000
92.371,0.010,0.600,1.000,1.000,5.240,Run,NaN,NaN,1.598,1.000
92.381,0.010,0.600,-1.000,-1.000,5.230,Run,NaN,NaN,-0.398,1.000
92.391,0.010,0.600,1.000,1.000,5.240,Run,NaN,NaN,1.598,1.000
92.401,0.010,0.600,-1.000,-1.000,5.230,Run,NaN,NaN,-0.398,1.000
92.411,0.010,0.600,1.000,1.000,5.240,Run,NaN,NaN,1.598,1.000
92.421,0.010,0.600,-1.000,-1.000,5.230,Run,NaN,NaN,-0.398,1.000
92.431,0.010,0.600,1.000,1.000,5.240,Run,NaN,NaN,1.598,1.000
92.441,0.010,0.600,-1.000,-1.000,5.230,Run,NaN,NaN,-0.398,1.000
92.451,0.010,0.600,1.000,1.000,5.240,Run,NaN,NaN,1.598,1.000
92.461,0.010,0.600,-1.000,-1.000,5.230,Run,NaN,NaN,-0.398,1.000
92.471,0.010,0.600,1.000,1.000,5.240,Run,NaN,NaN,1.598,1.000
92.481,0.010,0.600,-1.000,-1.000,5.230,Run,NaN,NaN,-0.398,1.000
92.491,0.010,0.600,1.000,1.000,5.240,Run,NaN,NaN,1.598,1.000
92.501,0.010,0.600,-1.000,-1.000,5.230,Run,NaN,NaN,-0.398,1.000
92.511,0.010,0.600,1.000,1.000,5.240,Run,NaN,NaN,1.598,1.000
92.521,0.010,0.600,-1.000,-1.000,5.230,Run,NaN,NaN,-0.398,1.000
92.531,0.010,0.600,1.000,1.000,5.240,Run,NaN,NaN,1.598,1.000
92.541,0.010,0.600,-1.000,-1.000,5.230,Run,NaN,NaN,-0.398,1.000
92.551,0.010,0.600,1.000,1.000,5.240,Run,NaN,NaN,1.598,1.000
92.561,0.010,0.600,-1.000,-1.000,5.230,Run,NaN,NaN,-0.398,1.000
92.571,0.010,0.600,1.000,1.000,5.240,Run,NaN,NaN,1.598,1.000
92.581,0.010,0.600,-1.000,-1.000,5.230,Run,NaN,NaN,-0.398,1.000
92.591,0.010,0.600,1.000,1.000,5.240,Run,NaN,NaN,1.598,1.000
92.601,0.010,0.600,-1.000,-1.000,5.230,Run,NaN,NaN,-0.398,1.000
92.611,0.010,0.600,1.000,1.000,5.240,Run,NaN,NaN,1.598,1.000
92.621,0.010,0.600,-1.000,-1.000,5.230,Run,NaN,NaN,-0.398,1.000
92.631,0.010,0.600,1.000,1.000,5.240,Run,NaN,NaN,1.598,1.000
92.641,0.010,0.600,-1.000,-1.000,5.230,Run,NaN,NaN,-0.398,1.000
92.651,0.010,0.600,1.000,1.000,5.240,Run,NaN,NaN,1.598,1.000
92.661,0.010,0.600,-1.000,-1.000,5.230,Run,NaN,NaN,-0.398,1.000
92.671,0.010,0.600,1.000,1.000,5.240,Run,NaN,NaN,1.598,1.000
92.681,0.010,0.600,-1.000,-1.000,5.230,Run,NaN,NaN,-0.398,1.000
92.691,0.010,0.600,1.000,1.000,5.240,Run,NaN,NaN,1.598,1.000
92.701,0.010,0.600,-1.000,-1.000,5.230,Run,NaN,NaN,-0.398,1.000
92.711,0.010,0.600,1.000,1.000,5.240,Run,NaN,NaN,1.598,1.000
92.721,0.010,0.600,-1.000,-1.000,5.230,Run,NaN,NaN,-0.398,1.000
92.731,0.010,0.600,1.000,1.000,5.240,Run,NaN,NaN,1.598,1.000
92.741,0.010,0.600,-1.000,-1.000,5.230,Run,NaN,NaN,-0.398,1.000
92.751,0.010,0.600,1.000,1.000,5.240,Run,NaN,NaN,1.598,1.000
92.761,0.010,0.600,-1.000,-1.000,5.230,Run,NaN,NaN,-0.398,1.000
92.771,0.010,0.600,1.000,1.000,5.240,Run,NaN,NaN,1.598,1.000
92.781,0.010,0.600,-1.000,-1.000,5.230,Run,NaN,NaN,-0.398,1.000
92.791,0.010,0.600,1.000,1.000,5.240,Run,NaN,NaN,1.598,1.000
92.801,0.010,0.600,-1.000,-1.000,5.230,Run,NaN,NaN,-0.398,1.000
92.811,0.010,0.600,1.000,1.000,5.240,Run,NaN,NaN,1.598,1.000
92.821,0.010,0.600,-1.000,-1.000,5.230,Run,NaN,NaN,-0.398,1.000
92.831,0.010,0.600,1.000,1.000,5.240,Run,NaN,NaN,1.598,1.000
92.841,0.010,0.600,-1.000,-1.000,5.230,Run,NaN,NaN,-0.398,1.000
92.851,0.010,0.600,1.000,1.000,5.240,Run,NaN,NaN,1.598,1.000
92.861,0.010,0.600,-1.000,-1.000,5.230,Run,NaN,NaN,-0.398,1.000
92.871,0.010,0.600,1.000,1.000,5.240,Run,NaN,NaN,1.598,1.000
92.881,0.010,0.600,-1.000,-1.000,5.230,Run,NaN,NaN,-0.398,1.000
92.891,0.010,0.600,1.000,1.000,5.240,Run,NaN,NaN,1.598,1.000
92.901,0.010,0.600,-1.000,-1.000,5.230,Run,NaN,NaN,-0.398,1.000
92.911,0.010,0.600,1.000,1.000,5.240,Run,NaN,NaN,1.598,1.000
92.921,0.010,0.600,-1.000,-1.000,5.230,Run,NaN,NaN,-0.398,1.000
92.931,0.010,0.600,1.000,1.000,5.240,Run,NaN,NaN,1.598,1.000
92.941,0.010,0.600,-1.000,-1.000,5.230,Run,NaN,NaN,-0.398,1.000
92.951,0.010,0.600,1.000,1.000,5.240,Run,NaN,NaN,1.598,1.000
92.961,0.010,0.600,-1.000,-1.000,5.230,Run,NaN,NaN,-0.398,1.000
92.971,0.010,0.600,1.000,1.000,5.240,Run,NaN,NaN,1.598,1.000
92.981,0.010,0.600,-1.000,-1.000,5.230,Run,NaN,NaN,-0.398,1.000
92.991,0.010,0.600,1.000,1.000,5.240,Run,NaN,NaN,1.598,1.000
93.001,0.010,0.600,-1.000,-1.000,5.230,Run,NaN,NaN,-0.398,1.000
93.011,0.010,0.600,1.000,1.000,5.240,Run,NaN,NaN,1.598,1.000
93.021,0.010,0.600,-1.000,-1.000,5.230,Run,NaN,NaN,-0.398,1.000
93.031,0.010,0.600,1.000,1.000,5.240,Run,NaN,NaN,1.598,1.000
93.041,0.010,0.600,-1.000,-1.000,5.230,Run,NaN,NaN,-0.398,1.000
93.051,0.010,0.600,1.000,1.000,5.240,Run,NaN,NaN,1.598,1.000
93.061,0.010,0.600,-1.000,-1.000,5.230,Run,NaN,NaN,-0.398,1.000
93.071,0.010,0.600,1.000,1.000,5.240,Run,NaN,NaN,1.598,1.000
93.081,0.010,0.600,-1.000,-1.000,5.230,Run,NaN,NaN,-0.398,1.000
93.091,0.010,0.600,1.000,1.000,5.240,Run,NaN,NaN,1.598,1.000
93.101,0.010,0.600,-1.000,-1.000,5.230,Run,NaN,NaN,-0.398,1.000
93.111,0.010,0.600,1.000,1.000,5.240,Run,NaN,NaN,1.598,1.000
93.121,0.010,0.600,-1.000,-1.000,5.230,Run,NaN,NaN,-0.398,1.000
93.131,0.010,0.600,1.000,1.000,5.240,Run,NaN,NaN,1.598,1.000
93.141,0.010,0.600,-1.000,-1.000,5.230,Run,NaN,NaN,-0.398,1.000
93.151,0.010,0.600,1.000,1.000,5.240,Run,NaN,NaN,1.598,1.000
93.161,0.010,0.600,-1.000,-1.000,5.230,Run,NaN,NaN,-0.398,1.000
93.171,0.010,0.600,1.000,1.000,5.240,Run,NaN,NaN,1.598,1.000
93.181,0.010,0.600,-1.000,-1.000,5.230,Run,NaN,NaN,-0.398,1.000
93.191,0.010,0.600,1.000,1.000,5.240,Run,NaN,NaN,1.598,1.000
93.201,0.010,0.600,-1.000,-1.000,5.230,Run,NaN,NaN,-0.398,1.000
93.212,0.010,0.600,1.000,1.000,5.240,Run,NaN,NaN,1.598,1.000
93.222,0.010,0.600,-1.000,-1.000,5.230,Run,NaN,NaN,-0.398,1.000
93.232,0.010,0.600,1.000,1.000,5.240,Run,NaN,NaN,1.598,1.000
93.242,0.010,0.600,-1.000,-1.000,5.230,Run,NaN,NaN,-0.398,1.000
93.252,0.010,0.600,1.000,1.000,5.240,Run,NaN,NaN,1.598,1.000
93.262,0.010,0.600,-1.000,-1.000,5.230,Run,NaN,NaN,-0.398,1.000
93.272,0.010,0.600,1.000,1.000,5.240,Run,NaN,NaN,1.598,1.000
93.282,0.010,0.600,-1.000,-1.000,5.230,Run,NaN,NaN,-0.398,1.000
93.292,0.010,0.600,1.000,1.000,5.240,Run,NaN,NaN,1.598,1.000
93.302,0.010,0.600,-1.000,-1.000,5.230,Run,NaN,NaN,-0.398,1.000
93.312,0.010,0.600,1.000,1.000,5.240,Run,NaN,NaN,1.598,1.000
93.322,0.010,0.600,-1.000,-1.000,5.230,Run,NaN,NaN,-0.398,1.000
93.332,0.010,0.600,1.000,1.000,5.240,Run,NaN,NaN,1.598,1.000
93.342,0.010,0.600,-1.000,-1.000,5.230,Run,NaN,NaN,-0.398,1.000
93.352,0.010,0.600,1.000,1.000,5.240,Run,NaN,NaN,1.598,1.000
93.362,0.010,0.600,-1.000,-1.000,5.230,Run,NaN,NaN,-0.398,1.000
93.372,0.010,0.600,1.000,1.000,5.240,Run,NaN,NaN,1.598,1.000
93.382,0.010,0.600,-1.000,-1.000,5.230,Run,NaN,NaN,-0.398,1.000
93.392,0.010,0.600,1.000,1.000,5.240,Run,NaN,NaN,1.598,1.000
93.402,0.010,0.600,-1.000,-1.000,5.230,Run,NaN,NaN,-0.398,1.000
93.412,0.010,0.600,1.000,1.000,5.240,Run,NaN,NaN,1.598,1.000
93.422,0.010,0.600,-1.000,-1.000,5.230,Run,NaN,NaN,-0.398,1.000
93.432,0.010,0.600,1.000,1.000,5.240,Run,NaN,NaN,1.598,1.000
93.442,0.010,0.600,-1.000,-1.000,5.230,Run,NaN,NaN,-0.398,1.000
93.452,0.010,0.600,1.000,1.000,5.240,Run,NaN,NaN,1.598,1.000
93.462,0.010,0.600,-1.000,-1.000,5.230,Run,NaN,NaN,-0.398,1.000
93.472,0.010,0.600,1.000,1.000,5.240,Run,NaN,NaN,1.598,1.000
93.482,0.010,0.600,-1.000,-1.000,5.230,Run,NaN,NaN,-0.398,1.000
93.492,0.010,0.600,1.000,1.000,5.240,Run,NaN,NaN,1.598,1.000
93.502,0.010,0.600,-1.000,-1.000,5.230,Run,NaN,NaN,-0.398,1.000
93.512,0.010,0.600,1.000,1.000,5.240,Run,NaN,NaN,1.598,1.000
93.522,0.010,0.600,-1.000,-1.000,5.230,Run,NaN,NaN,-0.398,1.000
93.532,0.010,0.600,1.000,1.000,5.240,Run,NaN,NaN,1.598,1.000
93.542,0.010,0.600,-1.000,-1.000,5.230,Run,NaN,NaN,-0.398,1.000
93.552,0.010,0.600,1.000,1.000,5.240,Run,NaN,NaN,1.598,1.000
93.562,0.010,0.600,-1.000,-1.000,5.230,Run,NaN,NaN,-0.398,1.000
93.572,0.010,0.600,1.000,1.000,5.240,Run,NaN,NaN,1.598,1.000
93.582,0.010,0.600,-1.000,-1.000,5.230,Run,NaN,NaN,-0.398,1.000
93.592,0.010,0.600,1.000,1.000,5.240,Run,NaN,NaN,1.598,1.000
93.602,0.010,0.600,-1.000,-1.000,5.230,Run,NaN,NaN,-0.398,1.000
93.612,0.010,0.600,1.000,1.000,5.240,Run,NaN,NaN,1.598,1.000
93.622,0.010,0.600,-1.000,-1.000,5.230,Run,NaN,NaN,-0.398,1.000
93.632,0.010,0.600,1.000,1.000,5.240,Run,NaN,NaN,1.598,1.000
93.642,0.010,0.600,-1.000,-1.000,5.230,Run,NaN,NaN,-0.398,1.000
93.652,0.010,0.600,1.000,1.000,5.240,Run,NaN,NaN,1.598,1.000
93.662,0.010,0.600,-1.000,-1.000,5.230,Run,NaN,NaN,-0.398,1.000
93.672,0.010,0.600,1.000,1.000,5.240,Run,NaN,NaN,1.598,1.000
93.682,0.010,0.600,-1.000,-1.000,5.230,Run,NaN,NaN,-0.398,1.000
93.692,0.010,0.600,1.000,1.000,5.240,Run,NaN,NaN,1.598,1.000
93.702,0.010,0.600,-1.000,-1.000,5.230,Run,NaN,NaN,-0.398,1.000
93.712,0.010,0.600,1.000,1.000,5.240,Run,NaN,NaN,1.598,1.000
93.722,0.010,0.600,-1.000,-1.000,5.230,Run,NaN,NaN,-0.398,1.000
93.732,0.010,0.600,1.000,1.000,5.240,Run,NaN,NaN,1.598,1.000
93.742,0.010,0.600,-1.000,-1.000,5.230,Run,NaN,NaN,-0.398,1.000
93.752,0.010,0.600,1.000,1.000,5.240,Run,NaN,NaN,1.598,1.000
93.762,0.010,0.600,-1.000,-1.000,5.230,Run,NaN,NaN,-0.398,1.000
93.772,0.010,0.600,1.000,1.000,5.240,Run,NaN,NaN,1.598,1.000
93.782,0.010,0.600,-1.000,-1.000,5.230,Run,NaN,NaN,-0.398,1.000
93.792,0.010,0.600,1.000,1.000,5.240,Run,NaN,NaN,1.598,1.000
93.802,0.010,0.600,-1.000,-1.000,5.230,Run,NaN,NaN,-0.398,1.000
93.812,0.010,0.600,1.000,1.000,5.240,Run,NaN,NaN,1.598,1.000
93.822,0.010,0.600,-1.000,-1.000,5.230,Run,NaN,NaN,-0.398,1.000
93.832,0.010,0.600,1.000,1.000,5.240,Run,NaN,NaN,1.598,1.000
93.842,0.010,0.600,-1.000,-1.000,5.230,Run,NaN,NaN,-0.398,1.000
93.852,0.010,0.600,1.000,1.000,5.240,Run,NaN,NaN,1.598,1.000
93.862,0.010,0.600,-1.000,-1.000,5.230,Run,NaN,NaN,-0.398,1.000
93.872,0.010,0.600,1.000,1.000,5.240,Run,NaN,NaN,1.598,1.000
93.882,0.010,0.600,-1.000,-1.000,5.230,Run,NaN,NaN,-0.398,1.000
93.892,0.010,0.600,1.000,1.000,5.240,Run,NaN,NaN,1.598,1.000
93.902,0.010,0.600,-1.000,-1.000,5.230,Run,NaN,NaN,-0.398,1.000
93.912,0.010,0.600,1.000,1.000,5.240,Run,NaN,NaN,1.598,1.000
93.922,0.010,0.600,-1.000,-1.000,5.230,Run,NaN,NaN,-0.398,1.000
93.932,0.010,0.600,1.000,1.000,5.240,Run,NaN,NaN,1.598,1.000
93.942,0.010,0.600,-1.000,-1.000,5.230,Run,NaN,NaN,-0.398,1.000
93.952,0.010,0.600,1.000,1.000,5.240,Run,NaN,NaN,1.598,1.000
93.962,0.010,0.600,-1.000,-1.000,5.230,Run,NaN,NaN,-0.398,1.000
93.972,0.010,0.600,1.000,1.000,5.240,Run,NaN,NaN,1.598,1.000
93.982,0.010,0.600,-1.000,-1.000,5.230,Run,NaN,NaN,-0.398,1.000
93.992,0.010,0.600,1.000,1.000,5.240,Run,NaN,NaN,1.598,1.000
94.002,0.010,0.600,-1.000,-1.000,5.230,Run,NaN,NaN,-0.398,1.000
94.012,0.010,0.600,1.000,1.000,5.240,Run,NaN,NaN,1.598,1.000
94.022,0.010,0.600,-1.000,-1.000,5.230,Run,NaN,NaN,-0.398,1.000
94.032,0.010,0.600,1.000,1.000,5.240,Run,NaN,NaN,1.598,1.000
94.042,0.010,0.600,-1.000,-1.000,5.230,Run,NaN,NaN,-0.398,1.000
94.052,0.010,0.600,1.000,1.000,5.240,Run,NaN,NaN,1.598,1.000
94.062,0.010,0.600,-1.000,-1.000,5.230,Run,NaN,NaN,-0.398,1.000
94.072,0.010,0.600,1.000,1.000,5.240,Run,NaN,NaN,1.598,1.000
94.082,0.010,0.600,-1.000,-1.000,5.230,Run,NaN,NaN,-0.398,1.000
94.092,0.010,0.600,1.000,1.000,5.240,Run,NaN,NaN,1.598,1.000
94.102,0.010,0.600,-1.000,-1.000,5.230,Run,NaN,NaN,-0.398,1.000
94.112,0.010,0.600,1.000,1.000,5.240,Run,NaN,NaN,1.598,1.000
94.122,0.010,0.600,-1.000,-1.000,5.230,Run,NaN,NaN,-0.398,1.000
94.132,0.010,0.600,1.000,1.000,5.240,Run,NaN,NaN,1.598,1.000
94.142,0.010,0.600,-1.000,-1.000,5.230,Run,NaN,NaN,-0.398,1.000
94.152,0.010,0.600,1.000,1.000,5.240,Run,NaN,NaN,1.598,1.000
94.162,0.010,0.600,-1.000,-1.000,5.230,Run,NaN,NaN,-0.398,1.000
94.172,0.010,0.600,1.000,1.000,5.240,Run,NaN,NaN,1.598,1.000
94.182,0.010,0.600,-1.000,-1.000,5.230,Run,NaN,NaN,-0.398,1.000
94.192,0.010,0.600,1.000,1.000,5.240,Run,NaN,NaN,1.598,1.000
94.202,0.010,0.600,-1.000,-1.000,5.230,Run,NaN,NaN,-0.398,1.000
94.212,0.010,0.600,1.000,1.000,5.240,Run,NaN,NaN,1.598,1.000
94.222,0.010,0.600,-1.000,-1.000,5.230,Run,NaN,NaN,-0.398,1.000
94.232,0.010,0.600,1.000,1.000,5.240,Run,NaN,NaN,1.598,1.000
94.242,0.010,0.600,-1.000,-1.000,5.230,Run,NaN,NaN,-0.398,1.000
94.252,0.010,0.600,1.000,1.000,5.240,Run,NaN,NaN,1.598,1.000
94.262,0.010,0.600,-1.000,-1.000,5.230,Run,NaN,NaN,-0.398,1.000
94.272,0.010,0.600,1.000,1.000,5.240,Run,NaN,NaN,1.598,1.000
94.282,0.010,0.600,-1.000,-1.000,5.230,Run,NaN,NaN,-0.398,1.000
94.292,0.010,0.600,1.000,1.000,5.240,Run,NaN,NaN,1.598,1.000
94.302,0.010,0.600,-1.000,-1.000,5.230,Run,NaN,NaN,-0.398,1.000
94.312,0.010,0.600,1.000,1.000,5.240,Run,NaN,NaN,1.598,1.000
94.322,0.010,0.600,-1.000,-1.000,5.230,Run,NaN,NaN,-0.398,1.000
94.332,0.010,0.600,1.000,1.000,5.240,Run,NaN,NaN,1.598,1.000
94.342,0.010,0.600,-1.000,-1.000,5.230,Run,NaN,NaN,-0.398,1.000
94.352,0.010,0.600,1.000,1.000,5.240,Run,NaN,NaN,1.598,1.000
94.362,0.010,0.600,-1.000,-1.000,5.230,Run,NaN,NaN,-0.398,1.000
94.372,0.010,0.600,1.000,1.000,5.240,Run,NaN,NaN,1.598,1.000
94.382,0.010,0.600,-1.000,-1.000,5.230,Run,NaN,NaN,-0.398,1.000
94.392,0.010,0.600,1.000,1.000,5.240,Run,NaN,NaN,1.598,1.000
94.402,0.010,0.600,-1.000,-1.000,5.230,Run,NaN,NaN,-0.398,1.000
94.412,0.010,0.600,1.000,1.000,5.240,Run,NaN,NaN,1.598,1.000
94.422,0.010,0.600,-1.000,-1.000,5.230,Run,NaN,NaN,-0.398,1.000
94.432,0.010,0.600,1.000,1.000,5.240,Run,NaN,NaN,1.598,1.000
94.442,0.010,0.600,-1.000,-1.000,5.230,Run,NaN,NaN,-0.398,1.000
94.452,0.010,0.600,1.000,1.000,5.240,Run,NaN,NaN,1.598,1.000
94.462,0.010,0.600,-1.000,-1.000,5.230,Run,NaN,NaN,-0.398,1.000
94.472,0.010,0.600,1.000,1.000,5.240,Run,NaN,NaN,1.598,1.000
94.482,0.010,0.600,-1.000,-1.000,5.230,Run,NaN,NaN,-0.398,1.000
94.492,0.010,0.600,1.000,1.000,5.240,Run,NaN,NaN,1.598,1.000
94.502,0.010,0.600,-1.000,-1.000,5.230,Run,NaN,NaN,-0.398,1.000
94.512,0.010,0.600,1.000,1.000,5.240,Run,NaN,NaN,1.598,1.000
94.522,0.010,0.600,-1.000,-1.000,5.230,Run,NaN,NaN,-0.398,1.000
94.532,0.010,0.600,1.000,1.000,5.240,Run,NaN,NaN,1.598,1.000
94.542,0.010,0.600,-1.000,-1.000,5.230,Run,NaN,NaN,-0.398,1.000
94.552,0.010,0.600,1.000,1.000,5.240,Run,NaN,NaN,1.598,1.000
94.562,0.010,0.600,-1.000,-1.000,5.230,Run,NaN,NaN,-0.398,1.000
94.572,0.010,0.600,1.000,1.000,5.240,Run,NaN,NaN,1.598,1.000
94.582,0.010,0.600,-1.000,-1.000,5.230,Run,NaN,NaN,-0.398,1.000
94.592,0.010,0.600,1.000,1.000,5.240,Run,NaN,NaN,1.598,1.000
94.602,0.010,0.600,-1.000,-1.000,5.230,Run,NaN,NaN,-0.398,1.000
94.612,0.010,0.600,1.000,1.000,5.240,Run,NaN,NaN,1.598,1.000
94.622,0.010,0.600,-1.000,-1.000,5.230,Run,NaN,NaN,-0.398,1.000
94.632,0.010,0.600,1.000,1.000,5.240,Run,NaN,NaN,1.598,1.000
94.642,0.010,0.600,-1.000,-1.000,5.230,Run,NaN,NaN,-0.398,1.000
94.652,0.010,0.600,1.000,1.000,5.240,Run,NaN,NaN,1.598,1.000
94.662,0.010,0.600,-1.000,-1.000,5.230,Run,NaN,NaN,-0.398,1.000
94.672,0.010,0.600,1.000,1.000,5.240,Run,NaN,NaN,1.598,1.000
94.682,0.010,0.600,-1.000,-1.000,5.230,Run,NaN,NaN,-0.398,1.000
94.692,0.010,0.600,1.000,1.000,5.240,Run,NaN,NaN,1.598,1.000
94.702,0.010,0.600,-1.000,-1.000,5.230,Run,NaN,NaN,-0.398,1.000
94.712,0.010,0.600,1.000,1.000,5.240,Run,NaN,NaN,1.598,1.000
94.722,0.010,0.600,-1.000,-1.000,5.230,Run,NaN,NaN,-0.398,1.000
94.732,0.010,0.600,1.000,1.000,5.240,Run,NaN,NaN,1.598,1.000
94.742,0.010,0.600,-1.000,-1.000,5.230,Run,NaN,NaN,-0.398,1.000
94.752,0.010,0.600,1.000,1.000,5.240,Run,NaN,NaN,1.598,1.000
94.762,0.010,0.600,-1.000,-1.000,5.230,Run,NaN,NaN,-0.398,1.000
94.772,0.010,0.600,1.000,1.000,5.240,Run,NaN,NaN,1.598,1.000
94.782,0.010,0.600,-1.000,-1.000,5.230,Run,NaN,NaN,-0.398,1.000
94.792,0.010,0.600,1.000,1.000,5.240,Run,NaN,NaN,1.598,1.000
94.802,0.010,0.600,-1.000,-1.000,5.230,Run,NaN,NaN,-0.398,1.000
94.812,0.010,0.600,1.000,1.000,5.240,Run,NaN,NaN,1.598,1.000
94.822,0.010,0.600,-1.000,-1.000,5.230,Run,NaN,NaN,-0.398,1.000
94.832,0.010,0.600,1.000,1.000,5.240,Run,NaN,NaN,1.598,1.000
94.842,0.010,0.600,-1.000,-1.000,5.230,Run,NaN,NaN,-0.398,1.000
94.852,0.010,0.600,1.000,1.000,5.240,Run,NaN,NaN,1.598,1.000
94.862,0.010,0.600,-1.000,-1.000,5.230,Run,NaN,NaN,-0.398,1.000
94.872,0.010,0.600,1.000,1.000,5.240,Run,NaN,NaN,1.598,1.000
94.882,0.010,0.600,-1.000,-1.000,5.230,Run,NaN,NaN,-0.398,1.000
94.892,0.010,0.600,1.000,1.000,5.240,Run,NaN,NaN,1.598,1.000
94.902,0.010,0.600,-1.000,-1.000,5.230,Run,NaN,NaN,-0.398,1.000
94.912,0.010,0.600,1.000,1.000,5.240,Run,NaN,NaN,1.598,1.000
94.922,0.010,0.600,-1.000,-1.000,5.230,Run,NaN,NaN,-0.398,1.000
94.932,0.010,0.600,1.000,1.000,5.240,Run,NaN,NaN,1.598,1.000
94.942,0.010,0.600,-1.000,-1.000,5.230,Run,NaN,NaN,-0.398,1.000
94.952,0.010,0.600,1.000,1.000,5.240,Run,NaN,NaN,1.598,1.000
94.962,0.010,0.600,-1.000,-1.000,5.230,Run,NaN,NaN,-0.398,1.000
94.972,0.010,0.600,1.000,1.000,5.240,Run,NaN,NaN,1.598,1.000
94.982,0.010,0.600,-1.000,-1.000,5.230,Run,NaN,NaN,-0.398,1.000
94.992,0.010,0.600,1.000,1.000,5.240,Run,NaN,NaN,1.598,1.000
95.002,0.010,0.600,-1.000,-1.000,5.230,Run,NaN,NaN,-0.398,1.000
95.012,0.010,0.600,1.000,1.000,5.240,Run,NaN,NaN,1.598,1.000
95.022,0.010,0.600,-1.000,-1.000,5.230,Run,NaN,NaN,-0.398,1.000
95.032,0.010,0.600,1.000,1.000,5.240,Run,NaN,NaN,1.598,1.000
95.042,0.010,0.600,-1.000,-1.000,5.230,Run,NaN,NaN,-0.398,1.000
95.052,0.010,0.600,1.000,1.000,5.240,Run,NaN,NaN,1.598,1.000
95.062,0.010,0.600,-1.000,-1.000,5.230,Run,NaN,NaN,-0.398,1.000
95.072,0.010,0.600,1.000,1.000,5.240,Run,NaN,NaN,1.598,1.000
95.082,0.010,0.600,-1.000,-1.000,5.230,Run,NaN,NaN,-0.398,1.000
95.092,0.010,0.600,1.000,1.000,5.240,Run,NaN,NaN,1.598,1.000
95.102,0.010,0.600,-1.000,-1.000,5.230,Run,NaN,NaN,-0.398,1.000
95.112,0.010,0.600,1.000,1.000,5.240,Run,NaN,NaN,1.598,1.000
95.122,0.010,0.600,-1.000,-1.000,5.230,Run,NaN,NaN,-0.398,1.000
95.132,0.010,0.600,1.000,1.000,5.240,Run,NaN,NaN,1.598,1.000
95.142,0.010,0.600,-1.000,-1.000,5.230,Run,NaN,NaN,-0.398,1.000
95.152,0.010,0.600,1.000,1.000,5.240,Run,NaN,NaN,1.598,1.000
95.162,0.010,0.600,-1.000,-1.000,5.230,Run,NaN,NaN,-0.398,1.000
95.172,0.010,0.600,1.000,1.000,5.240,Run,NaN,NaN,1.598,1.000
95.182,0.010,0.600,-1.000,-1.000,5.230,Run,NaN,NaN,-0.398,1.000
95.192,0.010,0.600,1.000,1.000,5.240,Run,NaN,NaN,1.598,1.000
95.202,0.010,0.600,-1.000,-1.000,5.230,Run,NaN,NaN,-0.398,1.000
95.212,0.010,0.600,1.000,1.000,5.240,Run,NaN,NaN,1.598,1.000
95.222,0.010,0.600,-1.000,-1.000,5.230,Run,NaN,NaN,-0.398,1.000
95.232,0.010,0.600,1.000,1.000,5.240,Run,NaN,NaN,1.598,1.000
95.242,0.010,0.600,-1.000,-1.000,5.230,Run,NaN,NaN,-0.398,1.000
95.252,0.010,0.600,1.000,1.000,5.240,Run,NaN,NaN,1.598,1.000
95.262,0.010,0.600,-1.000,-1.000,5.230,Run,NaN,NaN,-0.398,1.000
95.272,0.010,0.600,1.000,1.000,5.240,Run,NaN,NaN,1.598,1.000
95.282,0.010,0.600,-1.000,-1.000,5.230,Run,NaN,NaN,-0.398,1.000
95.292,0.010,0.600,1.000,1.000,5.240,Run,NaN,NaN,1.598,1.000
95.302,0.010,0.600,-1.000,-1.000,5.230,Run,NaN,NaN,-0.398,1.000
95.312,0.010,0.600,1.000,1.000,5.240,Run,NaN,NaN,1.598,1.000
95.322,0.010,0.600,-1.000,-1.000,5.230,Run,NaN,NaN,-0.398,1.000
95.332,0.010,0.600,1.000,1.000,5.240,Run,NaN,NaN,1.598,1.000
95.342,0.010,0.600,-1.000,-1.000,5.230,Run,NaN,NaN,-0.398,1.000
95.352,0.010,0.600,1.000,1.000,5.240,Run,NaN,NaN,1.598,1.000
95.362,0.010,0.600,-1.000,-1.000,5.230,Run,NaN,NaN,-0.398,1.000
95.372,0.010,0.600,1.000,1.000,5.240,Run,NaN,NaN,1.598,1.000
95.382,0.010,0.600,-1.000,-1.000,5.230,Run,NaN,NaN,-0.398,1.000
95.392,0.010,0.600,1.000,1.000,5.240,Run,NaN,NaN,1.598,1.000
95.402,0.010,0.600,-1.000,-1.000,5.230,Run,NaN,NaN,-0.398,1.000
95.412,0.010,0.600,1.000,1.000,5.240,Run,NaN,NaN,1.598,1.000
95.422,0.010,0.600,-1.000,-1.000,5.230,Run,NaN,NaN,-0.398,1.000
95.432,0.010,0.600,1.000,1.000,5.240,Run,NaN,NaN,1.598,1.000
95.442,0.010,0.600,-1.000,-1.000,5.230,Run,NaN,NaN,-0.398,1.000
95.452,0.010,0.600,1.000,1.000,5.240,Run,NaN,NaN,1.598,1.000
95.462,0.010,0.600,-1.000,-1.000,5.230,Run,NaN,NaN,-0.398,1.000
95.472,0.010,0.600,1.000,1.000,5.240,Run,NaN,NaN,1.598,1.000
95.482,0.010,0.600,-1.000,-1.000,5.230,Run,NaN,NaN,-0.398,1.000
95.492,0.010,0.600,1.000,1.000,5.240,Run,NaN,NaN,1.598,1.000
95.502,0.010,0.600,-1.000,-1.000,5.230,Run,NaN,NaN,-0.398,1.000
95.512,0.010,0.600,1.000,1.000,5.240,Run,NaN,NaN,1.598,1.000
95.522,0.010,0.600,-1.000,-1.000,5.230,Run,NaN,NaN,-0.398,1.000
95.532,0.010,0.600,1.000,1.000,5.240,Run,NaN,NaN,1.598,1.000
95.542,0.010,0.600,-1.000,-1.000,5.230,Run,NaN,NaN,-0.398,1.000
95.552,0.010,0.600,1.000,1.000,5.240,Run,NaN,NaN,1.598,1.000
95.562,0.010,0.600,-1.000,-1.000,5.230,Run,NaN,NaN,-0.398,1.000
95.572,0.010,0.600,1.000,1.000,5.240,Run,NaN,NaN,1.598,1.000
95.582,0.010,0.600,-1.000,-1.000,5.230,Run,NaN,NaN,-0.398,1.000
95.592,0.010,0.600,1.000,1.000,5.240,Run,NaN,NaN,1.598,1.000
95.602,0.010,0.600,-1.000,-1.000,5.230,Run,NaN,NaN,-0.398,1.000
95.612,0.010,0.600,1.000,1.000,5.240,Run,NaN,NaN,1.598,1.000
95.622,0.010,0.600,-1.000,-1.000,5.230,Run,NaN,NaN,-0.398,1.000
95.632,0.010,0.600,1.000,1.000,5.240,Run,NaN,NaN,1.598,1.000
95.642,0.010,0.600,-1.000,-1.000,5.230,Run,NaN,NaN,-0.398,1.000
95.652,0.010,0.600,1.000,1.000,5.240,Run,NaN,NaN,1.598,1.000
95.662,0.010,0.600,-1.000,-1.000,5.230,Run,NaN,NaN,-0.398,1.000
95.672,0.010,0.600,1.000,1.000,5.240,Run,NaN,NaN,1.598,1.000
95.682,0.010,0.600,-1.000,-1.000,5.230,Run,NaN,NaN,-0.398,1.000
95.692,0.010,0.600,1.000,1.000,5.240,Run,NaN,NaN,1.598,1.000
95.702,0.010,0.600,-1.000,-1.000,5.230,Run,NaN,NaN,-0.398,1.000
95.712,0.010,0.600,1.000,1.000,5.240,Run,NaN,NaN,1.598,1.000
95.722,0.010,0.600,-1.000,-1.000,5.230,Run,NaN,NaN,-0.398,1.000
95.732,0.010,0.600,1.000,1.000,5.240,Run,NaN,NaN,1.598,1.000
95.742,0.010,0.600,-1.000,-1.000,5.230,Run,NaN,NaN,-0.398,1.000
95.752,0.010,0.600,1.000,1.000,5.240,Run,NaN,NaN,1.598,1.000
95.762,0.010,0.600,-1.000,-1.000,5.230,Run,NaN,NaN,-0.398,1.000
95.772,0.010,0.600,1.000,1.000,5.240,Run,NaN,NaN,1.598,1.000
95.782,0.010,0.600,-1.000,-1.000,5.230,Run,NaN,NaN,-0.398,1.000
95.792,0.010,0.600,1.000,1.000,5.240,Run,NaN,NaN,1.598,1.000
95.802,0.010,0.600,-1.000,-1.000,5.230,Run,NaN,NaN,-0.398,1.000
95.812,0.010,0.600,1.000,1.000,5.240,Run,NaN,NaN,1.598,1.000
95.822,0.010,0.600,-1.000,-1.000,5.230,Run,NaN,NaN,-0.398,1.000
95.832,0.010,0.600,1.000,1.000,5.240,Run,NaN,NaN,1.598,1.000
95.842,0.010,0.600,-1.000,-1.000,5.230,Run,NaN,NaN,-0.398,1.000
95.852,0.010,0.600,1.000,1.000,5.240,Run,NaN,NaN,1.598,1.000
95.862,0.010,0.600,-1.000,-1.000,5.230,Run,NaN,NaN,-0.398,1.000
95.872,0.010,0.600,1.000,1.000,5.240,Run,NaN,NaN,1.598,1.000
95.882,0.010,0.600,-1.000,-1.000,5.230,Run,NaN,NaN,-0.398,1.000
95.892,0.010,0.600,1.000,1.000,5.240,Run,NaN,NaN,1.598,1.000
95.902,0.010,0.600,-1.000,-1.000,5.230,Run,NaN,NaN,-0.398,1.000
95.912,0.010,0.600,1.000,1.000,5.240,Run,NaN,NaN,1.598,1.000
95.922,0.010,0.600,-1.000,-1.000,5.230,Run,NaN,NaN,-0.398,1.000
95.932,0.010,0.600,1.000,1.000,5.240,Run,NaN,NaN,1.598,1.000
95.942,0.010,0.600,-1.000,-1.000,5.230,Run,NaN,NaN,-0.398,1.000
95.952,0.010,0.600,1.000,1.000,5.240,Run,NaN,NaN,1.598,1.000
95.962,0.010,0.600,-1.000,-1.000,5.230,Run,NaN,NaN,-0.398,1.000
95.972,0.010,0.600,1.000,1.000,5.240,Run,NaN,NaN,1.598,1.000
95.982,0.010,0.600,-1.000,-1.000,5.230,Run,NaN,NaN,-0.398,1.000
95.992,0.010,0.600,1.000,1.000,5.240,Run,NaN,NaN,1.598,1.000
96.002,0.010,0.600,-1.000,-1.000,5.230,Run,NaN,NaN,-0.398,1.000
96.012,0.010,0.600,1.000,1.000,5.240,Run,NaN,NaN,1.598,1.000
96.022,0.010,0.600,-1.000,-1.000,5.230,Run,NaN,NaN,-0.398,1.000
96.032,0.010,0.600,1.000,1.000,5.240,Run,NaN,NaN,1.598,1.000
96.042,0.010,0.600,-1.000,-1.000,5.230,Run,NaN,NaN,-0.398,1.000
96.052,0.010,0.600,1.000,1.000,5.240,Run,NaN,NaN,1.598,1.000
96.062,0.010,0.600,-1.000,-1.000,5.230,Run,NaN,NaN,-0.398,1.000
96.072,0.010,0.600,1.000,1.000,5.240,Run,NaN,NaN,1.598,1.000
96.082,0.010,0.600,-1.000,-1.000,5.230,Run,NaN,NaN,-0.398,1.000
96.092,0.010,0.600,1.000,1.000,5.240,Run,NaN,NaN,1.598,1.000
96.102,0.010,0.600,-1.000,-1.000,5.230,Run,NaN,NaN,-0.398,1.000
96.112,0.010,0.600,1.000,1.000,5.240,Run,NaN,NaN,1.598,1.000
96.122,0.010,0.600,-1.000,-1.000,5.230,Run,NaN,NaN,-0.398,1.000
96.132,0.010,0.600,1.000,1.000,5.240,Run,NaN,NaN,1.598,1.000
96.142,0.010,0.600,-1.000,-1.000,5.230,Run,NaN,NaN,-0.398,1.000
96.152,0.010,0.600,1.000,1.000,5.240,Run,NaN,NaN,1.598,1.000
96.162,0.010,0.600,-1.000,-1.000,5.230,Run,NaN,NaN,-0.398,1.000
96.172,0.010,0.600,1.000,1.000,5.240,Run,NaN,NaN,1.598,1.000
96.182,0.010,0.600,-1.000,-1.000,5.230,Run,NaN,NaN,-0.398,1.000
96.192,0.010,0.600,1.000,1.000,5.240,Run,NaN,NaN,1.598,1.000
96.202,0.010,0.600,-1.000,-1.000,5.230,Run,NaN,NaN,-0.398,1.000
96.212,0.010,0.600,1.000,1.000,5.240,Run,NaN,NaN,1.598,1.000
96.222,0.010,0.600,-1.000,-1.000,5.230,Run,NaN,NaN,-0.398,1.000
96.232,0.010,0.600,1.000,1.000,5.240,Run,NaN,NaN,1.598,1.000
96.242,0.010,0.600,-1.000,-1.000,5.230,Run,NaN,NaN,-0.398,1.000
96.252,0.010,0.600,1.000,1.000,5.240,Run,NaN,NaN,1.598,1.000
96.262,0.010,0.600,-1.000,-1.000,5.230,Run,NaN,NaN,-0.398,1.000
96.272,0.010,0.600,1.000,1.000,5.240,Run,NaN,NaN,1.598,1.000
96.282,0.010,0.600,-1.000,-1.000,5.230,Run,NaN,NaN,-0.398,1.000
96.292,0.010,0.600,1.000,1.000,5.240,Run,NaN,NaN,1.598,1.000
96.302,0.010,0.600,-1.000,-1.000,5.230,Run,NaN,NaN,-0.398,1.000
96.312,0.010,0.600,1.000,1.000,5.240,Run,NaN,NaN,1.598,1.000
96.322,0.010,0.600,-1.000,-1.000,5.230,Run,NaN,NaN,-0.398,1.000
96.332,0.010,0.600,1.000,1.000,5.240,Run,NaN,NaN,1.598,1.000
96.342,0.010,0.600,-1.000,-1.000,5.230,Run,NaN,NaN,-0.398,1.000
96.352,0.010,0.600,1.000,1.000,5.240,Run,NaN,NaN,1.598,1.000
96.362,0.010,0.600,-1.000,-1.000,5.230,Run,NaN,NaN,-0.398,1.000
96.372,0.010,0.600,1.000,1.000,5.240,Run,NaN,NaN,1.598,1.000
96.382,0.010,0.600,-1.000,-1.000,5.230,Run,NaN,NaN,-0.398,1.000
96.392,0.010,0.600,1.000,1.000,5.240,Run,NaN,NaN,1.598,1.000
96.402,0.010,0.600,-1.000,-1.000,5.230,Run,NaN,NaN,-0.398,1.000
96.412,0.010,0.600,1.000,1.000,5.240,Run,NaN,NaN,1.598,1.000
96.422,0.010,0.600,-1.000,-1.000,5.230,Run,NaN,NaN,-0.398,1.000
96.432,0.010,0.600,1.000,1.000,5.240,Run,NaN,NaN,1.598,1.000
96.442,0.010,0.600,-1.000,-1.000,5.230,Run,NaN,NaN,-0.398,1.000
96.452,0.010,0.600,1.000,1.000,5.240,Run,NaN,NaN,1.598,1.000
96.462,0.010,0.600,-1.000,-1.000,5.230,Run,NaN,NaN,-0.398,1.000
96.472,0.010,0.600,1.000,1.000,5.240,Run,NaN,NaN,1.598,1.000
96.482,0.010,0.600,-1.000,-1.000,5.230,Run,NaN,NaN,-0.398,1.000
96.492,0.010,0.600,1.000,1.000,5.240,Run,NaN,NaN,1.598,1.000
96.502,0.010,0.600,-1.000,-1.000,5.230,Run,NaN,NaN,-0.398,1.000
96.512,0.010,0.600,1.000,1.000,5.240,Run,NaN,NaN,1.598,1.000
96.522,0.010,0.600,-1.000,-1.000,5.230,Run,NaN,NaN,-0.398,1.000
96.532,0.010,0.600,1.000,1.000,5.240,Run,NaN,NaN,1.598,1.000
96.542,0.010,0.600,-1.000,-1.000,5.230,Run,NaN,NaN,-0.398,1.000
96.552,0.010,0.600,1.000,1.000,5.240,Run,NaN,NaN,1.598,1.000
96.562,0.010,0.600,-1.000,-1.000,5.230,Run,NaN,NaN,-0.398,1.000
96.572,0.010,0.600,1.000,1.000,5.240,Run,NaN,NaN,1.598,1.000
96.582,0.010,0.600,-1.000,-1.000,5.230,Run,NaN,NaN,-0.398,1.000
96.592,0.010,0.600,1.000,1.000,5.240,Run,NaN,NaN,1.598,1.000
96.602,0.010,0.600,-1.000,-1.000,5.230,Run,NaN,NaN,-0.398,1.000
96.612,0.010,0.600,1.000,1.000,5.240,Run,NaN,NaN,1.598,1.000
96.622,0.010,0.600,-1.000,-1.000,5.230,Run,NaN,NaN,-0.398,1.000
96.632,0.010,0.600,1.000,1.000,5.240,Run,NaN,NaN,1.598,1.000
96.642,0.010,0.600,-1.000,-1.000,5.230,Run,NaN,NaN,-0.398,1.000
96.652,0.010,0.600,1.000,1.000,5.240,Run,NaN,NaN,1.598,1.000
96.662,0.010,0.600,-1.000,-1.000,5.230,Run,NaN,NaN,-0.398,1.000
96.672,0.010,0.600,1.000,1.000,5.240,Run,NaN,NaN,1.598,1.000
96.682,0.010,0.600,-1.000,-1.000,5.230,Run,NaN,NaN,-0.398,1.000
96.692,0.010,0.600,1.000,1.000,5.240,Run,NaN,NaN,1.598,1.000
96.702,0.010,0.600,-1.000,-1.000,5.230,Run,NaN,NaN,-0.398,1.000
96.712,0.010,0.600,1.000,1.000,5.240,Run,NaN,NaN,1.598,1.000
96.722,0.010,0.600,-1.000,-1.000,5.230,Run,NaN,NaN,-0.398,1.000
96.732,0.010,0.600,1.000,1.000,5.240,Run,NaN,NaN,1.598,1.000
96.742,0.010,0.600,-1.000,-1.000,5.230,Run,NaN,NaN,-0.398,1.000
96.752,0.010,0.600,1.000,1.000,5.240,Run,NaN,NaN,1.598,1.000
96.762,0.010,0.600,-1.000,-1.000,5.230,Run,NaN,NaN,-0.398,1.000
96.772,0.010,0.600,1.000,1.000,5.240,Run,NaN,NaN,1.598,1.000
96.782,0.010,0.600,-1.000,-1.000,5.230,Run,NaN,NaN,-0.398,1.000
96.792,0.010,0.600,1.000,1.000,5.240,Run,NaN,NaN,1.598,1.000
96.802,0.010,0.600,-1.000,-1.000,5.230,Run,NaN,NaN,-0.398,1.000
96.812,0.010,0.600,1.000,1.000,5.240,Run,NaN,NaN,1.598,1.000
96.822,0.010,0.600,-1.000,-1.000,5.230,Run,NaN,NaN,-0.398,1.000
96.832,0.010,0.600,1.000,1.000,5.240,Run,NaN,NaN,1.598,1.000
96.842,0.010,0.600,-1.000,-1.000,5.230,Run,NaN,NaN,-0.398,1.000
96.852,0.010,0.600,1.000,1.000,5.240,Run,NaN,NaN,1.598,1.000
96.862,0.010,0.600,-1.000,-1.000,5.230,Run,NaN,NaN,-0.398,1.000
96.872,0.010,0.600,1.000,1.000,5.240,Run,NaN,NaN,1.598,1.000
96.882,0.010,0.600,-1.000,-1.000,5.230,Run,NaN,NaN,-0.398,1.000
96.892,0.010,0.600,1.000,1.000,5.240,Run,NaN,NaN,1.598,1.000
96.902,0.010,0.600,-1.000,-1.000,5.230,Run,NaN,NaN,-0.398,1.000
96.912,0.010,0.600,1.000,1.000,5.240,Run,NaN,NaN,1.598,1.000
96.922,0.010,0.600,-1.000,-1.000,5.230,Run,NaN,NaN,-0.398,1.000
96.932,0.010,0.600,1.000,1.000,5.240,Run,NaN,NaN,1.598,1.000
96.942,0.010,0.600,-1.000,-1.000,5.230,Run,NaN,NaN,-0.398,1.000
96.952,0.010,0.600,1.000,1.000,5.240,Run,NaN,NaN,1.598,1.000
96.962,0.010,0.600,-1.000,-1.000,5.230,Run,NaN,NaN,-0.398,1.000
96.972,0.010,0.600,1.000,1.000,5.240,Run,NaN,NaN,1.598,1.000
96.982,0.010,0.600,-1.000,-1.000,5.230,Run,NaN,NaN,-0.398,1.000
96.992,0.010,0.600,1.000,1.000,5.240,Run,NaN,NaN,1.598,1.000
97.002,0.010,0.600,-1.000,-1.000,5.230,Run,NaN,NaN,-0.398,1.000
97.012,0.010,0.600,1.000,1.000,5.240,Run,NaN,NaN,1.598,1.000
97.022,0.010,0.600,-1.000,-1.000,5.230,Run,NaN,NaN,-0.398,1.000
97.032,0.010,0.600,1.000,1.000,5.240,Run,NaN,NaN,1.598,1.000
97.042,0.010,0.600,-1.000,-1.000,5.230,Run,NaN,NaN,-0.398,1.000
97.052,0.010,0.600,1.000,1.000,5.240,Run,NaN,NaN,1.598,1.000
97.062,0.010,0.600,-1.000,-1.000,5.230,Run,NaN,NaN,-0.398,1.000
97.072,0.010,0.600,1.000,1.000,5.240,Run,NaN,NaN,1.598,1.000
97.082,0.010,0.600,-1.000,-1.000,5.230,Run,NaN,NaN,-0.398,1.000
97.092,0.010,0.600,1.000,1.000,5.240,Run,NaN,NaN,1.598,1.000
97.102,0.010,0.600,-1.000,-1.000,5.230,Run,NaN,NaN,-0.398,1.000
97.112,0.010,0.600,1.000,1.000,5.240,Run,NaN,NaN,1.598,1.000
97.122,0.010,0.600,-1.000,-1.000,5.230,Run,NaN,NaN,-0.398,1.000
97.132,0.010,0.600,1.000,1.000,5.240,Run,NaN,NaN,1.598,1.000
97.142,0.010,0.600,-1.000,-1.000,5.230,Run,NaN,NaN,-0.398,1.000
97.152,0.010,0.600,1.000,1.000,5.240,Run,NaN,NaN,1.598,1.000
97.162,0.010,0.600,-1.000,-1.000,5.230,Run,NaN,NaN,-0.398,1.000
97.172,0.010,0.600,1.000,1.000,5.240,Run,NaN,NaN,1.598,1.000
97.182,0.010,0.600,-1.000,-1.000,5.230,Run,NaN,NaN,-0.398,1.000
97.192,0.010,0.600,1.000,1.000,5.240,Run,NaN,NaN,1.598,1.000
97.202,0.010,0.600,-1.000,-1.000,5.230,Run,NaN,NaN,-0.398,1.000
97.212,0.010,0.600,1.000,1.000,5.240,Run,NaN,NaN,1.598,1.000
97.222,0.010,0.600,-1.000,-1.000,5.230,Run,NaN,NaN,-0.398,1.000
97.232,0.010,0.600,1.000,1.000,5.240,Run,NaN,NaN,1.598,1.000
97.242,0.010,0.600,-1.000,-1.000,5.230,Run,NaN,NaN,-0.398,1.000
97.252,0.010,0.600,1.000,1.000,5.240,Run,NaN,NaN,1.598,1.000
97.262,0.010,0.600,-1.000,-1.000,5.230,Run,NaN,NaN,-0.398,1.000
97.272,0.010,0.600,1.000,1.000,5.240,Run,NaN,NaN,1.598,1.000
97.282,0.010,0.600,-1.000,-1.000,5.230,Run,NaN,NaN,-0.398,1.000
97.292,0.010,0.600,1.000,1.000,5.240,Run,NaN,NaN,1.598,1.000
97.302,0.010,0.600,-1.000,-1.000,5.230,Run,NaN,NaN,-0.398,1.000
97.312,0.010,0.600,1.000,1.000,5.240,Run,NaN,NaN,1.598,1.000
97.322,0.010,0.600,-1.000,-1.000,5.230,Run,NaN,NaN,-0.398,1.000
97.332,0.010,0.600,1.000,1.000,5.240,Run,NaN,NaN,1.598,1.000
97.342,0.010,0.600,-1.000,-1.000,5.230,Run,NaN,NaN,-0.398,1.000
97.352,0.010,0.600,1.000,1.000,5.240,Run,NaN,NaN,1.598,1.000
97.362,0.010,0.600,-1.000,-1.000,5.230,Run,NaN,NaN,-0.398,1.000
97.372,0.010,0.600,1.000,1.000,5.240,Run,NaN,NaN,1.598,1.000
97.382,0.010,0.600,-1.000,-1.000,5.230,Run,NaN,NaN,-0.398,1.000
97.392,0.010,0.600,1.000,1.000,5.240,Run,NaN,NaN,1.598,1.000
97.402,0.010,0.600,-1.000,-1.000,5.230,Run,NaN,NaN,-0.398,1.000
97.412,0.010,0.600,1.000,1.000,5.240,Run,NaN,NaN,1.598,1.000
97.422,0.010,0.600,-1.000,-1.000,5.230,Run,NaN,NaN,-0.398,1.000
97.432,0.010,0.600,1.000,1.000,5.240,Run,NaN,NaN,1.598,1.000
97.442,0.010,0.600,-1.000,-1.000,5.230,Run,NaN,NaN,-0.398,1.000
97.452,0.010,0.600,1.000,1.000,5.240,Run,NaN,NaN,1.598,1.000
97.462,0.010,0.600,-1.000,-1.000,5.230,Run,NaN,NaN,-0.398,1.000
97.472,0.010,0.600,1.000,1.000,5.240,Run,NaN,NaN,1.598,1.000
97.482,0.010,0.600,-1.000,-1.000,5.230,Run,NaN,NaN,-0.398,1.000
97.492,0.010,0.600,1.000,1.000,5.240,Run,NaN,NaN,1.598,1.000
97.502,0.010,0.600,-1.000,-1.000,5.230,Run,NaN,NaN,-0.398,1.000
97.512,0.010,0.600,1.000,1.000,5.240,Run,NaN,NaN,1.598,1.000
97.522,0.010,0.600,-1.000,-1.000,5.230,Run,NaN,NaN,-0.398,1.000
97.532,0.010,0.600,1.000,1.000,5.240,Run,NaN,NaN,1.598,1.000
97.542,0.010,0.600,-1.000,-1.000,5.230,Run,NaN,NaN,-0.398,1.000
97.552,0.010,0.600,1.000,1.000,5.240,Run,NaN,NaN,1.598,1.000
97.562,0.010,0.600,-1.000,-1.000,5.230,Run,NaN,NaN,-0.398,1.000
97.572,0.010,0.600,1.000,1.000,5.240,Run,NaN,NaN,1.598,1.000
97.582,0.010,0.600,-1.000,-1.000,5.230,Run,NaN,NaN,-0.398,1.000
97.592,0.010,0.600,1.000,1.000,5.240,Run,NaN,NaN,1.598,1.000
97.602,0.010,0.600,-1.000,-1.000,5.230,Run,NaN,NaN,-0.398,1.000
97.612,0.010,0.600,1.000,1.000,5.240,Run,NaN,NaN,1.598,1.000
97.622,0.010,0.600,-1.000,-1.000,5.230,Run,NaN,NaN,-0.398,1.000
97.632,0.010,0.600,1.000,1.000,5.240,Run,NaN,NaN,1.598,1.000
97.642,0.010,0.600,-1.000,-1.000,5.230,Run,NaN,NaN,-0.398,1.000
97.652,0.010,0.600,1.000,1.000,5.240,Run,NaN,NaN,1.598,1.000
97.662,0.010,0.600,-1.000,-1.000,5.230,Run,NaN,NaN,-0.398,1.000
97.672,0.010,0.600,1.000,1.000,5.240,Run,NaN,NaN,1.598,1.000
97.682,0.010,0.600,-1.000,-1.000,5.230,Run,NaN,NaN,-0.398,1.000
97.692,0.010,0.600,1.000,1.000,5.240,Run,NaN,NaN,1.598,1.000
97.702,0.010,0.600,-1.000,-1.000,5.230,Run,NaN,NaN,-0.398,1.000
97.712,0.010,0.600,1.000,1.000,5.240,Run,NaN,NaN,1.598,1.000
97.722,0.010,0.600,-1.000,-1.000,5.230,Run,NaN,NaN,-0.398,1.000
97.732,0.010,0.600,1.000,1.000,5.240,Run,NaN,NaN,1.598,1.000
97.742,0.010,0.600,-1.000,-1.000,5.230,Run,NaN,NaN,-0.398,1.000
97.752,0.010,0.600,1.000,1.000,5.240,Run,NaN,NaN,1.598,1.000
97.762,0.010,0.600,-1.000,-1.000,5.230,Run,NaN,NaN,-0.398,1.000
97.772,0.010,0.600,1.000,1.000,5.240,Run,NaN,NaN,1.598,1.000
97.782,0.010,0.600,-1.000,-1.000,5.230,Run,NaN,NaN,-0.398,1.000
97.792,0.010,0.600,1.000,1.000,5.240,Run,NaN,NaN,1.598,1.000
97.802,0.010,0.600,-1.000,-1.000,5.230,Run,NaN,NaN,-0.398,1.000
97.812,0.010,0.600,1.000,1.000,5.240,Run,NaN,NaN,1.598,1.000
97.822,0.010,0.600,-1.000,-1.000,5.230,Run,NaN,NaN,-0.398,1.000
97.832,0.010,0.600,1.000,1.000,5.240,Run,NaN,NaN,1.598,1.000
97.842,0.010,0.600,-1.000,-1.000,5.230,Run,NaN,NaN,-0.398,1.000
97.852,0.010,0.600,1.000,1.000,5.240,Run,NaN,NaN,1.598,1.000
97.862,0.010,0.600,-1.000,-1.000,5.230,Run,NaN,NaN,-0.398,1.000
97.872,0.010,0.600,1.000,1.000,5.240,Run,NaN,NaN,1.598,1.000
97.882,0.010,0.600,-1.000,-1.000,5.230,Run,NaN,NaN,-0.398,1.000
97.893,0.010,0.600,1.000,1.000,5.240,Run,NaN,NaN,1.598,1.000
97.903,0.010,0.600,-1.000,-1.000,5.230,Run,NaN,NaN,-0.398,1.000
97.913,0.010,0.600,1.000,1.000,5.240,Run,NaN,NaN,1.598,1.000
97.923,0.010,0.600,-1.000,-1.000,5.230,Run,NaN,NaN,-0.398,1.000
97.933,0.010,0.600,1.000,1.000,5.240,Run,NaN,NaN,1.598,1.000
97.943,0.010,0.600,-1.000,-1.000,5.230,Run,NaN,NaN,-0.398,1.000
97.953,0.010,0.600,1.000,1.000,5.240,Run,NaN,NaN,1.598,1.000
97.963,0.010,0.600,-1.000,-1.000,5.230,Run,NaN,NaN,-0.398,1.000
97.973,0.010,0.600,1.000,1.000,5.240,Run,NaN,NaN,1.598,1.000
97.983,0.010,0.600,-1.000,-1.000,5.230,Run,NaN,NaN,-0.398,1.000
97.993,0.010,0.600,1.000,1.000,5.240,Run,NaN,NaN,1.598,1.000
98.003,0.010,0.600,-1.000,-1.000,5.230,Run,NaN,NaN,-0.398,1.000
98.013,0.010,0.600,1.000,1.000,5.240,Run,NaN,NaN,1.598,1.000
98.023,0.010,0.600,-1.000,-1.000,5.230,Run,NaN,NaN,-0.398,1.000
98.033,0.010,0.600,1.000,1.000,5.240,Run,NaN,NaN,1.598,1.000
98.043,0.010,0.600,-1.000,-1.000,5.230,Run,NaN,NaN,-0.398,1.000
98.053,0.010,0.600,1.000,1.000,5.240,Run,NaN,NaN,1.598,1.000
98.063,0.010,0.600,-1.000,-1.000,5.230,Run,NaN,NaN,-0.398,1.000
98.073,0.010,0.600,1.000,1.000,5.240,Run,NaN,NaN,1.598,1.000
98.083,0.010,0.600,-1.000,-1.000,5.230,Run,NaN,NaN,-0.398,1.000
98.093,0.010,0.600,1.000,1.000,5.240,Run,NaN,NaN,1.598,1.000
98.103,0.010,0.600,-1.000,-1.000,5.230,Run,NaN,NaN,-0.398,1.000
98.113,0.010,0.600,1.000,1.000,5.240,Run,NaN,NaN,1.598,1.000
98.123,0.010,0.600,-1.000,-1.000,5.230,Run,NaN,NaN,-0.398,1.000
98.133,0.010,0.600,1.000,1.000,5.240,Run,NaN,NaN,1.598,1.000
98.143,0.010,0.600,-1.000,-1.000,5.230,Run,NaN,NaN,-0.398,1.000
98.153,0.010,0.600,1.000,1.000,5.240,Run,NaN,NaN,1.598,1.000
98.163,0.010,0.600,-1.000,-1.000,5.230,Run,NaN,NaN,-0.398,1.000
98.173,0.010,0.600,1.000,1.000,5.240,Run,NaN,NaN,1.598,1.000
98.183,0.010,0.600,-1.000,-1.000,5.230,Run,NaN,NaN,-0.398,1.000
98.193,0.010,0.600,1.000,1.000,5.240,Run,NaN,NaN,1.598,1.000
98.203,0.010,0.600,-1.000,-1.000,5.230,Run,NaN,NaN,-0.398,1.000
98.213,0.010,0.600,1.000,1.000,5.240,Run,NaN,NaN,1.598,1.000
98.223,0.010,0.600,-1.000,-1.000,5.230,Run,NaN,NaN,-0.398,1.000
98.233,0.010,0.600,1.000,1.000,5.240,Run,NaN,NaN,1.598,1.000
98.243,0.010,0.600,-1.000,-1.000,5.230,Run,NaN,NaN,-0.398,1.000
98.253,0.010,0.600,1.000,1.000,5.240,Run,NaN,NaN,1.598,1.000
98.263,0.010,0.600,-1.000,-1.000,5.230,Run,NaN,NaN,-0.398,1.000
98.273,0.010,0.600,1.000,1.000,5.240,Run,NaN,NaN,1.598,1.000
98.283,0.010,0.600,-1.000,-1.000,5.230,Run,NaN,NaN,-0.398,1.000
98.293,0.010,0.600,1.000,1.000,5.240,Run,NaN,NaN,1.598,1.000
98.303,0.010,0.600,-1.000,-1.000,5.230,Run,NaN,NaN,-0.398,1.000
98.313,0.010,0.600,1.000,1.000,5.240,Run,NaN,NaN,1.598,1.000
98.323,0.010,0.600,-1.000,-1.000,5.230,Run,NaN,NaN,-0.398,1.000
98.333,0.010,0.600,1.000,1.000,5.240,Run,NaN,NaN,1.598,1.000
98.343,0.010,0.600,-1.000,-1.000,5.230,Run,NaN,NaN,-0.398,1.000
98.353,0.010,0.600,1.000,1.000,5.240,Run,NaN,NaN,1.598,1.000
98.363,0.010,0.600,-1.000,-1.000,5.230,Run,NaN,NaN,-0.398,1.000
98.373,0.010,0.600,1.000,1.000,5.240,Run,NaN,NaN,1.598,1.000
98.383,0.010,0.600,-1.000,-1.000,5.230,Run,NaN,NaN,-0.398,1.000
98.393,0.010,0.600,1.000,1.000,5.240,Run,NaN,NaN,1.598,1.000
98.403,0.010,0.600,-1.000,-1.000,5.230,Run,NaN,NaN,-0.398,1.000
98.413,0.010,0.600,1.000,1.000,5.240,Run,NaN,NaN,1.598,1.000
98.423,0.010,0.600,-1.000,-1.000,5.230,Run,NaN,NaN,-0.398,1.000
98.433,0.010,0.600,1.000,1.000,5.240,Run,NaN,NaN,1.598,1.000
98.443,0.010,0.600,-1.000,-1.000,5.230,Run,NaN,NaN,-0.398,1.000
98.453,0.010,0.600,1.000,1.000,5.240,Run,NaN,NaN,1.598,1.000
98.463,0.010,0.600,-1.000,-1.000,5.230,Run,NaN,NaN,-0.398,1.000
98.473,0.010,0.600,1.000,1.000,5.240,Run,NaN,NaN,1.598,1.000
98.483,0.010,0.600,-1.000,-1.000,5.230,Run,NaN,NaN,-0.398,1.000
98.493,0.010,0.600,1.000,1.000,5.240,Run,NaN,NaN,1.598,1.000
98.503,0.010,0.600,-1.000,-1.000,5.230,Run,NaN,NaN,-0.398,1.000
98.513,0.010,0.600,1.000,1.000,5.240,Run,NaN,NaN,1.598,1.000
98.523,0.010,0.600,-1.000,-1.000,5.230,Run,NaN,NaN,-0.398,1.000
98.533,0.010,0.600,1.000,1.000,5.240,Run,NaN,NaN,1.598,1.000
98.543,0.010,0.600,-1.000,-1.000,5.230,Run,NaN,NaN,-0.398,1.000
98.553,0.010,0.600,1.000,1.000,5.240,Run,NaN,NaN,1.598,1.000
98.563,0.010,0.600,-1.000,-1.000,5.230,Run,NaN,NaN,-0.398,1.000
98.573,0.010,0.600,1.000,1.000,5.240,Run,NaN,NaN,1.598,1.000
98.583,0.010,0.600,-1.000,-1.000,5.230,Run,NaN,NaN,-0.398,1.000
98.593,0.010,0.600,1.000,1.000,5.240,Run,NaN,NaN,1.598,1.000
98.603,0.010,0.600,-1.000,-1.000,5.230,Run,NaN,NaN,-0.398,1.000
98.613,0.010,0.600,1.000,1.000,5.240,Run,NaN,NaN,1.598,1.000
98.623,0.010,0.600,-1.000,-1.000,5.230,Run,NaN,NaN,-0.398,1.000
98.633,0.010,0.600,1.000,1.000,5.240,Run,NaN,NaN,1.598,1.000
98.643,0.010,0.600,-1.000,-1.000,5.230,Run,NaN,NaN,-0.398,1.000
98.653,0.010,0.600,1.000,1.000,5.240,Run,NaN,NaN,1.598,1.000
98.663,0.010,0.600,-1.000,-1.000,5.230,Run,NaN,NaN,-0.398,1.000
98.673,0.010,0.600,1.000,1.000,5.240,Run,NaN,NaN,1.598,1.000
98.683,0.010,0.600,-1.000,-1.000,5.230,Run,NaN,NaN,-0.398,1.000
98.693,0.010,0.600,1.000,1.000,5.240,Run,NaN,NaN,1.598,1.000
98.703,0.010,0.600,-1.000,-1.000,5.230,Run,NaN,NaN,-0.398,1.000
98.713,0.010,0.600,1.000,1.000,5.240,Run,NaN,NaN,1.598,1.000
98.723,0.010,0.600,-1.000,-1.000,5.230,Run,NaN,NaN,-0.398,1.000
98.733,0.010,0.600,1.000,1.000,5.240,Run,NaN,NaN,1.598,1.000
98.743,0.010,0.600,-1.000,-1.000,5.230,Run,NaN,NaN,-0.398,1.000
98.753,0.010,0.600,1.000,1.000,5.240,Run,NaN,NaN,1.598,1.000
98.763,0.010,0.600,-1.000,-1.000,5.230,Run,NaN,NaN,-0.398,1.000
98.773,0.010,0.600,1.000,1.000,5.240,Run,NaN,NaN,1.598,1.000
98.783,0.010,0.600,-1.000,-1.000,5.230,Run,NaN,NaN,-0.398,1.000
98.793,0.010,0.600,1.000,1.000,5.240,Run,NaN,NaN,1.598,1.000
98.803,0.010,0.600,-1.000,-1.000,5.230,Run,NaN,NaN,-0.398,1.000
98.813,0.010,0.600,1.000,1.000,5.240,Run,NaN,NaN,1.598,1.000
98.823,0.010,0.600,-1.000,-1.000,5.230,Run,NaN,NaN,-0.398,1.000
98.833,0.010,0.600,1.000,1.000,5.240,Run,NaN,NaN,1.598,1.000
98.843,0.010,0.600,-1.000,-1.000,5.230,Run,NaN,NaN,-0.398,1.000
98.853,0.010,0.600,1.000,1.000,5.240,Run,NaN,NaN,1.598,1.000
98.863,0.010,0.600,-1.000,-1.000,5.230,Run,NaN,NaN,-0.398,1.000
98.873,0.010,0.600,1.000,1.000,5.240,Run,NaN,NaN,1.598,1.000
98.883,0.010,0.600,-1.000,-1.000,5.230,Run,NaN,NaN,-0.398,1.000
98.893,0.010,0.600,1.000,1.000,5.240,Run,NaN,NaN,1.598,1.000
98.903,0.010,0.600,-1.000,-1.000,5.230,Run,NaN,NaN,-0.398,1.000
98.913,0.010,0.600,1.000,1.000,5.240,Run,NaN,NaN,1.598,1.000
98.923,0.010,0.600,-1.000,-1.000,5.230,Run,NaN,NaN,-0.398,1.000
98.933,0.010,0.600,1.000,1.000,5.240,Run,NaN,NaN,1.598,1.000
98.943,0.010,0.600,-1.000,-1.000,5.230,Run,NaN,NaN,-0.398,1.000
98.953,0.010,0.600,1.000,1.000,5.240,Run,NaN,NaN,1.598,1.000
98.963,0.010,0.600,-1.000,-1.000,5.230,Run,NaN,NaN,-0.398,1.000
98.973,0.010,0.600,1.000,1.000,5.240,Run,NaN,NaN,1.598,1.000
98.983,0.010,0.600,-1.000,-1.000,5.230,Run,NaN,NaN,-0.398,1.000
98.993,0.010,0.600,1.000,1.000,5.240,Run,NaN,NaN,1.598,1.000
99.003,0.010,0.600,-1.000,-1.000,5.230,Run,NaN,NaN,-0.398,1.000
99.013,0.010,0.600,1.000,1.000,5.240,Run,NaN,NaN,1.598,1.000
99.023,0.010,0.600,-1.000,-1.000,5.230,Run,NaN,NaN,-0.398,1.000
99.033,0.010,0.600,1.000,1.000,5.240,Run,NaN,NaN,1.598,1.000
99.043,0.010,0.600,-1.000,-1.000,5.230,Run,NaN,NaN,-0.398,1.000
99.053,0.010,0.600,1.000,1.000,5.240,Run,NaN,NaN,1.598,1.000
99.063,0.010,0.600,-1.000,-1.000,5.230,Run,NaN,NaN,-0.398,1.000
99.073,0.010,0.600,1.000,1.000,5.240,Run,NaN,NaN,1.598,1.000
99.083,0.010,0.600,-1.000,-1.000,5.230,Run,NaN,NaN,-0.398,1.000
99.093,0.010,0.600,1.000,1.000,5.240,Run,NaN,NaN,1.598,1.000
99.103,0.010,0.600,-1.000,-1.000,5.230,Run,NaN,NaN,-0.398,1.000
99.113,0.010,0.600,1.000,1.000,5.240,Run,NaN,NaN,1.598,1.000
99.123,0.010,0.600,-1.000,-1.000,5.230,Run,NaN,NaN,-0.398,1.000
99.133,0.010,0.600,1.000,1.000,5.240,Run,NaN,NaN,1.598,1.000
99.143,0.010,0.600,-1.000,-1.000,5.230,Run,NaN,NaN,-0.398,1.000
99.153,0.010,0.600,1.000,1.000,5.240,Run,NaN,NaN,1.598,1.000
99.163,0.010,0.600,-1.000,-1.000,5.230,Run,NaN,NaN,-0.398,1.000
99.173,0.010,0.600,1.000,1.000,5.240,Run,NaN,NaN,1.598,1.000
99.183,0.010,0.600,-1.000,-1.000,5.230,Run,NaN,NaN,-0.398,1.000
99.193,0.010,0.600,1.000,1.000,5.240,Run,NaN,NaN,1.598,1.000
99.203,0.010,0.600,-1.000,-1.000,5.230,Run,NaN,NaN,-0.398,1.000
99.213,0.010,0.600,1.000,1.000,5.240,Run,NaN,NaN,1.598,1.000
99.223,0.010,0.600,-1.000,-1.000,5.230,Run,NaN,NaN,-0.398,1.000
99.233,0.010,0.600,1.000,1.000,5.240,Run,NaN,NaN,1.598,1.000
99.243,0.010,0.600,-1.000,-1.000,5.230,Run,NaN,NaN,-0.398,1.000
99.253,0.010,0.600,1.000,1.000,5.240,Run,NaN,NaN,1.598,1.000
99.263,0.010,0.600,-1.000,-1.000,5.230,Run,NaN,NaN,-0.398,1.000
99.273,0.010,0.600,1.000,1.000,5.240,Run,NaN,NaN,1.598,1.000
99.283,0.010,0.600,-1.000,-1.000,5.230,Run,NaN,NaN,-0.398,1.000
99.293,0.010,0.600,1.000,1.000,5.240,Run,NaN,NaN,1.598,1.000
99.303,0.010,0.600,-1.000,-1.000,5.230,Run,NaN,NaN,-0.398,1.000
99.313,0.010,0.600,1.000,1.000,5.240,Run,NaN,NaN,1.598,1.000
99.323,0.010,0.600,-1.000,-1.000,5.230,Run,NaN,NaN,-0.398,1.000
99.333,0.010,0.600,1.000,1.000,5.240,Run,NaN,NaN,1.598,1.000
99.343,0.010,0.600,-1.000,-1.000,5.230,Run,NaN,NaN,-0.398,1.000
99.353,0.010,0.600,1.000,1.000,5.240,Run,NaN,NaN,1.598,1.000
99.363,0.010,0.600,-1.000,-1.000,5.230,Run,NaN,NaN,-0.398,1.000
99.373,0.010,0.600,1.000,1.000,5.240,Run,NaN,NaN,1.598,1.000
99.383,0.010,0.600,-1.000,-1.000,5.230,Run,NaN,NaN,-0.398,1.000
99.393,0.010,0.600,1.000,1.000,5.240,Run,NaN,NaN,1.598,1.000
99.403,0.010,0.600,-1.000,-1.000,5.230,Run,NaN,NaN,-0.398,1.000
99.413,0.010,0.600,1.000,1.000,5.240,Run,NaN,NaN,1.598,1.000
99.423,0.010,0.600,-1.000,-1.000,5.230,Run,NaN,NaN,-0.398,1.000
99.433,0.010,0.600,1.000,1.000,5.240,Run,NaN,NaN,1.598,1.000
99.443,0.010,0.600,-1.000,-1.000,5.230,Run,NaN,NaN,-0.398,1.000
99.453,0.010,0.600,1.000,1.000,5.240,Run,NaN,NaN,1.598,1.000
99.463,0.010,0.600,-1.000,-1.000,5.230,Run,NaN,NaN,-0.398,1.000
99.473,0.010,0.600,1.000,1.000,5.240,Run,NaN,NaN,1.598,1.000
99.483,0.010,0.600,-1.000,-1.000,5.230,Run,NaN,NaN,-0.398,1.000
99.493,0.010,0.600,1.000,1.000,5.240,Run,NaN,NaN,1.598,1.000
99.503,0.010,0.600,-1.000,-1.000,5.230,Run,NaN,NaN,-0.398,1.000
99.513,0.010,0.600,1.000,1.000,5.240,Run,NaN,NaN,1.598,1.000
99.523,0.010,0.600,-1.000,-1.000,5.230,Run,NaN,NaN,-0.398,1.000
99.533,0.010,0.600,1.000,1.000,5.240,Run,NaN,NaN,1.598,1.000
99.543,0.010,0.600,-1.000,-1.000,5.230,Run,NaN,NaN,-0.398,1.000
99.553,0.010,0.600,1.000,1.000,5.240,Run,NaN,NaN,1.598,1.000
99.563,0.010,0.600,-1.000,-1.000,5.230,Run,NaN,NaN,-0.398,1.000
99.573,0.010,0.600,1.000,1.000,5.240,Run,NaN,NaN,1.598,1.000
99.583,0.010,0.600,-1.000,-1.000,5.230,Run,NaN,NaN,-0.398,1.000
99.593,0.010,0.600,1.000,1.000,5.240,Run,NaN,NaN,1.598,1.000
99.603,0.010,0.600,-1.000,-1.000,5.230,Run,NaN,NaN,-0.398,1.000
99.613,0.010,0.600,1.000,1.000,5.240,Run,NaN,NaN,1.598,1.000
99.623,0.010,0.600,-1.000,-1.000,5.230,Run,NaN,NaN,-0.398,1.000
99.633,0.010,0.600,1.000,1.000,5.240,Run,NaN,NaN,1.598,1.000
99.643,0.010,0.600,-1.000,-1.000,5.230,Run,NaN,NaN,-0.398,1.000
99.653,0.010,0.600,1.000,1.000,5.240,Run,NaN,NaN,1.598,1.000
99.663,0.010,0.600,-1.000,-1.000,5.230,Run,NaN,NaN,-0.398,1.000
99.673,0.010,0.600,1.000,1.000,5.240,Run,NaN,NaN,1.598,1.000
99.683,0.010,0.600,-1.000,-1.000,5.230,Run,NaN,NaN,-0.398,1.000
99.693,0.010,0.600,1.000,1.000,5.240,Run,NaN,NaN,1.598,1.000
99.703,0.010,0.600,-1.000,-1.000,5.230,Run,NaN,NaN,-0.398,1.000
99.713,0.010,0.600,1.000,1.000,5.240,Run,NaN,NaN,1.598,1.000
99.723,0.010,0.600,-1.000,-1.000,5.230,Run,NaN,NaN,-0.398,1.000
99.733,0.010,0.600,1.000,1.000,5.240,Run,NaN,NaN,1.598,1.000
99.743,0.010,0.600,-1.000,-1.000,5.230,Run,NaN,NaN,-0.398,1.000
99.753,0.010,0.600,1.000,1.000,5.240,Run,NaN,NaN,1.598,1.000
99.763,0.010,0.600,-1.000,-1.000,5.230,Run,NaN,NaN,-0.398,1.000
99.773,0.010,0.600,1.000,1.000,5.240,Run,NaN,NaN,1.598,1.000
99.783,0.010,0.600,-1.000,-1.000,5.230,Run,NaN,NaN,-0.398,1.000
99.793,0.010,0.600,1.000,1.000,5.240,Run,NaN,NaN,1.598,1.000
99.803,0.010,0.600,-1.000,-1.000,5.230,Run,NaN,NaN,-0.398,1.000
99.813,0.010,0.600,1.000,1.000,5.240,Run,NaN,NaN,1.598,1.000
99.823,0.010,0.600,-1.000,-1.000,5.230,Run,NaN,NaN,-0.398,1.000
99.833,0.010,0.600,1.000,1.000,5.240,Run,NaN,NaN,1.598,1.000
99.843,0.010,0.600,-1.000,-1.000,5.230,Run,NaN,NaN,-0.398,1.000
99.853,0.010,0.600,1.000,1.000,5.240,Run,NaN,NaN,1.598,1.000
99.863,0.010,0.600,-1.000,-1.000,5.230,Run,NaN,NaN,-0.398,1.000
99.873,0.010,0.600,1.000,1.000,5.240,Run,NaN,NaN,1.598,1.000
99.883,0.010,0.600,-1.000,-1.000,5.230,Run,NaN,NaN,-0.398,1.000
99.893,0.010,0.600,1.000,1.000,5.240,Run,NaN,NaN,1.598,1.000
99.903,0.010,0.600,-1.000,-1.000,5.230,Run,NaN,NaN,-0.398,1.000
99.913,0.010,0.600,1.000,1.000,5.240,Run,NaN,NaN,1.598,1.000
99.923,0.010,0.600,-1.000,-1.000,5.230,Run,NaN,NaN,-0.398,1.000
99.933,0.010,0.600,1.000,1.000,5.240,Run,NaN,NaN,1.598,1.000
99.943,0.010,0.600,-1.000,-1.000,5.230,Run,NaN,NaN,-0.398,1.000
99.953,0.010,0.600,1.000,1.000,5.240,Run,NaN,NaN,1.598,1.000
99.963,0.010,0.600,-1.000,-1.000,5.230,Run,NaN,NaN,-0.398,1.000
99.973,0.010,0.600,1.000,1.000,5.240,Run,NaN,NaN,1.598,1.000
99.983,0.010,0.600,-1.000,-1.000,5.230,Run,NaN,NaN,-0.398,1.000
99.993,0.010,0.600,1.000,1.000,5.240,Run,NaN,NaN,1.598,1.000
100.003,0.010,0.600,-1.000,-1.000,5.230,Run,NaN,NaN,-0.398,1.000
100.013,0.010,0.600,1.000,1.000,5.240,Run,NaN,NaN,1.598,1.000
100.023,0.010,0.600,-1.000,-1.000,5.230,Run,NaN,NaN,-0.398,1.000
100.033,0.010,0.600,1.000,1.000,5.240,Run,NaN,NaN,1.598,1.000
100.043,0.010,0.600,-1.000,-1.000,5.230,Run,NaN,NaN,-0.398,1.000
100.053,0.010,0.600,1.000,1.000,5.240,Run,NaN,NaN,1.598,1.000
100.063,0.010,0.600,-1.000,-1.000,5.230,Run,NaN,NaN,-0.398,1.000
100.073,0.010,0.600,1.000,1.000,5.240,Run,NaN,NaN,1.598,1.000
100.083,0.010,0.600,-1.000,-1.000,5.230,Run,NaN,NaN,-0.398,1.000
100.093,0.010,0.600,1.000,1.000,5.240,Run,NaN,NaN,1.598,1.000
100.103,0.010,0.600,-1.000,-1.000,5.230,Run,NaN,NaN,-0.398,1.000
100.113,0.010,0.600,1.000,1.000,5.240,Run,NaN,NaN,1.598,1.000
100.123,0.010,0.600,-1.000,-1.000,5.230,Run,NaN,NaN,-0.398,1.000
100.133,0.010,0.600,1.000,1.000,5.240,Run,NaN,NaN,1.598,1.000
100.143,0.010,0.600,-1.000,-1.000,5.230,Run,NaN,NaN,-0.398,1.000
100.153,0.010,0.600,1.000,1.000,5.240,Run,NaN,NaN,1.598,1.000
100.163,0.010,0.600,-1.000,-1.000,5.230,Run,NaN,NaN,-0.398,1.000
100.173,0.010,0.600,1.000,1.000,5.240,Run,NaN,NaN,1.598,1.000
100.183,0.010,0.600,-1.000,-1.000,5.230,Run,NaN,NaN,-0.398,1.000
100.193,0.010,0.600,1.000,1.000,5.240,Run,NaN,NaN,1.598,1.000
100.203,0.010,0.600,-1.000,-1.000,5.230,Run,NaN,NaN,-0.398,1.000
100.213,0.010,0.600,1.000,1.000,5.240,Run,NaN,NaN,1.598,1.000
100.223,0.010,0.600,-1.000,-1.000,5.230,Run,NaN,NaN,-0.398,1.000
100.233,0.010,0.600,1.000,1.000,5.240,Run,NaN,NaN,1.598,1.000
100.243,0.010,0.600,-1.000,-1.000,5.230,Run,NaN,NaN,-0.398,1.000
100.253,0.010,0.600,1.000,1.000,5.240,Run,NaN,NaN,1.598,1.000
100.263,0.010,0.600,-1.000,-1.000,5.230,Run,NaN,NaN,-0.398,1.000
100.273,0.010,0.600,1.000,1.000,5.240,Run,NaN,NaN,1.598,1.000
100.283,0.010,0.600,-1.000,-1.000,5.230,Run,NaN,NaN,-0.398,1.000
100.293,0.010,0.600,1.000,1.000,5.240,Run,NaN,NaN,1.598,1.000
100.303,0.010,0.600,-1.000,-1.000,5.230,Run,NaN,NaN,-0.398,1.000
100.313,0.010,0.600,1.000,1.000,5.240,Run,NaN,NaN,1.598,1.000
100.323,0.010,0.600,-1.000,-1.000,5.230,Run,NaN,NaN,-0.398,1.000
100.333,0.010,0.600,1.000,1.000,5.240,Run,NaN,NaN,1.598,1.000
100.343,0.010,0.600,-1.000,-1.000,5.230,Run,NaN,NaN,-0.398,1.000
100.353,0.010,0.600,1.000,1.000,5.240,Run,NaN,NaN,1.598,1.000
100.363,0.010,0.600,-1.000,-1.000,5.230,Run,NaN,NaN,-0.398,1.000
100.373,0.010,0.600,1.000,1.000,5.240,Run,NaN,NaN,1.598,1.000
100.383,0.010,0.600,-1.000,-1.000,5.230,Run,NaN,NaN,-0.398,1.000
100.393,0.010,0.600,1.000,1.000,5.240,Run,NaN,NaN,1.598,1.000
100.403,0.010,0.600,-1.000,-1.000,5.230,Run,NaN,NaN,-0.398,1.000
100.413,0.010,0.600,1.000,1.000,5.240,Run,NaN,NaN,1.598,1.000
100.423,0.010,0.600,-1.000,-1.000,5.230,Run,NaN,NaN,-0.398,1.000
100.433,0.010,0.600,1.000,1.000,5.240,Run,NaN,NaN,1.598,1.000
100.443,0.010,0.600,-1.000,-1.000,5.230,Run,NaN,NaN,-0.398,1.000
100.453,0.010,0.600,1.000,1.000,5.240,Run,NaN,NaN,1.598,1.000
100.463,0.010,0.600,-1.000,-1.000,5.230,Run,NaN,NaN,-0.398,1.000
100.473,0.010,0.600,1.000,1.000,5.240,Run,NaN,NaN,1.598,1.000
100.483,0.010,0.600,-1.000,-1.000,5.230,Run,NaN,NaN,-0.398,1.000
100.493,0.010,0.600,1.000,1.000,5.240,Run,NaN,NaN,1.598,1.000
100.503,0.010,0.600,-1.000,-1.000,5.230,Run,NaN,NaN,-0.398,1.000
100.513,0.010,0.600,1.000,1.000,5.240,Run,NaN,NaN,1.598,1.000
100.523,0.010,0.600,-1.000,-1.000,5.230,Run,NaN,NaN,-0.398,1.000
100.533,0.010,0.600,1.000,1.000,5.240,Run,NaN,NaN,1.598,1.000
100.543,0.010,0.600,-1.000,-1.000,5.230,Run,NaN,NaN,-0.398,1.000
100.553,0.010,0.600,1.000,1.000,5.240,Run,NaN,NaN,1.598,1.000
100.563,0.010,0.600,-1.000,-1.000,5.230,Run,NaN,NaN,-0.398,1.000
100.573,0.010,0.600,1.000,1.000,5.240,Run,NaN,NaN,1.598,1.000
100.583,0.010,0.600,-1.000,-1.000,5.230,Run,NaN,NaN,-0.398,1.000
100.593,0.010,0.600,1.000,1.000,5.240,Run,NaN,NaN,1.598,1.000
100.603,0.010,0.600,-1.000,-1.000,5.230,Run,NaN,NaN,-0.398,1.000
100.613,0.010,0.600,1.000,1.000,5.240,Run,NaN,NaN,1.598,1.000
100.623,0.010,0.600,-1.000,-1.000,5.230,Run,NaN,NaN,-0.398,1.000
100.633,0.010,0.600,1.000,1.000,5.240,Run,NaN,NaN,1.598,1.000
100.643,0.010,0.600,-1.000,-1.000,5.230,Run,NaN,NaN,-0.398,1.000
100.653,0.010,0.600,1.000,1.000,5.240,Run,NaN,NaN,1.598,1.000
100.663,0.010,0.600,-1.000,-1.000,5.230,Run,NaN,NaN,-0.398,1.000
100.673,0.010,0.600,1.000,1.000,5.240,Run,NaN,NaN,1.598,1.000
100.683,0.010,0.600,-1.000,-1.000,5.230,Run,NaN,NaN,-0.398,1.000
100.693,0.010,0.600,1.000,1.000,5.240,Run,NaN,NaN,1.598,1.000
100.703,0.010,0.600,-1.000,-1.000,5.230,Run,NaN,NaN,-0.398,1.000
100.713,0.010,0.600,1.000,1.000,5.240,Run,NaN,NaN,1.598,1.000
100.723,0.010,0.600,-1.000,-1.000,5.230,Run,NaN,NaN,-0.398,1.000
100.733,0.010,0.600,1.000,1.000,5.240,Run,NaN,NaN,1.598,1.000
100.743,0.010,0.600,-1.000,-1.000,5.230,Run,NaN,NaN,-0.398,1.000
100.753,0.010,0.600,1.000,1.000,5.240,Run,NaN,NaN,1.598,1.000
100.763,0.010,0.600,-1.000,-1.000,5.230,Run,NaN,NaN,-0.398,1.000
100.773,0.010,0.600,1.000,1.000,5.240,Run,NaN,NaN,1.598,1.000
100.783,0.010,0.600,-1.000,-1.000,5.230,Run,NaN,NaN,-0.398,1.000
100.793,0.010,0.600,1.000,1.000,5.240,Run,NaN,NaN,1.598,1.000
100.803,0.010,0.600,-1.000,-1.000,5.230,Run,NaN,NaN,-0.398,1.000
100.813,0.010,0.600,1.000,1.000,5.240,Run,NaN,NaN,1.598,1.000
100.823,0.010,0.600,-1.000,-1.000,5.230,Run,NaN,NaN,-0.398,1.000
100.833,0.010,0.600,1.000,1.000,5.240,Run,NaN,NaN,1.598,1.000
100.843,0.010,0.600,-1.000,-1.000,5.230,Run,NaN,NaN,-0.398,1.000
100.853,0.010,0.600,1.000,1.000,5.240,Run,NaN,NaN,1.598,1.000
100.863,0.010,0.600,-1.000,-1.000,5.230,Run,NaN,NaN,-0.398,1.000
100.873,0.010,0.600,1.000,1.000,5.240,Run,NaN,NaN,1.598,1.000
100.883,0.010,0.600,-1.000,-1.000,5.230,Run,NaN,NaN,-0.398,1.000
100.893,0.010,0.600,1.000,1.000,5.240,Run,NaN,NaN,1.598,1.000
100.903,0.010,0.600,-1.000,-1.000,5.230,Run,NaN,NaN,-0.398,1.000
100.913,0.010,0.600,1.000,1.000,5.240,Run,NaN,NaN,1.598,1.000
100.923,0.010,0.600,-1.000,-1.000,5.230,Run,NaN,NaN,-0.398,1.000
100.933,0.010,0.600,1.000,1.000,5.240,Run,NaN,NaN,1.598,1.000
100.943,0.010,0.600,-1.000,-1.000,5.230,Run,NaN,NaN,-0.398,1.000
100.953,0.010,0.600,1.000,1.000,5.240,Run,NaN,NaN,1.598,1.000
100.963,0.010,0.600,-1.000,-1.000,5.230,Run,NaN,NaN,-0.398,1.000
100.973,0.010,0.600,1.000,1.000,5.240,Run,NaN,NaN,1.598,1.000
100.983,0.010,0.600,-1.000,-1.000,5.230,Run,NaN,NaN,-0.398,1.000
100.993,0.010,0.600,1.000,1.000,5.240,Run,NaN,NaN,1.598,1.000
101.003,0.010,0.600,-1.000,-1.000,5.230,Run,NaN,NaN,-0.398,1.000
101.013,0.010,0.600,1.000,1.000,5.240,Run,NaN,NaN,1.598,1.000
101.023,0.010,0.600,-1.000,-1.000,5.230,Run,NaN,NaN,-0.398,1.000
101.033,0.010,0.600,1.000,1.000,5.240,Run,NaN,NaN,1.598,1.000
101.043,0.010,0.600,-1.000,-1.000,5.230,Run,NaN,NaN,-0.398,1.000
101.053,0.010,0.600,1.000,1.000,5.240,Run,NaN,NaN,1.598,1.000
101.063,0.010,0.600,-1.000,-1.000,5.230,Run,NaN,NaN,-0.398,1.000
101.073,0.010,0.600,1.000,1.000,5.240,Run,NaN,NaN,1.598,1.000
101.083,0.010,0.600,-1.000,-1.000,5.230,Run,NaN,NaN,-0.398,1.000
101.093,0.010,0.600,1.000,1.000,5.240,Run,NaN,NaN,1.598,1.000
101.103,0.010,0.600,-1.000,-1.000,5.230,Run,NaN,NaN,-0.398,1.000
101.113,0.010,0.600,1.000,1.000,5.240,Run,NaN,NaN,1.598,1.000
101.123,0.010,0.600,-1.000,-1.000,5.230,Run,NaN,NaN,-0.398,1.000
101.133,0.010,0.600,1.000,1.000,5.240,Run,NaN,NaN,1.598,1.000
101.143,0.010,0.600,-1.000,-1.000,5.230,Run,NaN,NaN,-0.398,1.000
101.153,0.010,0.600,1.000,1.000,5.240,Run,NaN,NaN,1.598,1.000
101.163,0.010,0.600,-1.000,-1.000,5.230,Run,NaN,NaN,-0.398,1.000
101.173,0.010,0.600,1.000,1.000,5.240,Run,NaN,NaN,1.598,1.000
101.183,0.010,0.600,-1.000,-1.000,5.230,Run,NaN,NaN,-0.398,1.000
101.193,0.010,0.600,1.000,1.000,5.240,Run,NaN,NaN,1.598,1.000
101.203,0.010,0.600,-1.000,-1.000,5.230,Run,NaN,NaN,-0.398,1.000
101.213,0.010,0.600,1.000,1.000,5.240,Run,NaN,NaN,1.598,1.000
101.223,0.010,0.600,-1.000,-1.000,5.230,Run,NaN,NaN,-0.398,1.000
101.233,0.010,0.600,1.000,1.000,5.240,Run,NaN,NaN,1.598,1.000
101.243,0.010,0.600,-1.000,-1.000,5.230,Run,NaN,NaN,-0.398,1.000
101.253,0.010,0.600,1.000,1.000,5.240,Run,NaN,NaN,1.598,1.000
101.263,0.010,0.600,-1.000,-1.000,5.230,Run,NaN,NaN,-0.398,1.000
101.273,0.010,0.600,1.000,1.000,5.240,Run,NaN,NaN,1.598,1.000
101.283,0.010,0.600,-1.000,-1.000,5.230,Run,NaN,NaN,-0.398,1.000
101.293,0.010,0.600,1.000,1.000,5.240,Run,NaN,NaN,1.598,1.000
101.303,0.010,0.600,-1.000,-1.000,5.230,Run,NaN,NaN,-0.398,1.000
101.313,0.010,0.600,1.000,1.000,5.240,Run,NaN,NaN,1.598,1.000
101.323,0.010,0.600,-1.000,-1.000,5.230,Run,NaN,NaN,-0.398,1.000
101.333,0.010,0.600,1.000,1.000,5.240,Run,NaN,NaN,1.598,1.000
101.343,0.010,0.600,-1.000,-1.000,5.230,Run,NaN,NaN,-0.398,1.000
101.353,0.010,0.600,1.000,1.000,5.240,Run,NaN,NaN,1.598,1.000
101.363,0.010,0.600,-1.000,-1.000,5.230,Run,NaN,NaN,-0.398,1.000
101.373,0.010,0.600,1.000,1.000,5.240,Run,NaN,NaN,1.598,1.000
101.383,0.010,0.600,-1.000,-1.000,5.230,Run,NaN,NaN,-0.398,1.000
101.393,0.010,0.600,1.000,1.000,5.240,Run,NaN,NaN,1.598,1.000
101.403,0.010,0.600,-1.000,-1.000,5.230,Run,NaN,NaN,-0.398,1.000
101.413,0.010,0.600,1.000,1.000,5.240,Run,NaN,NaN,1.598,1.000
101.423,0.010,0.600,-1.000,-1.000,5.230,Run,NaN,NaN,-0.398,1.000
101.433,0.010,0.600,1.000,1.000,5.240,Run,NaN,NaN,1.598,1.000
101.443,0.010,0.600,-1.000,-1.000,5.230,Run,NaN,NaN,-0.398,1.000
101.453,0.010,0.600,1.000,1.000,5.240,Run,NaN,NaN,1.598,1.000
101.463,0.010,0.600,-1.000,-1.000,5.230,Run,NaN,NaN,-0.398,1.000
101.473,0.010,0.600,1.000,1.000,5.240,Run,NaN,NaN,1.598,1.000
101.483,0.010,0.600,-1.000,-1.000,5.230,Run,NaN,NaN,-0.398,1.000
101.493,0.010,0.600,1.000,1.000,5.240,Run,NaN,NaN,1.598,1.000
101.503,0.010,0.600,-1.000,-1.000,5.230,Run,NaN,NaN,-0.398,1.000
101.513,0.010,0.600,1.000,1.000,5.240,Run,NaN,NaN,1.598,1.000
101.523,0.010,0.600,-1.000,-1.000,5.230,Run,NaN,NaN,-0.398,1.000
101.533,0.010,0.600,1.000,1.000,5.240,Run,NaN,NaN,1.598,1.000
101.543,0.010,0.600,-1.000,-1.000,5.230,Run,NaN,NaN,-0.398,1.000
101.553,0.010,0.600,1.000,1.000,5.240,Run,NaN,NaN,1.598,1.000
101.563,0.010,0.600,-1.000,-1.000,5.230,Run,NaN,NaN,-0.398,1.000
101.573,0.010,0.600,1.000,1.000,5.240,Run,NaN,NaN,1.598,1.000
101.583,0.010,0.600,-1.000,-1.000,5.230,Run,NaN,NaN,-0.398,1.000
101.593,0.010,0.600,1.000,1.000,5.240,Run,NaN,NaN,1.598,1.000
101.603,0.010,0.600,-1.000,-1.000,5.230,Run,NaN,NaN,-0.398,1.000
101.613,0.010,0.600,1.000,1.000,5.240,Run,NaN,NaN,1.598,1.000
101.623,0.010,0.600,-1.000,-1.000,5.230,Run,NaN,NaN,-0.398,1.000
101.633,0.010,0.600,1.000,1.000,5.240,Run,NaN,NaN,1.598,1.000
101.643,0.010,0.600,-1.000,-1.000,5.230,Run,NaN,NaN,-0.398,1.000
101.653,0.010,0.600,1.000,1.000,5.240,Run,NaN,NaN,1.598,1.000
101.663,0.010,0.600,-1.000,-1.000,5.230,Run,NaN,NaN,-0.398,1.000
101.673,0.010,0.600,1.000,1.000,5.240,Run,NaN,NaN,1.598,1.000
101.683,0.010,0.600,-1.000,-1.000,5.230,Run,NaN,NaN,-0.398,1.000
101.693,0.010,0.600,1.000,1.000,5.240,Run,NaN,NaN,1.598,1.000
101.703,0.010,0.600,-1.000,-1.000,5.230,Run,NaN,NaN,-0.398,1.000
101.713,0.010,0.600,1.000,1.000,5.240,Run,NaN,NaN,1.598,1.000
101.723,0.010,0.600,-1.000,-1.000,5.230,Run,NaN,NaN,-0.398,1.000
101.733,0.010,0.600,1.000,1.000,5.240,Run,NaN,NaN,1.598,1.000
101.743,0.010,0.600,-1.000,-1.000,5.230,Run,NaN,NaN,-0.398,1.000
101.753,0.010,0.600,1.000,1.000,5.240,Run,NaN,NaN,1.598,1.000
101.763,0.010,0.600,-1.000,-1.000,5.230,Run,NaN,NaN,-0.398,1.000
101.773,0.010,0.600,1.000,1.000,5.240,Run,NaN,NaN,1.598,1.000
101.783,0.010,0.600,-1.000,-1.000,5.230,Run,NaN,NaN,-0.398,1.000
101.793,0.010,0.600,1.000,1.000,5.240,Run,NaN,NaN,1.598,1.000
101.803,0.010,0.600,-1.000,-1.000,5.230,Run,NaN,NaN,-0.398,1.000
101.813,0.010,0.600,1.000,1.000,5.240,Run,NaN,NaN,1.598,1.000
101.823,0.010,0.600,-1.000,-1.000,5.230,Run,NaN,NaN,-0.398,1.000
101.833,0.010,0.600,1.000,1.000,5.240,Run,NaN,NaN,1.598,1.000
101.843,0.010,0.600,-1.000,-1.000,5.230,Run,NaN,NaN,-0.398,1.000
101.853,0.010,0.600,1.000,1.000,5.240,Run,NaN,NaN,1.598,1.000
101.863,0.010,0.600,-1.000,-1.000,5.230,Run,NaN,NaN,-0.398,1.000
101.873,0.010,0.600,1.000,1.000,5.240,Run,NaN,NaN,1.598,1.000
101.883,0.010,0.600,-1.000,-1.000,5.230,Run,NaN,NaN,-0.398,1.000
101.893,0.010,0.600,1.000,1.000,5.240,Run,NaN,NaN,1.598,1.000
101.903,0.010,0.600,-1.000,-1.000,5.230,Run,NaN,NaN,-0.398,1.000
101.913,0.010,0.600,1.000,1.000,5.240,Run,NaN,NaN,1.598,1.000
101.923,0.010,0.600,-1.000,-1.000,5.230,Run,NaN,NaN,-0.398,1.000
101.933,0.010,0.600,1.000,1.000,5.240,Run,NaN,NaN,1.598,1.000
101.943,0.010,0.600,-1.000,-1.000,5.230,Run,NaN,NaN,-0.398,1.000
101.953,0.010,0.600,1.000,1.000,5.240,Run,NaN,NaN,1.598,1.000
101.963,0.010,0.600,-1.000,-1.000,5.230,Run,NaN,NaN,-0.398,1.000
101.973,0.010,0.600,1.000,1.000,5.240,Run,NaN,NaN,1.598,1.000
101.983,0.010,0.600,-1.000,-1.000,5.230,Run,NaN,NaN,-0.398,1.000
101.993,0.010,0.600,1.000,1.000,5.240,Run,NaN,NaN,1.598,1.000
102.003,0.010,0.600,-1.000,-1.000,5.230,Run,NaN,NaN,-0.398,1.000
102.013,0.010,0.600,1.000,1.000,5.240,Run,NaN,NaN,1.598,1.000
102.023,0.010,0.600,-1.000,-1.000,5.230,Run,NaN,NaN,-0.398,1.000
102.033,0.010,0.600,1.000,1.000,5.240,Run,NaN,NaN,1.598,1.000
102.043,0.010,0.600,-1.000,-1.000,5.230,Run,NaN,NaN,-0.398,1.000
102.053,0.010,0.600,1.000,1.000,5.240,Run,NaN,NaN,1.598,1.000
102.063,0.010,0.600,-1.000,-1.000,5.230,Run,NaN,NaN,-0.398,1.000
102.073,0.010,0.600,1.000,1.000,5.240,Run,NaN,NaN,1.598,1.000
102.083,0.010,0.600,-1.000,-1.000,5.230,Run,NaN,NaN,-0.398,1.000
102.093,0.010,0.600,1.000,1.000,5.240,Run,NaN,NaN,1.598,1.000
102.103,0.010,0.600,-1.000,-1.000,5.230,Run,NaN,NaN,-0.398,1.000
102.113,0.010,0.600,1.000,1.000,5.240,Run,NaN,NaN,1.598,1.000
102.123,0.010,0.600,-1.000,-1.000,5.230,Run,NaN,NaN,-0.398,1.000
102.133,0.010,0.600,1.000,1.000,5.240,Run,NaN,NaN,1.598,1.000
102.143,0.010,0.600,-1.000,-1.000,5.230,Run,NaN,NaN,-0.398,1.000
102.153,0.010,0.600,1.000,1.000,5.240,Run,NaN,NaN,1.598,1.000
102.163,0.010,0.600,-1.000,-1.000,5.230,Run,NaN,NaN,-0.398,1.000
102.173,0.010,0.600,1.000,1.000,5.240,Run,NaN,NaN,1.598,1.000
102.183,0.010,0.600,-1.000,-1.000,5.230,Run,NaN,NaN,-0.398,1.000
102.193,0.010,0.600,1.000,1.000,5.240,Run,NaN,NaN,1.598,1.000
102.203,0.010,0.600,-1.000,-1.000,5.230,Run,NaN,NaN,-0.398,1.000
102.213,0.010,0.600,1.000,1.000,5.240,Run,NaN,NaN,1.598,1.000
102.223,0.010,0.600,-1.000,-1.000,5.230,Run,NaN,NaN,-0.398,1.000
102.233,0.010,0.600,1.000,1.000,5.240,Run,NaN,NaN,1.598,1.000
102.243,0.010,0.600,-1.000,-1.000,5.230,Run,NaN,NaN,-0.398,1.000
102.253,0.010,0.600,1.000,1.000,5.240,Run,NaN,NaN,1.598,1.000
102.263,0.010,0.600,-1.000,-1.000,5.230,Run,NaN,NaN,-0.398,1.000
102.273,0.010,0.600,1.000,1.000,5.240,Run,NaN,NaN,1.598,1.000
102.283,0.010,0.600,-1.000,-1.000,5.230,Run,NaN,NaN,-0.398,1.000
102.293,0.010,0.600,1.000,1.000,5.240,Run,NaN,NaN,1.598,1.000
102.303,0.010,0.600,-1.000,-1.000,5.230,Run,NaN,NaN,-0.398,1.000
102.313,0.010,0.600,1.000,1.000,5.240,Run,NaN,NaN,1.598,1.000
102.323,0.010,0.600,-1.000,-1.000,5.230,Run,NaN,NaN,-0.398,1.000
102.333,0.010,0.600,1.000,1.000,5.240,Run,NaN,NaN,1.598,1.000
102.343,0.010,0.600,-1.000,-1.000,5.230,Run,NaN,NaN,-0.398,1.000
102.353,0.010,0.600,1.000,1.000,5.240,Run,NaN,NaN,1.598,1.000
102.363,0.010,0.600,-1.000,-1.000,5.230,Run,NaN,NaN,-0.398,1.000
102.373,0.010,0.600,1.000,1.000,5.240,Run,NaN,NaN,1.598,1.000
102.383,0.010,0.600,-1.000,-1.000,5.230,Run,NaN,NaN,-0.398,1.000
102.393,0.010,0.600,1.000,1.000,5.240,Run,NaN,NaN,1.598,1.000
102.403,0.010,0.600,-1.000,-1.000,5.230,Run,NaN,NaN,-0.398,1.000
102.413,0.010,0.600,1.000,1.000,5.240,Run,NaN,NaN,1.598,1.000
102.423,0.010,0.600,-1.000,-1.000,5.230,Run,NaN,NaN,-0.398,1.000
102.433,0.010,0.600,1.000,1.000,5.240,Run,NaN,NaN,1.598,1.000
102.443,0.010,0.600,-1.000,-1.000,5.230,Run,NaN,NaN,-0.398,1.000
102.453,0.010,0.600,1.000,1.000,5.240,Run,NaN,NaN,1.598,1.000
102.463,0.010,0.600,-1.000,-1.000,5.230,Run,NaN,NaN,-0.398,1.000
102.473,0.010,0.600,1.000,1.000,5.240,Run,NaN,NaN,1.598,1.000
102.483,0.010,0.600,-1.000,-1.000,5.230,Run,NaN,NaN,-0.398,1.000
102.493,0.010,0.600,1.000,1.000,5.240,Run,NaN,NaN,1.598,1.000
102.503,0.010,0.600,-1.000,-1.000,5.230,Run,NaN,NaN,-0.398,1.000
102.513,0.010,0.600,1.000,1.000,5.240,Run,NaN,NaN,1.598,1.000
102.523,0.010,0.600,-1.000,-1.000,5.230,Run,NaN,NaN,-0.398,1.000
102.533,0.010,0.600,1.000,1.000,5.240,Run,NaN,NaN,1.598,1.000
102.543,0.010,0.600,-1.000,-1.000,5.230,Run,NaN,NaN,-0.398,1.000
102.553,0.010,0.600,1.000,1.000,5.240,Run,NaN,NaN,1.598,1.000
102.563,0.010,0.600,-1.000,-1.000,5.230,Run,NaN,NaN,-0.398,1.000
102.574,0.010,0.600,1.000,1.000,5.240,Run,NaN,NaN,1.598,1.000
102.584,0.010,0.600,-1.000,-1.000,5.230,Run,NaN,NaN,-0.398,1.000
102.594,0.010,0.600,1.000,1.000,5.240,Run,NaN,NaN,1.598,1.000
102.604,0.010,0.600,-1.000,-1.000,5.230,Run,NaN,NaN,-0.398,1.000
102.614,0.010,0.600,1.000,1.000,5.240,Run,NaN,NaN,1.598,1.000
102.624,0.010,0.600,-1.000,-1.000,5.230,Run,NaN,NaN,-0.398,1.000
102.634,0.010,0.600,1.000,1.000,5.240,Run,NaN,NaN,1.598,1.000
102.644,0.010,0.600,-1.000,-1.000,5.230,Run,NaN,NaN,-0.398,1.000
102.654,0.010,0.600,1.000,1.000,5.240,Run,NaN,NaN,1.598,1.000
102.664,0.010,0.600,-1.000,-1.000,5.230,Run,NaN,NaN,-0.398,1.000
102.674,0.010,0.600,1.000,1.000,5.240,Run,NaN,NaN,1.598,1.000
102.684,0.010,0.600,-1.000,-1.000,5.230,Run,NaN,NaN,-0.398,1.000
102.694,0.010,0.600,1.000,1.000,5.240,Run,NaN,NaN,1.598,1.000
102.704,0.010,0.600,-1.000,-1.000,5.230,Run,NaN,NaN,-0.398,1.000
102.714,0.010,0.600,1.000,1.000,5.240,Run,NaN,NaN,1.598,1.000
102.724,0.010,0.600,-1.000,-1.000,5.230,Run,NaN,NaN,-0.398,1.000
102.734,0.010,0.600,1.000,1.000,5.240,Run,NaN,NaN,1.598,1.000
102.744,0.010,0.600,-1.000,-1.000,5.230,Run,NaN,NaN,-0.398,1.000
102.754,0.010,0.600,1.000,1.000,5.240,Run,NaN,NaN,1.598,1.000
102.764,0.010,0.600,-1.000,-1.000,5.230,Run,NaN,NaN,-0.398,1.000
102.774,0.010,0.600,1.000,1.000,5.240,Run,NaN,NaN,1.598,1.000
102.784,0.010,0.600,-1.000,-1.000,5.230,Run,NaN,NaN,-0.398,1.000
102.794,0.010,0.600,1.000,1.000,5.240,Run,NaN,NaN,1.598,1.000
102.804,0.010,0.600,-1.000,-1.000,5.230,Run,NaN,NaN,-0.398,1.000
102.814,0.010,0.600,1.000,1.000,5.240,Run,NaN,NaN,1.598,1.000
102.824,0.010,0.600,-1.000,-1.000,5.230,Run,NaN,NaN,-0.398,1.000
102.834,0.010,0.600,1.000,1.000,5.240,Run,NaN,NaN,1.598,1.000
102.844,0.010,0.600,-1.000,-1.000,5.230,Run,NaN,NaN,-0.398,1.000
102.854,0.010,0.600,1.000,1.000,5.240,Run,NaN,NaN,1.598,1.000
102.864,0.010,0.600,-1.000,-1.000,5.230,Run,NaN,NaN,-0.398,1.000
102.874,0.010,0.600,1.000,1.000,5.240,Run,NaN,NaN,1.598,1.000
102.884,0.010,0.600,-1.000,-1.000,5.230,Run,NaN,NaN,-0.398,1.000
102.894,0.010,0.600,1.000,1.000,5.240,Run,NaN,NaN,1.598,1.000
102.904,0.010,0.600,-1.000,-1.000,5.230,Run,NaN,NaN,-0.398,1.000
102.914,0.010,0.600,1.000,1.000,5.240,Run,NaN,NaN,1.598,1.000
102.924,0.010,0.600,-1.000,-1.000,5.230,Run,NaN,NaN,-0.398,1.000
102.934,0.010,0.600,1.000,1.000,5.240,Run,NaN,NaN,1.598,1.000
102.944,0.010,0.600,-1.000,-1.000,5.230,Run,NaN,NaN,-0.398,1.000
102.954,0.010,0.600,1.000,1.000,5.240,Run,NaN,NaN,1.598,1.000
102.964,0.010,0.600,-1.000,-1.000,5.230,Run,NaN,NaN,-0.398,1.000
102.974,0.010,0.600,1.000,1.000,5.240,Run,NaN,NaN,1.598,1.000
102.984,0.010,0.600,-1.000,-1.000,5.230,Run,NaN,NaN,-0.398,1.000
102.994,0.010,0.600,1.000,1.000,5.240,Run,NaN,NaN,1.598,1.000
103.004,0.010,0.600,-1.000,-1.000,5.230,Run,NaN,NaN,-0.398,1.000
103.014,0.010,0.600,1.000,1.000,5.240,Run,NaN,NaN,1.598,1.000
103.024,0.010,0.600,-1.000,-1.000,5.230,Run,NaN,NaN,-0.398,1.000
103.034,0.010,0.600,1.000,1.000,5.240,Run,NaN,NaN,1.598,1.000
103.044,0.010,0.600,-1.000,-1.000,5.230,Run,NaN,NaN,-0.398,1.000
103.054,0.010,0.600,1.000,1.000,5.240,Run,NaN,NaN,1.598,1.000
103.064,0.010,0.600,-1.000,-1.000,5.230,Run,NaN,NaN,-0.398,1.000
103.074,0.010,0.600,1.000,1.000,5.240,Run,NaN,NaN,1.598,1.000
103.084,0.010,0.600,-1.000,-1.000,5.230,Run,NaN,NaN,-0.398,1.000
103.094,0.010,0.600,1.000,1.000,5.240,Run,NaN,NaN,1.598,1.000
103.104,0.010,0.600,-1.000,-1.000,5.230,Run,NaN,NaN,-0.398,1.000
103.114,0.010,0.600,1.000,1.000,5.240,Run,NaN,NaN,1.598,1.000
103.124,0.010,0.600,-1.000,-1.000,5.230,Run,NaN,NaN,-0.398,1.000
103.134,0.010,0.600,1.000,1.000,5.240,Run,NaN,NaN,1.598,1.000
103.144,0.010,0.600,-1.000,-1.000,5.230,Run,NaN,NaN,-0.398,1.000
103.154,0.010,0.600,1.000,1.000,5.240,Run,NaN,NaN,1.598,1.000
103.164,0.010,0.600,-1.000,-1.000,5.230,Run,NaN,NaN,-0.398,1.000
103.174,0.010,0.600,1.000,1.000,5.240,Run,NaN,NaN,1.598,1.000
103.184,0.010,0.600,-1.000,-1.000,5.230,Run,NaN,NaN,-0.398,1.000
103.194,0.010,0.600,1.000,1.000,5.240,Run,NaN,NaN,1.598,1.000
103.204,0.010,0.600,-1.000,-1.000,5.230,Run,NaN,NaN,-0.398,1.000
103.214,0.010,0.600,1.000,1.000,5.240,Run,NaN,NaN,1.598,1.000
103.224,0.010,0.600,-1.000,-1.000,5.230,Run,NaN,NaN,-0.398,1.000
103.234,0.010,0.600,1.000,1.000,5.240,Run,NaN,NaN,1.598,1.000
103.244,0.010,0.600,-1.000,-1.000,5.230,Run,NaN,NaN,-0.398,1.000
103.254,0.010,0.600,1.000,1.000,5.240,Run,NaN,NaN,1.598,1.000
103.264,0.010,0.600,-1.000,-1.000,5.230,Run,NaN,NaN,-0.398,1.000
103.274,0.010,0.600,1.000,1.000,5.240,Run,NaN,NaN,1.598,1.000
103.284,0.010,0.600,-1.000,-1.000,5.230,Run,NaN,NaN,-0.398,1.000
103.294,0.010,0.600,1.000,1.000,5.240,Run,NaN,NaN,1.598,1.000
103.304,0.010,0.600,-1.000,-1.000,5.230,Run,NaN,NaN,-0.398,1.000
103.314,0.010,0.600,1.000,1.000,5.240,Run,NaN,NaN,1.598,1.000
103.324,0.010,0.600,-1.000,-1.000,5.230,Run,NaN,NaN,-0.398,1.000
103.334,0.010,0.600,1.000,1.000,5.240,Run,NaN,NaN,1.598,1.000
103.344,0.010,0.600,-1.000,-1.000,5.230,Run,NaN,NaN,-0.398,1.000
103.354,0.010,0.600,1.000,1.000,5.240,Run,NaN,NaN,1.598,1.000
103.364,0.010,0.600,-1.000,-1.000,5.230,Run,NaN,NaN,-0.398,1.000
103.374,0.010,0.600,1.000,1.000,5.240,Run,NaN,NaN,1.598,1.000
103.384,0.010,0.600,-1.000,-1.000,5.230,Run,NaN,NaN,-0.398,1.000
103.394,0.010,0.600,1.000,1.000,5.240,Run,NaN,NaN,1.598,1.000
103.404,0.010,0.600,-1.000,-1.000,5.230,Run,NaN,NaN,-0.398,1.000
103.414,0.010,0.600,1.000,1.000,5.240,Run,NaN,NaN,1.598,1.000
103.424,0.010,0.600,-1.000,-1.000,5.230,Run,NaN,NaN,-0.398,1.000
103.434,0.010,0.600,1.000,1.000,5.240,Run,NaN,NaN,1.598,1.000
103.444,0.010,0.600,-1.000,-1.000,5.230,Run,NaN,NaN,-0.398,1.000
103.454,0.010,0.600,1.000,1.000,5.240,Run,NaN,NaN,1.598,1.000
103.464,0.010,0.600,-1.000,-1.000,5.230,Run,NaN,NaN,-0.398,1.000
103.474,0.010,0.600,1.000,1.000,5.240,Run,NaN,NaN,1.598,1.000
103.484,0.010,0.600,-1.000,-1.000,5.230,Run,NaN,NaN,-0.398,1.000
103.494,0.010,0.600,1.000,1.000,5.240,Run,NaN,NaN,1.598,1.000
103.504,0.010,0.600,-1.000,-1.000,5.230,Run,NaN,NaN,-0.398,1.000
103.514,0.010,0.600,1.000,1.000,5.240,Run,NaN,NaN,1.598,1.000
103.524,0.010,0.600,-1.000,-1.000,5.230,Run,NaN,NaN,-0.398,1.000
103.534,0.010,0.600,1.000,1.000,5.240,Run,NaN,NaN,1.598,1.000
103.544,0.010,0.600,-1.000,-1.000,5.230,Run,NaN,NaN,-0.398,1.000
103.554,0.010,0.600,1.000,1.000,5.240,Run,NaN,NaN,1.598,1.000
103.564,0.010,0.600,-1.000,-1.000,5.230,Run,NaN,NaN,-0.398,1.000
103.574,0.010,0.600,1.000,1.000,5.240,Run,NaN,NaN,1.598,1.000
103.584,0.010,0.600,-1.000,-1.000,5.230,Run,NaN,NaN,-0.398,1.000
103.594,0.010,0.600,1.000,1.000,5.240,Run,NaN,NaN,1.598,1.000
103.604,0.010,0.600,-1.000,-1.000,5.230,Run,NaN,NaN,-0.398,1.000
103.614,0.010,0.600,1.000,1.000,5.240,Run,NaN,NaN,1.598,1.000
103.624,0.010,0.600,-1.000,-1.000,5.230,Run,NaN,NaN,-0.398,1.000
103.634,0.010,0.600,1.000,1.000,5.240,Run,NaN,NaN,1.598,1.000
103.644,0.010,0.600,-1.000,-1.000,5.230,Run,NaN,NaN,-0.398,1.000
103.654,0.010,0.600,1.000,1.000,5.240,Run,NaN,NaN,1.598,1.000
103.664,0.010,0.600,-1.000,-1.000,5.230,Run,NaN,NaN,-0.398,1.000
103.674,0.010,0.600,1.000,1.000,5.240,Run,NaN,NaN,1.598,1.000
103.684,0.010,0.600,-1.000,-1.000,5.230,Run,NaN,NaN,-0.398,1.000
103.694,0.010,0.600,1.000,1.000,5.240,Run,NaN,NaN,1.598,1.000
103.704,0.010,0.600,-1.000,-1.000,5.230,Run,NaN,NaN,-0.398,1.000
103.714,0.010,0.600,1.000,1.000,5.240,Run,NaN,NaN,1.598,1.000
103.724,0.010,0.600,-1.000,-1.000,5.230,Run,NaN,NaN,-0.398,1.000
103.734,0.010,0.600,1.000,1.000,5.240,Run,NaN,NaN,1.598,1.000
103.744,0.010,0.600,-1.000,-1.000,5.230,Run,NaN,NaN,-0.398,1.000
103.754,0.010,0.600,1.000,1.000,5.240,Run,NaN,NaN,1.598,1.000
103.764,0.010,0.600,-1.000,-1.000,5.230,Run,NaN,NaN,-0.398,1.000
103.774,0.010,0.600,1.000,1.000,5.240,Run,NaN,NaN,1.598,1.000
103.784,0.010,0.600,-1.000,-1.000,5.230,Run,NaN,NaN,-0.398,1.000
103.794,0.010,0.600,1.000,1.000,5.240,Run,NaN,NaN,1.598,1.000
103.804,0.010,0.600,-1.000,-1.000,5.230,Run,NaN,NaN,-0.398,1.000
103.814,0.010,0.600,1.000,1.000,5.240,Run,NaN,NaN,1.598,1.000
103.824,0.010,0.600,-1.000,-1.000,5.230,Run,NaN,NaN,-0.398,1.000
103.834,0.010,0.600,1.000,1.000,5.240,Run,NaN,NaN,1.598,1.000
103.844,0.010,0.600,-1.000,-1.000,5.230,Run,NaN,NaN,-0.398,1.000
103.854,0.010,0.600,1.000,1.000,5.240,Run,NaN,NaN,1.598,1.000
103.864,0.010,0.600,-1.000,-1.000,5.230,Run,NaN,NaN,-0.398,1.000
103.874,0.010,0.600,1.000,1.000,5.240,Run,NaN,NaN,1.598,1.000
103.884,0.010,0.600,-1.000,-1.000,5.230,Run,NaN,NaN,-0.398,1.000
103.894,0.010,0.600,1.000,1.000,5.240,Run,NaN,NaN,1.598,1.000
103.904,0.010,0.600,-1.000,-1.000,5.230,Run,NaN,NaN,-0.398,1.000
103.914,0.010,0.600,1.000,1.000,5.240,Run,NaN,NaN,1.598,1.000
103.924,0.010,0.600,-1.000,-1.000,5.230,Run,NaN,NaN,-0.398,1.000
103.934,0.010,0.600,1.000,1.000,5.240,Run,NaN,NaN,1.598,1.000
103.944,0.010,0.600,-1.000,-1.000,5.230,Run,NaN,NaN,-0.398,1.000
103.954,0.010,0.600,1.000,1.000,5.240,Run,NaN,NaN,1.598,1.000
103.964,0.010,0.600,-1.000,-1.000,5.230,Run,NaN,NaN,-0.398,1.000
103.974,0.010,0.600,1.000,1.000,5.240,Run,NaN,NaN,1.598,1.000
103.984,0.010,0.600,-1.000,-1.000,5.230,Run,NaN,NaN,-0.398,1.000
103.994,0.010,0.600,1.000,1.000,5.240,Run,NaN,NaN,1.598,1.000
104.004,0.010,0.600,-1.000,-1.000,5.230,Run,NaN,NaN,-0.398,1.000
104.014,0.010,0.600,1.000,1.000,5.240,Run,NaN,NaN,1.598,1.000
104.024,0.010,0.600,-1.000,-1.000,5.230,Run,NaN,NaN,-0.398,1.000
104.034,0.010,0.600,1.000,1.000,5.240,Run,NaN,NaN,1.598,1.000
104.044,0.010,0.600,-1.000,-1.000,5.230,Run,NaN,NaN,-0.398,1.000
104.054,0.010,0.600,1.000,1.000,5.240,Run,NaN,NaN,1.598,1.000
104.064,0.010,0.600,-1.000,-1.000,5.230,Run,NaN,NaN,-0.398,1.000
104.074,0.010,0.600,1.000,1.000,5.240,Run,NaN,NaN,1.598,1.000
104.084,0.010,0.600,-1.000,-1.000,5.230,Run,NaN,NaN,-0.398,1.000
104.094,0.010,0.600,1.000,1.000,5.240,Run,NaN,NaN,1.598,1.000
104.104,0.010,0.600,-1.000,-1.000,5.230,Run,NaN,NaN,-0.398,1.000
104.114,0.010,0.600,1.000,1.000,5.240,Run,NaN,NaN,1.598,1.000
104.124,0.010,0.600,-1.000,-1.000,5.230,Run,NaN,NaN,-0.398,1.000
104.134,0.010,0.600,1.000,1.000,5.240,Run,NaN,NaN,1.598,1.000
104.144,0.010,0.600,-1.000,-1.000,5.230,Run,NaN,NaN,-0.398,1.000
104.154,0.010,0.600,1.000,1.000,5.240,Run,NaN,NaN,1.598,1.000
104.164,0.010,0.600,-1.000,-1.000,5.230,Run,NaN,NaN,-0.398,1.000
104.174,0.010,0.600,1.000,1.000,5.240,Run,NaN,NaN,1.598,1.000
104.184,0.010,0.600,-1.000,-1.000,5.230,Run,NaN,NaN,-0.398,1.000
104.194,0.010,0.600,1.000,1.000,5.240,Run,NaN,NaN,1.598,1.000
104.204,0.010,0.600,-1.000,-1.000,5.230,Run,NaN,NaN,-0.398,1.000
104.214,0.010,0.600,1.000,1.000,5.240,Run,NaN,NaN,1.598,1.000
104.224,0.010,0.600,-1.000,-1.000,5.230,Run,NaN,NaN,-0.398,1.000
104.234,0.010,0.600,1.000,1.000,5.240,Run,NaN,NaN,1.598,1.000
104.244,0.010,0.600,-1.000,-1.000,5.230,Run,NaN,NaN,-0.398,1.000
104.254,0.010,0.600,1.000,1.000,5.240,Run,NaN,NaN,1.598,1.000
104.264,0.010,0.600,-1.000,-1.000,5.230,Run,NaN,NaN,-0.398,1.000
104.274,0.010,0.600,1.000,1.000,5.240,Run,NaN,NaN,1.598,1.000
104.284,0.010,0.600,-1.000,-1.000,5.230,Run,NaN,NaN,-0.398,1.000
104.294,0.010,0.600,1.000,1.000,5.240,Run,NaN,NaN,1.598,1.000
104.304,0.010,0.600,-1.000,-1.000,5.230,Run,NaN,NaN,-0.398,1.000
104.314,0.010,0.600,1.000,1.000,5.240,Run,NaN,NaN,1.598,1.000
104.324,0.010,0.600,-1.000,-1.000,5.230,Run,NaN,NaN,-0.398,1.000
104.334,0.010,0.600,1.000,1.000,5.240,Run,NaN,NaN,1.598,1.000
104.344,0.010,0.600,-1.000,-1.000,5.230,Run,NaN,NaN,-0.398,1.000
104.354,0.010,0.600,1.000,1.000,5.240,Run,NaN,NaN,1.598,1.000
104.364,0.010,0.600,-1.000,-1.000,5.230,Run,NaN,NaN,-0.398,1.000
104.374,0.010,0.600,1.000,1.000,5.240,Run,NaN,NaN,1.598,1.000
104.384,0.010,0.600,-1.000,-1.000,5.230,Run,NaN,NaN,-0.398,1.000
104.394,0.010,0.600,1.000,1.000,5.240,Run,NaN,NaN,1.598,1.000
104.404,0.010,0.600,-1.000,-1.000,5.230,Run,NaN,NaN,-0.398,1.000
104.414,0.010,0.600,1.000,1.000,5.240,Run,NaN,NaN,1.598,1.000
104.424,0.010,0.600,-1.000,-1.000,5.230,Run,NaN,NaN,-0.398,1.000
104.434,0.010,0.600,1.000,1.000,5.240,Run,NaN,NaN,1.598,1.000
104.444,0.010,0.600,-1.000,-1.000,5.230,Run,NaN,NaN,-0.398,1.000
104.454,0.010,0.600,1.000,1.000,5.240,Run,NaN,NaN,1.598,1.000
104.464,0.010,0.600,-1.000,-1.000,5.230,Run,NaN,NaN,-0.398,1.000
104.474,0.010,0.600,1.000,1.000,5.240,Run,NaN,NaN,1.598,1.000
104.484,0.010,0.600,-1.000,-1.000,5.230,Run,NaN,NaN,-0.398,1.000
104.494,0.010,0.600,1.000,1.000,5.240,Run,NaN,NaN,1.598,1.000
104.504,0.010,0.600,-1.000,-1.000,5.230,Run,NaN,NaN,-0.398,1.000
104.514,0.010,0.600,1.000,1.000,5.240,Run,NaN,NaN,1.598,1.000
104.524,0.010,0.600,-1.000,-1.000,5.230,Run,NaN,NaN,-0.398,1.000
104.534,0.010,0.600,1.000,1.000,5.240,Run,NaN,NaN,1.598,1.000
104.544,0.010,0.600,-1.000,-1.000,5.230,Run,NaN,NaN,-0.398,1.000
104.554,0.010,0.600,1.000,1.000,5.240,Run,NaN,NaN,1.598,1.000
104.564,0.010,0.600,-1.000,-1.000,5.230,Run,NaN,NaN,-0.398,1.000
104.574,0.010,0.600,1.000,1.000,5.240,Run,NaN,NaN,1.598,1.000
104.584,0.010,0.600,-1.000,-1.000,5.230,Run,NaN,NaN,-0.398,1.000
104.594,0.010,0.600,1.000,1.000,5.240,Run,NaN,NaN,1.598,1.000
104.604,0.010,0.600,-1.000,-1.000,5.230,Run,NaN,NaN,-0.398,1.000
104.614,0.010,0.600,1.000,1.000,5.240,Run,NaN,NaN,1.598,1.000
104.624,0.010,0.600,-1.000,-1.000,5.230,Run,NaN,NaN,-0.398,1.000
104.634,0.010,0.600,1.000,1.000,5.240,Run,NaN,NaN,1.598,1.000
104.644,0.010,0.600,-1.000,-1.000,5.230,Run,NaN,NaN,-0.398,1.000
104.654,0.010,0.600,1.000,1.000,5.240,Run,NaN,NaN,1.598,1.000
104.664,0.010,0.600,-1.000,-1.000,5.230,Run,NaN,NaN,-0.398,1.000
104.674,0.010,0.600,1.000,1.000,5.240,Run,NaN,NaN,1.598,1.000
104.684,0.010,0.600,-1.000,-1.000,5.230,Run,NaN,NaN,-0.398,1.000
104.694,0.010,0.600,1.000,1.000,5.240,Run,NaN,NaN,1.598,1.000
104.704,0.010,0.600,-1.000,-1.000,5.230,Run,NaN,NaN,-0.398,1.000
104.714,0.010,0.600,1.000,1.000,5.240,Run,NaN,NaN,1.598,1.000
104.724,0.010,0.600,-1.000,-1.000,5.230,Run,NaN,NaN,-0.398,1.000
104.734,0.010,0.600,1.000,1.000,5.240,Run,NaN,NaN,1.598,1.000
104.744,0.010,0.600,-1.000,-1.000,5.230,Run,NaN,NaN,-0.398,1.000
104.754,0.010,0.600,1.000,1.000,5.240,Run,NaN,NaN,1.598,1.000
104.764,0.010,0.600,-1.000,-1.000,5.230,Run,NaN,NaN,-0.398,1.000
104.774,0.010,0.600,1.000,1.000,5.240,Run,NaN,NaN,1.598,1.000
104.784,0.010,0.600,-1.000,-1.000,5.230,Run,NaN,NaN,-0.398,1.000
104.794,0.010,0.600,1.000,1.000,5.240,Run,NaN,NaN,1.598,1.000
104.804,0.010,0.600,-1.000,-1.000,5.230,Run,NaN,NaN,-0.398,1.000
104.814,0.010,0.600,1.000,1.000,5.240,Run,NaN,NaN,1.598,1.000
104.824,0.010,0.600,-1.000,-1.000,5.230,Run,NaN,NaN,-0.398,1.000
104.834,0.010,0.600,1.000,1.000,5.240,Run,NaN,NaN,1.598,1.000
104.844,0.010,0.600,-1.000,-1.000,5.230,Run,NaN,NaN,-0.398,1.000
104.854,0.010,0.600,1.000,1.000,5.240,Run,NaN,NaN,1.598,1.000
104.864,0.010,0.600,-1.000,-1.000,5.230,Run,NaN,NaN,-0.398,1.000
104.874,0.010,0.600,1.000,1.000,5.240,Run,NaN,NaN,1.598,1.000
104.884,0.010,0.600,-1.000,-1.000,5.230,Run,NaN,NaN,-0.398,1.000
104.894,0.010,0.600,1.000,1.000,5.240,Run,NaN,NaN,1.598,1.000
104.904,0.010,0.600,-1.000,-1.000,5.230,Run,NaN,NaN,-0.398,1.000
104.914,0.010,0.600,1.000,1.000,5.240,Run,NaN,NaN,1.598,1.000
104.924,0.010,0.600,-1.000,-1.000,5.230,Run,NaN,NaN,-0.398,1.000
104.934,0.010,0.600,1.000,1.000,5.240,Run,NaN,NaN,1.598,1.000
104.944,0.010,0.600,-1.000,-1.000,5.230,Run,NaN,NaN,-0.398,1.000
104.954,0.010,0.600,1.000,1.000,5.240,Run,NaN,NaN,1.598,1.000
104.964,0.010,0.600,-1.000,-1.000,5.230,Run,NaN,NaN,-0.398,1.000
104.974,0.010,0.600,1.000,1.000,5.240,Run,NaN,NaN,1.598,1.000
104.984,0.010,0.600,-1.000,-1.000,5.230,Run,NaN,NaN,-0.398,1.000
104.994,0.010,0.600,1.000,1.000,5.240,Run,NaN,NaN,1.598,1.000
105.004,0.010,0.600,-1.000,-1.000,5.230,Run,NaN,NaN,-0.398,1.000
105.014,0.010,0.600,1.000,1.000,5.240,Run,NaN,NaN,1.598,1.000
105.024,0.010,0.600,-1.000,-1.000,5.230,Run,NaN,NaN,-0.398,1.000
105.034,0.010,0.600,1.000,1.000,5.240,Run,NaN,NaN,1.598,1.000
105.044,0.010,0.600,-1.000,-1.000,5.230,Run,NaN,NaN,-0.398,1.000
105.054,0.010,0.600,1.000,1.000,5.240,Run,NaN,NaN,1.598,1.000
105.064,0.010,0.600,-1.000,-1.000,5.230,Run,NaN,NaN,-0.398,1.000
105.074,0.010,0.600,1.000,1.000,5.240,Run,NaN,NaN,1.598,1.000
105.084,0.010,0.600,-1.000,-1.000,5.230,Run,NaN,NaN,-0.398,1.000
105.094,0.010,0.600,1.000,1.000,5.240,Run,NaN,NaN,1.598,1.000
105.104,0.010,0.600,-1.000,-1.000,5.230,Run,NaN,NaN,-0.398,1.000
105.114,0.010,0.600,1.000,1.000,5.240,Run,NaN,NaN,1.598,1.000
105.124,0.010,0.600,-1.000,-1.000,5.230,Run,NaN,NaN,-0.398,1.000
105.134,0.010,0.600,1.000,1.000,5.240,Run,NaN,NaN,1.598,1.000
105.144,0.010,0.600,-1.000,-1.000,5.230,Run,NaN,NaN,-0.398,1.000
105.154,0.010,0.600,1.000,1.000,5.240,Run,NaN,NaN,1.598,1.000
105.164,0.010,0.600,-1.000,-1.000,5.230,Run,NaN,NaN,-0.398,1.000
105.174,0.010,0.600,1.000,1.000,5.240,Run,NaN,NaN,1.598,1.000
105.184,0.010,0.600,-1.000,-1.000,5.230,Run,NaN,NaN,-0.398,1.000
105.194,0.010,0.600,1.000,1.000,5.240,Run,NaN,NaN,1.598,1.000
105.204,0.010,0.600,-1.000,-1.000,5.230,Run,NaN,NaN,-0.398,1.000
105.214,0.010,0.600,1.000,1.000,5.240,Run,NaN,NaN,1.598,1.000
105.224,0.010,0.600,-1.000,-1.000,5.230,Run,NaN,NaN,-0.398,1.000
105.234,0.010,0.600,1.000,1.000,5.240,Run,NaN,NaN,1.598,1.000
105.244,0.010,0.600,-1.000,-1.000,5.230,Run,NaN,NaN,-0.398,1.000
105.254,0.010,0.600,1.000,1.000,5.240,Run,NaN,NaN,1.598,1.000
105.264,0.010,0.600,-1.000,-1.000,5.230,Run,NaN,NaN,-0.398,1.000
105.274,0.010,0.600,1.000,1.000,5.240,Run,NaN,NaN,1.598,1.000
105.284,0.010,0.600,-1.000,-1.000,5.230,Run,NaN,NaN,-0.398,1.000
105.294,0.010,0.600,1.000,1.000,5.240,Run,NaN,NaN,1.598,1.000
105.304,0.010,0.600,-1.000,-1.000,5.230,Run,NaN,NaN,-0.398,1.000
105.314,0.010,0.600,1.000,1.000,5.240,Run,NaN,NaN,1.598,1.000
105.324,0.010,0.600,-1.000,-1.000,5.230,Run,NaN,NaN,-0.398,1.000
105.334,0.010,0.600,1.000,1.000,5.240,Run,NaN,NaN,1.598,1.000
105.344,0.010,0.600,-1.000,-1.000,5.230,Run,NaN,NaN,-0.398,1.000
105.354,0.010,0.600,1.000,1.000,5.240,Run,NaN,NaN,1.598,1.000
105.364,0.010,0.600,-1.000,-1.000,5.230,Run,NaN,NaN,-0.398,1.000
105.374,0.010,0.600,1.000,1.000,5.240,Run,NaN,NaN,1.598,1.000
105.384,0.010,0.600,-1.000,-1.000,5.230,Run,NaN,NaN,-0.398,1.000
105.394,0.010,0.600,1.000,1.000,5.240,Run,NaN,NaN,1.598,1.000
105.404,0.010,0.600,-1.000,-1.000,5.230,Run,NaN,NaN,-0.398,1.000
105.414,0.010,0.600,1.000,1.000,5.240,Run,NaN,NaN,1.598,1.000
105.424,0.010,0.600,-1.000,-1.000,5.230,Run,NaN,NaN,-0.398,1.000
105.434,0.010,0.600,1.000,1.000,5.240,Run,NaN,NaN,1.598,1.000
105.444,0.010,0.600,-1.000,-1.000,5.230,Run,NaN,NaN,-0.398,1.000
105.454,0.010,0.600,1.000,1.000,5.240,Run,NaN,NaN,1.598,1.000
105.464,0.010,0.600,-1.000,-1.000,5.230,Run,NaN,NaN,-0.398,1.000
105.474,0.010,0.600,1.000,1.000,5.240,Run,NaN,NaN,1.598,1.000
105.484,0.010,0.600,-1.000,-1.000,5.230,Run,NaN,NaN,-0.398,1.000
105.494,0.010,0.600,1.000,1.000,5.240,Run,NaN,NaN,1.598,1.000
105.504,0.010,0.600,-1.000,-1.000,5.230,Run,NaN,NaN,-0.398,1.000
105.514,0.010,0.600,1.000,1.000,5.240,Run,NaN,NaN,1.598,1.000
105.524,0.010,0.600,-1.000,-1.000,5.230,Run,NaN,NaN,-0.398,1.000
105.534,0.010,0.600,1.000,1.000,5.240,Run,NaN,NaN,1.598,1.000
105.544,0.010,0.600,-1.000,-1.000,5.230,Run,NaN,NaN,-0.398,1.000
105.554,0.010,0.600,1.000,1.000,5.240,Run,NaN,NaN,1.598,1.000
105.564,0.010,0.600,-1.000,-1.000,5.230,Run,NaN,NaN,-0.398,1.000
105.574,0.010,0.600,1.000,1.000,5.240,Run,NaN,NaN,1.598,1.000
105.584,0.010,0.600,-1.000,-1.000,5.230,Run,NaN,NaN,-0.398,1.000
105.594,0.010,0.600,1.000,1.000,5.240,Run,NaN,NaN,1.598,1.000
105.604,0.010,0.600,-1.000,-1.000,5.230,Run,NaN,NaN,-0.398,1.000
105.614,0.010,0.600,1.000,1.000,5.240,Run,NaN,NaN,1.598,1.000
105.624,0.010,0.600,-1.000,-1.000,5.230,Run,NaN,NaN,-0.398,1.000
105.634,0.010,0.600,1.000,1.000,5.240,Run,NaN,NaN,1.598,1.000
105.644,0.010,0.600,-1.000,-1.000,5.230,Run,NaN,NaN,-0.398,1.000
105.654,0.010,0.600,1.000,1.000,5.240,Run,NaN,NaN,1.598,1.000
105.664,0.010,0.600,-1.000,-1.000,5.230,Run,NaN,NaN,-0.398,1.000
105.674,0.010,0.600,1.000,1.000,5.240,Run,NaN,NaN,1.598,1.000
105.684,0.010,0.600,-1.000,-1.000,5.230,Run,NaN,NaN,-0.398,1.000
105.694,0.010,0.600,1.000,1.000,5.240,Run,NaN,NaN,1.598,1.000
105.704,0.010,0.600,-1.000,-1.000,5.230,Run,NaN,NaN,-0.398,1.000
105.714,0.010,0.600,1.000,1.000,5.240,Run,NaN,NaN,1.598,1.000
105.724,0.010,0.600,-1.000,-1.000,5.230,Run,NaN,NaN,-0.398,1.000
105.734,0.010,0.600,1.000,1.000,5.240,Run,NaN,NaN,1.598,1.000
105.744,0.010,0.600,-1.000,-1.000,5.230,Run,NaN,NaN,-0.398,1.000
105.754,0.010,0.600,1.000,1.000,5.240,Run,NaN,NaN,1.598,1.000
105.764,0.010,0.600,-1.000,-1.000,5.230,Run,NaN,NaN,-0.398,1.000
105.774,0.010,0.600,1.000,1.000,5.240,Run,NaN,NaN,1.598,1.000
105.784,0.010,0.600,-1.000,-1.000,5.230,Run,NaN,NaN,-0.398,1.000
105.794,0.010,0.600,1.000,1.000,5.240,Run,NaN,NaN,1.598,1.000
105.804,0.010,0.600,-1.000,-1.000,5.230,Run,NaN,NaN,-0.398,1.000
105.814,0.010,0.600,1.000,1.000,5.240,Run,NaN,NaN,1.598,1.000
105.824,0.010,0.600,-1.000,-1.000,5.230,Run,NaN,NaN,-0.398,1.000
105.834,0.010,0.600,1.000,1.000,5.240,Run,NaN,NaN,1.598,1.000
105.844,0.010,0.600,-1.000,-1.000,5.230,Run,NaN,NaN,-0.398,1.000
105.854,0.010,0.600,1.000,1.000,5.240,Run,NaN,NaN,1.598,1.000
105.864,0.010,0.600,-1.000,-1.000,5.230,Run,NaN,NaN,-0.398,1.000
105.874,0.010,0.600,1.000,1.000,5.240,Run,NaN,NaN,1.598,1.000
105.884,0.010,0.600,-1.000,-1.000,5.230,Run,NaN,NaN,-0.398,1.000
105.894,0.010,0.600,1.000,1.000,5.240,Run,NaN,NaN,1.598,1.000
105.904,0.010,0.600,-1.000,-1.000,5.230,Run,NaN,NaN,-0.398,1.000
105.914,0.010,0.600,1.000,1.000,5.240,Run,NaN,NaN,1.598,1.000
105.924,0.010,0.600,-1.000,-1.000,5.230,Run,NaN,NaN,-0.398,1.000
105.934,0.010,0.600,1.000,1.000,5.240,Run,NaN,NaN,1.598,1.000
105.944,0.010,0.600,-1.000,-1.000,5.230,Run,NaN,NaN,-0.398,1.000
105.954,0.010,0.600,1.000,1.000,5.240,Run,NaN,NaN,1.598,1.000
105.964,0.010,0.600,-1.000,-1.000,5.230,Run,NaN,NaN,-0.398,1.000
105.974,0.010,0.600,1.000,1.000,5.240,Run,NaN,NaN,1.598,1.000
105.984,0.010,0.600,-1.000,-1.000,5.230,Run,NaN,NaN,-0.398,1.000
105.994,0.010,0.600,1.000,1.000,5.240,Run,NaN,NaN,1.598,1.000
106.004,0.010,0.600,-1.000,-1.000,5.230,Run,NaN,NaN,-0.398,1.000
106.014,0.010,0.600,1.000,1.000,5.240,Run,NaN,NaN,1.598,1.000
106.024,0.010,0.600,-1.000,-1.000,5.230,Run,NaN,NaN,-0.398,1.000
106.034,0.010,0.600,1.000,1.000,5.240,Run,NaN,NaN,1.598,1.000
106.044,0.010,0.600,-1.000,-1.000,5.230,Run,NaN,NaN,-0.398,1.000
106.054,0.010,0.600,1.000,1.000,5.240,Run,NaN,NaN,1.598,1.000
106.064,0.010,0.600,-1.000,-1.000,5.230,Run,NaN,NaN,-0.398,1.000
106.074,0.010,0.600,1.000,1.000,5.240,Run,NaN,NaN,1.598,1.000
106.084,0.010,0.600,-1.000,-1.000,5.230,Run,NaN,NaN,-0.398,1.000
106.094,0.010,0.600,1.000,1.000,5.240,Run,NaN,NaN,1.598,1.000
106.104,0.010,0.600,-1.000,-1.000,5.230,Run,NaN,NaN,-0.398,1.000
106.114,0.010,0.600,1.000,1.000,5.240,Run,NaN,NaN,1.598,1.000
106.124,0.010,0.600,-1.000,-1.000,5.230,Run,NaN,NaN,-0.398,1.000
106.134,0.010,0.600,1.000,1.000,5.240,Run,NaN,NaN,1.598,1.000
106.144,0.010,0.600,-1.000,-1.000,5.230,Run,NaN,NaN,-0.398,1.000
106.154,0.010,0.600,1.000,1.000,5.240,Run,NaN,NaN,1.598,1.000
106.164,0.010,0.600,-1.000,-1.000,5.230,Run,NaN,NaN,-0.398,1.000
106.174,0.010,0.600,1.000,1.000,5.240,Run,NaN,NaN,1.598,1.000
106.184,0.010,0.600,-1.000,-1.000,5.230,Run,NaN,NaN,-0.398,1.000
106.194,0.010,0.600,1.000,1.000,5.240,Run,NaN,NaN,1.598,1.000
106.204,0.010,0.600,-1.000,-1.000,5.230,Run,NaN,NaN,-0.398,1.000
106.214,0.010,0.600,1.000,1.000,5.240,Run,NaN,NaN,1.598,1.000
106.224,0.010,0.600,-1.000,-1.000,5.230,Run,NaN,NaN,-0.398,1.000
106.234,0.010,0.600,1.000,1.000,5.240,Run,NaN,NaN,1.598,1.000
106.244,0.010,0.600,-1.000,-1.000,5.230,Run,NaN,NaN,-0.398,1.000
106.254,0.010,0.600,1.000,1.000,5.240,Run,NaN,NaN,1.598,1.000
106.264,0.010,0.600,-1.000,-1.000,5.230,Run,NaN,NaN,-0.398,1.000
106.274,0.010,0.600,1.000,1.000,5.240,Run,NaN,NaN,1.598,1.000
106.284,0.010,0.600,-1.000,-1.000,5.230,Run,NaN,NaN,-0.398,1.000
106.294,0.010,0.600,1.000,1.000,5.240,Run,NaN,NaN,1.598,1.000
106.304,0.010,0.600,-1.000,-1.000,5.230,Run,NaN,NaN,-0.398,1.000
106.314,0.010,0.600,1.000,1.000,5.240,Run,NaN,NaN,1.598,1.000
106.324,0.010,0.600,-1.000,-1.000,5.230,Run,NaN,NaN,-0.398,1.000
106.334,0.010,0.600,1.000,1.000,5.240,Run,NaN,NaN,1.598,1.000
106.344,0.010,0.600,-1.000,-1.000,5.230,Run,NaN,NaN,-0.398,1.000
106.354,0.010,0.600,1.000,1.000,5.240,Run,NaN,NaN,1.598,1.000
106.364,0.010,0.600,-1.000,-1.000,5.230,Run,NaN,NaN,-0.398,1.000
106.374,0.010,0.600,1.000,1.000,5.240,Run,NaN,NaN,1.598,1.000
106.384,0.010,0.600,-1.000,-1.000,5.230,Run,NaN,NaN,-0.398,1.000
106.394,0.010,0.600,1.000,1.000,5.240,Run,NaN,NaN,1.598,1.000
106.404,0.010,0.600,-1.000,-1.000,5.230,Run,NaN,NaN,-0.398,1.000
106.414,0.010,0.600,1.000,1.000,5.240,Run,NaN,NaN,1.598,1.000
106.424,0.010,0.600,-1.000,-1.000,5.230,Run,NaN,NaN,-0.398,1.000
106.434,0.010,0.600,1.000,1.000,5.240,Run,NaN,NaN,1.598,1.000
106.444,0.010,0.600,-1.000,-1.000,5.230,Run,NaN,NaN,-0.398,1.000
106.454,0.010,0.600,1.000,1.000,5.240,Run,NaN,NaN,1.598,1.000
106.464,0.010,0.600,-1.000,-1.000,5.230,Run,NaN,NaN,-0.398,1.000
106.474,0.010,0.600,1.000,1.000,5.240,Run,NaN,NaN,1.598,1.000
106.484,0.010,0.600,-1.000,-1.000,5.230,Run,NaN,NaN,-0.398,1.000
106.494,0.010,0.600,1.000,1.000,5.240,Run,NaN,NaN,1.598,1.000
106.504,0.010,0.600,-1.000,-1.000,5.230,Run,NaN,NaN,-0.398,1.000
106.514,0.010,0.600,1.000,1.000,5.240,Run,NaN,NaN,1.598,1.000
106.524,0.010,0.600,-1.000,-1.000,5.230,Run,NaN,NaN,-0.398,1.000
106.534,0.010,0.600,1.000,1.000,5.240,Run,NaN,NaN,1.598,1.000
106.544,0.010,0.600,-1.000,-1.000,5.230,Run,NaN,NaN,-0.398,1.000
106.554,0.010,0.600,1.000,1.000,5.240,Run,NaN,NaN,1.598,1.000
106.564,0.010,0.600,-1.000,-1.000,5.230,Run,NaN,NaN,-0.398,1.000
106.574,0.010,0.600,1.000,1.000,5.240,Run,NaN,NaN,1.598,1.000
106.584,0.010,0.600,-1.000,-1.000,5.230,Run,NaN,NaN,-0.398,1.000
106.594,0.010,0.600,1.000,1.000,5.240,Run,NaN,NaN,1.598,1.000
106.604,0.010,0.600,-1.000,-1.000,5.230,Run,NaN,NaN,-0.398,1.000
106.614,0.010,0.600,1.000,1.000,5.240,Run,NaN,NaN,1.598,1.000
106.624,0.010,0.600,-1.000,-1.000,5.230,Run,NaN,NaN,-0.398,1.000
106.634,0.010,0.600,1.000,1.000,5.240,Run,NaN,NaN,1.598,1.000
106.644,0.010,0.600,-1.000,-1.000,5.230,Run,NaN,NaN,-0.398,1.000
106.654,0.010,0.600,1.000,1.000,5.240,Run,NaN,NaN,1.598,1.000
106.664,0.010,0.600,-1.000,-1.000,5.230,Run,NaN,NaN,-0.398,1.000
106.674,0.010,0.600,1.000,1.000,5.240,Run,NaN,NaN,1.598,1.000
106.684,0.010,0.600,-1.000,-1.000,5.230,Run,NaN,NaN,-0.398,1.000
106.694,0.010,0.600,1.000,1.000,5.240,Run,NaN,NaN,1.598,1.000
106.704,0.010,0.600,-1.000,-1.000,5.230,Run,NaN,NaN,-0.398,1.000
106.714,0.010,0.600,1.000,1.000,5.240,Run,NaN,NaN,1.598,1.000
106.724,0.010,0.600,-1.000,-1.000,5.230,Run,NaN,NaN,-0.398,1.000
106.734,0.010,0.600,1.000,1.000,5.240,Run,NaN,NaN,1.598,1.000
106.744,0.010,0.600,-1.000,-1.000,5.230,Run,NaN,NaN,-0.398,1.000
106.754,0.010,0.600,1.000,1.000,5.240,Run,NaN,NaN,1.598,1.000
106.764,0.010,0.600,-1.000,-1.000,5.230,Run,NaN,NaN,-0.398,1.000
106.774,0.010,0.600,1.000,1.000,5.240,Run,NaN,NaN,1.598,1.000
106.784,0.010,0.600,-1.000,-1.000,5.230,Run,NaN,NaN,-0.398,1.000
106.794,0.010,0.600,1.000,1.000,5.240,Run,NaN,NaN,1.598,1.000
106.804,0.010,0.600,-1.000,-1.000,5.230,Run,NaN,NaN,-0.398,1.000
106.814,0.010,0.600,1.000,1.000,5.240,Run,NaN,NaN,1.598,1.000
106.824,0.010,0.600,-1.000,-1.000,5.230,Run,NaN,NaN,-0.398,1.000
106.834,0.010,0.600,1.000,1.000,5.240,Run,NaN,NaN,1.598,1.000
106.844,0.010,0.600,-1.000,-1.000,5.230,Run,NaN,NaN,-0.398,1.000
106.854,0.010,0.600,1.000,1.000,5.240,Run,NaN,NaN,1.598,1.000
106.864,0.010,0.600,-1.000,-1.000,5.230,Run,NaN,NaN,-0.398,1.000
106.874,0.010,0.600,1.000,1.000,5.240,Run,NaN,NaN,1.598,1.000
106.884,0.010,0.600,-1.000,-1.000,5.230,Run,NaN,NaN,-0.398,1.000
106.894,0.010,0.600,1.000,1.000,5.240,Run,NaN,NaN,1.598,1.000
106.904,0.010,0.600,-1.000,-1.000,5.230,Run,NaN,NaN,-0.398,1.000
106.914,0.010,0.600,1.000,1.000,5.240,Run,NaN,NaN,1.598,1.000
106.924,0.010,0.600,-1.000,-1.000,5.230,Run,NaN,NaN,-0.398,1.000
106.934,0.010,0.600,1.000,1.000,5.240,Run,NaN,NaN,1.598,1.000
106.944,0.010,0.600,-1.000,-1.000,5.230,Run,NaN,NaN,-0.398,1.000
106.954,0.010,0.600,1.000,1.000,5.240,Run,NaN,NaN,1.598,1.000
106.964,0.010,0.600,-1.000,-1.000,5.230,Run,NaN,NaN,-0.398,1.000
106.974,0.010,0.600,1.000,1.000,5.240,Run,NaN,NaN,1.598,1.000
106.984,0.010,0.600,-1.000,-1.000,5.230,Run,NaN,NaN,-0.398,1.000
106.994,0.010,0.600,1.000,1.000,5.240,Run,NaN,NaN,1.598,1.000
107.004,0.010,0.600,-1.000,-1.000,5.230,Run,NaN,NaN,-0.398,1.000
107.014,0.010,0.600,1.000,1.000,5.240,Run,NaN,NaN,1.598,1.000
107.024,0.010,0.600,-1.000,-1.000,5.230,Run,NaN,NaN,-0.398,1.000
107.034,0.010,0.600,1.000,1.000,5.240,Run,NaN,NaN,1.598,1.000
107.044,0.010,0.600,-1.000,-1.000,5.230,Run,NaN,NaN,-0.398,1.000
107.054,0.010,0.600,1.000,1.000,5.240,Run,NaN,NaN,1.598,1.000
107.064,0.010,0.600,-1.000,-1.000,5.230,Run,NaN,NaN,-0.398,1.000
107.074,0.010,0.600,1.000,1.000,5.240,Run,NaN,NaN,1.598,1.000
107.084,0.010,0.600,-1.000,-1.000,5.230,Run,NaN,NaN,-0.398,1.000
107.094,0.010,0.600,1.000,1.000,5.240,Run,NaN,NaN,1.598,1.000
107.104,0.010,0.600,-1.000,-1.000,5.230,Run,NaN,NaN,-0.398,1.000
107.114,0.010,0.600,1.000,1.000,5.240,Run,NaN,NaN,1.598,1.000
107.124,0.010,0.600,-1.000,-1.000,5.230,Run,NaN,NaN,-0.398,1.000
107.134,0.010,0.600,1.000,1.000,5.240,Run,NaN,NaN,1.598,1.000
107.144,0.010,0.600,-1.000,-1.000,5.230,Run,NaN,NaN,-0.398,1.000
107.154,0.010,0.600,1.000,1.000,5.240,Run,NaN,NaN,1.598,1.000
107.164,0.010,0.600,-1.000,-1.000,5.230,Run,NaN,NaN,-0.398,1.000
107.174,0.010,0.600,1.000,1.000,5.240,Run,NaN,NaN,1.598,1.000
107.184,0.010,0.600,-1.000,-1.000,5.230,Run,NaN,NaN,-0.398,1.000
107.194,0.010,0.600,1.000,1.000,5.240,Run,NaN,NaN,1.598,1.000
107.204,0.010,0.600,-1.000,-1.000,5.230,Run,NaN,NaN,-0.398,1.000
107.214,0.010,0.600,1.000,1.000,5.240,Run,NaN,NaN,1.598,1.000
107.224,0.010,0.600,-1.000,-1.000,5.230,Run,NaN,NaN,-0.398,1.000
107.234,0.010,0.600,1.000,1.000,5.240,Run,NaN,NaN,1.598,1.000
107.244,0.010,0.600,-1.000,-1.000,5.230,Run,NaN,NaN,-0.398,1.000
107.255,0.010,0.600,1.000,1.000,5.240,Run,NaN,NaN,1.598,1.000
107.265,0.010,0.600,-1.000,-1.000,5.230,Run,NaN,NaN,-0.398,1.000
107.275,0.010,0.600,1.000,1.000,5.240,Run,NaN,NaN,1.598,1.000
107.285,0.010,0.600,-1.000,-1.000,5.230,Run,NaN,NaN,-0.398,1.000
107.295,0.010,0.600,1.000,1.000,5.240,Run,NaN,NaN,1.598,1.000
107.305,0.010,0.600,-1.000,-1.000,5.230,Run,NaN,NaN,-0.398,1.000
107.315,0.010,0.600,1.000,1.000,5.240,Run,NaN,NaN,1.598,1.000
107.325,0.010,0.600,-1.000,-1.000,5.230,Run,NaN,NaN,-0.398,1.000
107.335,0.010,0.600,1.000,1.000,5.240,Run,NaN,NaN,1.598,1.000
107.345,0.010,0.600,-1.000,-1.000,5.230,Run,NaN,NaN,-0.398,1.000
107.355,0.010,0.600,1.000,1.000,5.240,Run,NaN,NaN,1.598,1.000
107.365,0.010,0.600,-1.000,-1.000,5.230,Run,NaN,NaN,-0.398,1.000
107.375,0.010,0.600,1.000,1.000,5.240,Run,NaN,NaN,1.598,1.000
107.385,0.010,0.600,-1.000,-1.000,5.230,Run,NaN,NaN,-0.398,1.000
107.395,0.010,0.600,1.000,1.000,5.240,Run,NaN,NaN,1.598,1.000
107.405,0.010,0.600,-1.000,-1.000,5.230,Run,NaN,NaN,-0.398,1.000
107.415,0.010,0.600,1.000,1.000,5.240,Run,NaN,NaN,1.598,1.000
107.425,0.010,0.600,-1.000,-1.000,5.230,Run,NaN,NaN,-0.398,1.000
107.435,0.010,0.600,1.000,1.000,5.240,Run,NaN,NaN,1.598,1.000
107.445,0.010,0.600,-1.000,-1.000,5.230,Run,NaN,NaN,-0.398,1.000
107.455,0.010,0.600,1.000,1.000,5.240,Run,NaN,NaN,1.598,1.000
107.465,0.010,0.600,-1.000,-1.000,5.230,Run,NaN,NaN,-0.398,1.000
107.475,0.010,0.600,1.000,1.000,5.240,Run,NaN,NaN,1.598,1.000
107.485,0.010,0.600,-1.000,-1.000,5.230,Run,NaN,NaN,-0.398,1.000
107.495,0.010,0.600,1.000,1.000,5.240,Run,NaN,NaN,1.598,1.000
107.505,0.010,0.600,-1.000,-1.000,5.230,Run,NaN,NaN,-0.398,1.000
107.515,0.010,0.600,1.000,1.000,5.240,Run,NaN,NaN,1.598,1.000
107.525,0.010,0.600,-1.000,-1.000,5.230,Run,NaN,NaN,-0.398,1.000
107.535,0.010,0.600,1.000,1.000,5.240,Run,NaN,NaN,1.598,1.000
107.545,0.010,0.600,-1.000,-1.000,5.230,Run,NaN,NaN,-0.398,1.000
107.555,0.010,0.600,1.000,1.000,5.240,Run,NaN,NaN,1.598,1.000
107.565,0.010,0.600,-1.000,-1.000,5.230,Run,NaN,NaN,-0.398,1.000
107.575,0.010,0.600,1.000,1.000,5.240,Run,NaN,NaN,1.598,1.000
107.585,0.010,0.600,-1.000,-1.000,5.230,Run,NaN,NaN,-0.398,1.000
107.595,0.010,0.600,1.000,1.000,5.240,Run,NaN,NaN,1.598,1.000
107.605,0.010,0.600,-1.000,-1.000,5.230,Run,NaN,NaN,-0.398,1.000
107.615,0.010,0.600,1.000,1.000,5.240,Run,NaN,NaN,1.598,1.000
107.625,0.010,0.600,-1.000,-1.000,5.230,Run,NaN,NaN,-0.398,1.000
107.635,0.010,0.600,1.000,1.000,5.240,Run,NaN,NaN,1.598,1.000
107.645,0.010,0.600,-1.000,-1.000,5.230,Run,NaN,NaN,-0.398,1.000
107.655,0.010,0.600,1.000,1.000,5.240,Run,NaN,NaN,1.598,1.000
107.665,0.010,0.600,-1.000,-1.000,5.230,Run,NaN,NaN,-0.398,1.000
107.675,0.010,0.600,1.000,1.000,5.240,Run,NaN,NaN,1.598,1.000
107.685,0.010,0.600,-1.000,-1.000,5.230,Run,NaN,NaN,-0.398,1.000
107.695,0.010,0.600,1.000,1.000,5.240,Run,NaN,NaN,1.598,1.000
107.705,0.010,0.600,-1.000,-1.000,5.230,Run,NaN,NaN,-0.398,1.000
107.715,0.010,0.600,1.000,1.000,5.240,Run,NaN,NaN,1.598,1.000
107.725,0.010,0.600,-1.000,-1.000,5.230,Run,NaN,NaN,-0.398,1.000
107.735,0.010,0.600,1.000,1.000,5.240,Run,NaN,NaN,1.598,1.000
107.745,0.010,0.600,-1.000,-1.000,5.230,Run,NaN,NaN,-0.398,1.000
107.755,0.010,0.600,1.000,1.000,5.240,Run,NaN,NaN,1.598,1.000
107.765,0.010,0.600,-1.000,-1.000,5.230,Run,NaN,NaN,-0.398,1.000
107.775,0.010,0.600,1.000,1.000,5.240,Run,NaN,NaN,1.598,1.000
107.785,0.010,0.600,-1.000,-1.000,5.230,Run,NaN,NaN,-0.398,1.000
107.795,0.010,0.600,1.000,1.000,5.240,Run,NaN,NaN,1.598,1.000
107.805,0.010,0.600,-1.000,-1.000,5.230,Run,NaN,NaN,-0.398,1.000
107.815,0.010,0.600,1.000,1.000,5.240,Run,NaN,NaN,1.598,1.000
107.825,0.010,0.600,-1.000,-1.000,5.230,Run,NaN,NaN,-0.398,1.000
107.835,0.010,0.600,1.000,1.000,5.240,Run,NaN,NaN,1.598,1.000
107.845,0.010,0.600,-1.000,-1.000,5.230,Run,NaN,NaN,-0.398,1.000
107.855,0.010,0.600,1.000,1.000,5.240,Run,NaN,NaN,1.598,1.000
107.865,0.010,0.600,-1.000,-1.000,5.230,Run,NaN,NaN,-0.398,1.000
107.875,0.010,0.600,1.000,1.000,5.240,Run,NaN,NaN,1.598,1.000
107.885,0.010,0.600,-1.000,-1.000,5.230,Run,NaN,NaN,-0.398,1.000
107.895,0.010,0.600,1.000,1.000,5.240,Run,NaN,NaN,1.598,1.000
107.905,0.010,0.600,-1.000,-1.000,5.230,Run,NaN,NaN,-0.398,1.000
107.915,0.010,0.600,1.000,1.000,5.240,Run,NaN,NaN,1.598,1.000
107.925,0.010,0.600,-1.000,-1.000,5.230,Run,NaN,NaN,-0.398,1.000
107.935,0.010,0.600,1.000,1.000,5.240,Run,NaN,NaN,1.598,1.000
107.945,0.010,0.600,-1.000,-1.000,5.230,Run,NaN,NaN,-0.398,1.000
107.955,0.010,0.600,1.000,1.000,5.240,Run,NaN,NaN,1.598,1.000
107.965,0.010,0.600,-1.000,-1.000,5.230,Run,NaN,NaN,-0.398,1.000
107.975,0.010,0.600,1.000,1.000,5.240,Run,NaN,NaN,1.598,1.000
107.985,0.010,0.600,-1.000,-1.000,5.230,Run,NaN,NaN,-0.398,1.000
107.995,0.010,0.600,1.000,1.000,5.240,Run,NaN,NaN,1.598,1.000
108.005,0.010,0.600,-1.000,-1.000,5.230,Run,NaN,NaN,-0.398,1.000
108.015,0.010,0.600,1.000,1.000,5.240,Run,NaN,NaN,1.598,1.000
108.025,0.010,0.600,-1.000,-1.000,5.230,Run,NaN,NaN,-0.398,1.000
108.035,0.010,0.600,1.000,1.000,5.240,Run,NaN,NaN,1.598,1.000
108.045,0.010,0.600,-1.000,-1.000,5.230,Run,NaN,NaN,-0.398,1.000
108.055,0.010,0.600,1.000,1.000,5.240,Run,NaN,NaN,1.598,1.000
108.065,0.010,0.600,-1.000,-1.000,5.230,Run,NaN,NaN,-0.398,1.000
108.075,0.010,0.600,1.000,1.000,5.240,Run,NaN,NaN,1.598,1.000
108.085,0.010,0.600,-1.000,-1.000,5.230,Run,NaN,NaN,-0.398,1.000
108.095,0.010,0.600,1.000,1.000,5.240,Run,NaN,NaN,1.598,1.000
108.105,0.010,0.600,-1.000,-1.000,5.230,Run,NaN,NaN,-0.398,1.000
108.115,0.010,0.600,1.000,1.000,5.240,Run,NaN,NaN,1.598,1.000
108.125,0.010,0.600,-1.000,-1.000,5.230,Run,NaN,NaN,-0.398,1.000
108.135,0.010,0.600,1.000,1.000,5.240,Run,NaN,NaN,1.598,1.000
108.145,0.010,0.600,-1.000,-1.000,5.230,Run,NaN,NaN,-0.398,1.000
108.155,0.010,0.600,1.000,1.000,5.240,Run,NaN,NaN,1.598,1.000
108.165,0.010,0.600,-1.000,-1.000,5.230,Run,NaN,NaN,-0.398,1.000
108.175,0.010,0.600,1.000,1.000,5.240,Run,NaN,NaN,1.598,1.000
108.185,0.010,0.600,-1.000,-1.000,5.230,Run,NaN,NaN,-0.398,1.000
108.195,0.010,0.600,1.000,1.000,5.240,Run,NaN,NaN,1.598,1.000
108.205,0.010,0.600,-1.000,-1.000,5.230,Run,NaN,NaN,-0.398,1.000
108.215,0.010,0.600,1.000,1.000,5.240,Run,NaN,NaN,1.598,1.000
108.225,0.010,0.600,-1.000,-1.000,5.230,Run,NaN,NaN,-0.398,1.000
108.235,0.010,0.600,1.000,1.000,5.240,Run,NaN,NaN,1.598,1.000
108.245,0.010,0.600,-1.000,-1.000,5.230,Run,NaN,NaN,-0.398,1.000
108.255,0.010,0.600,1.000,1.000,5.240,Run,NaN,NaN,1.598,1.000
108.265,0.010,0.600,-1.000,-1.000,5.230,Run,NaN,NaN,-0.398,1.000
108.275,0.010,0.600,1.000,1.000,5.240,Run,NaN,NaN,1.598,1.000
108.285,0.010,0.600,-1.000,-1.000,5.230,Run,NaN,NaN,-0.398,1.000
108.295,0.010,0.600,1.000,1.000,5.240,Run,NaN,NaN,1.598,1.000
108.305,0.010,0.600,-1.000,-1.000,5.230,Run,NaN,NaN,-0.398,1.000
108.315,0.010,0.600,1.000,1.000,5.240,Run,NaN,NaN,1.598,1.000
108.325,0.010,0.600,-1.000,-1.000,5.230,Run,NaN,NaN,-0.398,1.000
108.335,0.010,0.600,1.000,1.000,5.240,Run,NaN,NaN,1.598,1.000
108.345,0.010,0.600,-1.000,-1.000,5.230,Run,NaN,NaN,-0.398,1.000
108.355,0.010,0.600,1.000,1.000,5.240,Run,NaN,NaN,1.598,1.000
108.365,0.010,0.600,-1.000,-1.000,5.230,Run,NaN,NaN,-0.398,1.000
108.375,0.010,0.600,1.000,1.000,5.240,Run,NaN,NaN,1.598,1.000
108.385,0.010,0.600,-1.000,-1.000,5.230,Run,NaN,NaN,-0.398,1.000
108.395,0.010,0.600,1.000,1.000,5.240,Run,NaN,NaN,1.598,1.000
108.405,0.010,0.600,-1.000,-1.000,5.230,Run,NaN,NaN,-0.398,1.000
108.415,0.010,0.600,1.000,1.000,5.240,Run,NaN,NaN,1.598,1.000
108.425,0.010,0.600,-1.000,-1.000,5.230,Run,NaN,NaN,-0.398,1.000
108.435,0.010,0.600,1.000,1.000,5.240,Run,NaN,NaN,1.598,1.000
108.445,0.010,0.600,-1.000,-1.000,5.230,Run,NaN,NaN,-0.398,1.000
108.455,0.010,0.600,1.000,1.000,5.240,Run,NaN,NaN,1.598,1.000
108.465,0.010,0.600,-1.000,-1.000,5.230,Run,NaN,NaN,-0.398,1.000
108.475,0.010,0.600,1.000,1.000,5.240,Run,NaN,NaN,1.598,1.000
108.485,0.010,0.600,-1.000,-1.000,5.230,Run,NaN,NaN,-0.398,1.000
108.495,0.010,0.600,1.000,1.000,5.240,Run,NaN,NaN,1.598,1.000
108.505,0.010,0.600,-1.000,-1.000,5.230,Run,NaN,NaN,-0.398,1.000
108.515,0.010,0.600,1.000,1.000,5.240,Run,NaN,NaN,1.598,1.000
108.525,0.010,0.600,-1.000,-1.000,5.230,Run,NaN,NaN,-0.398,1.000
108.535,0.010,0.600,1.000,1.000,5.240,Run,NaN,NaN,1.598,1.000
108.545,0.010,0.600,-1.000,-1.000,5.230,Run,NaN,NaN,-0.398,1.000
108.555,0.010,0.600,1.000,1.000,5.240,Run,NaN,NaN,1.598,1.000
108.565,0.010,0.600,-1.000,-1.000,5.230,Run,NaN,NaN,-0.398,1.000
108.575,0.010,0.600,1.000,1.000,5.240,Run,NaN,NaN,1.598,1.000
108.585,0.010,0.600,-1.000,-1.000,5.230,Run,NaN,NaN,-0.398,1.000
108.595,0.010,0.600,1.000,1.000,5.240,Run,NaN,NaN,1.598,1.000
108.605,0.010,0.600,-1.000,-1.000,5.230,Run,NaN,NaN,-0.398,1.000
108.615,0.010,0.600,1.000,1.000,5.240,Run,NaN,NaN,1.598,1.000
108.625,0.010,0.600,-1.000,-1.000,5.230,Run,NaN,NaN,-0.398,1.000
108.635,0.010,0.600,1.000,1.000,5.240,Run,NaN,NaN,1.598,1.000
108.645,0.010,0.600,-1.000,-1.000,5.230,Run,NaN,NaN,-0.398,1.000
108.655,0.010,0.600,1.000,1.000,5.240,Run,NaN,NaN,1.598,1.000
108.665,0.010,0.600,-1.000,-1.000,5.230,Run,NaN,NaN,-0.398,1.000
108.675,0.010,0.600,1.000,1.000,5.240,Run,NaN,NaN,1.598,1.000
108.685,0.010,0.600,-1.000,-1.000,5.230,Run,NaN,NaN,-0.398,1.000
108.695,0.010,0.600,1.000,1.000,5.240,Run,NaN,NaN,1.598,1.000
108.705,0.010,0.600,-1.000,-1.000,5.230,Run,NaN,NaN,-0.398,1.000
108.715,0.010,0.600,1.000,1.000,5.240,Run,NaN,NaN,1.598,1.000
108.725,0.010,0.600,-1.000,-1.000,5.230,Run,NaN,NaN,-0.398,1.000
108.735,0.010,0.600,1.000,1.000,5.240,Run,NaN,NaN,1.598,1.000
108.745,0.010,0.600,-1.000,-1.000,5.230,Run,NaN,NaN,-0.398,1.000
108.755,0.010,0.600,1.000,1.000,5.240,Run,NaN,NaN,1.598,1.000
108.765,0.010,0.600,-1.000,-1.000,5.230,Run,NaN,NaN,-0.398,1.000
108.775,0.010,0.600,1.000,1.000,5.240,Run,NaN,NaN,1.598,1.000
108.785,0.010,0.600,-1.000,-1.000,5.230,Run,NaN,NaN,-0.398,1.000
108.795,0.010,0.600,1.000,1.000,5.240,Run,NaN,NaN,1.598,1.000
108.805,0.010,0.600,-1.000,-1.000,5.230,Run,NaN,NaN,-0.398,1.000
108.815,0.010,0.600,1.000,1.000,5.240,Run,NaN,NaN,1.598,1.000
108.825,0.010,0.600,-1.000,-1.000,5.230,Run,NaN,NaN,-0.398,1.000
108.835,0.010,0.600,1.000,1.000,5.240,Run,NaN,NaN,1.598,1.000
108.845,0.010,0.600,-1.000,-1.000,5.230,Run,NaN,NaN,-0.398,1.000
108.855,0.010,0.600,1.000,1.000,5.240,Run,NaN,NaN,1.598,1.000
108.865,0.010,0.600,-1.000,-1.000,5.230,Run,NaN,NaN,-0.398,1.000
108.875,0.010,0.600,1.000,1.000,5.240,Run,NaN,NaN,1.598,1.000
108.885,0.010,0.600,-1.000,-1.000,5.230,Run,NaN,NaN,-0.398,1.000
108.895,0.010,0.600,1.000,1.000,5.240,Run,NaN,NaN,1.598,1.000
108.905,0.010,0.600,-1.000,-1.000,5.230,Run,NaN,NaN,-0.398,1.000
108.915,0.010,0.600,1.000,1.000,5.240,Run,NaN,NaN,1.598,1.000
108.925,0.010,0.600,-1.000,-1.000,5.230,Run,NaN,NaN,-0.398,1.000
108.935,0.010,0.600,1.000,1.000,5.240,Run,NaN,NaN,1.598,1.000
108.945,0.010,0.600,-1.000,-1.000,5.230,Run,NaN,NaN,-0.398,1.000
108.955,0.010,0.600,1.000,1.000,5.240,Run,NaN,NaN,1.598,1.000
108.965,0.010,0.600,-1.000,-1.000,5.230,Run,NaN,NaN,-0.398,1.000
108.975,0.010,0.600,1.000,1.000,5.240,Run,NaN,NaN,1.598,1.000
108.985,0.010,0.600,-1.000,-1.000,5.230,Run,NaN,NaN,-0.398,1.000
108.995,0.010,0.600,1.000,1.000,5.240,Run,NaN,NaN,1.598,1.000
109.005,0.010,0.600,-1.000,-1.000,5.230,Run,NaN,NaN,-0.398,1.000
109.015,0.010,0.600,1.000,1.000,5.240,Run,NaN,NaN,1.598,1.000
109.025,0.010,0.600,-1.000,-1.000,5.230,Run,NaN,NaN,-0.398,1.000
109.035,0.010,0.600,1.000,1.000,5.240,Run,NaN,NaN,1.598,1.000
109.045,0.010,0.600,-1.000,-1.000,5.230,Run,NaN,NaN,-0.398,1.000
109.055,0.010,0.600,1.000,1.000,5.240,Run,NaN,NaN,1.598,1.000
109.065,0.010,0.600,-1.000,-1.000,5.230,Run,NaN,NaN,-0.398,1.000
109.075,0.010,0.600,1.000,1.000,5.240,Run,NaN,NaN,1.598,1.000
109.085,0.010,0.600,-1.000,-1.000,5.230,Run,NaN,NaN,-0.398,1.000
109.095,0.010,0.600,1.000,1.000,5.240,Run,NaN,NaN,1.598,1.000
109.105,0.010,0.600,-1.000,-1.000,5.230,Run,NaN,NaN,-0.398,1.000
109.115,0.010,0.600,1.000,1.000,5.240,Run,NaN,NaN,1.598,1.000
109.125,0.010,0.600,-1.000,-1.000,5.230,Run,NaN,NaN,-0.398,1.000
109.135,0.010,0.600,1.000,1.000,5.240,Run,NaN,NaN,1.598,1.000
109.145,0.010,0.600,-1.000,-1.000,5.230,Run,NaN,NaN,-0.398,1.000
109.155,0.010,0.600,1.000,1.000,5.240,Run,NaN,NaN,1.598,1.000
109.165,0.010,0.600,-1.000,-1.000,5.230,Run,NaN,NaN,-0.398,1.000
109.175,0.010,0.600,1.000,1.000,5.240,Run,NaN,NaN,1.598,1.000
109.185,0.010,0.600,-1.000,-1.000,5.230,Run,NaN,NaN,-0.398,1.000
109.195,0.010,0.600,1.000,1.000,5.240,Run,NaN,NaN,1.598,1.000
109.205,0.010,0.600,-1.000,-1.000,5.230,Run,NaN,NaN,-0.398,1.000
109.215,0.010,0.600,1.000,1.000,5.240,Run,NaN,NaN,1.598,1.000
109.225,0.010,0.600,-1.000,-1.000,5.230,Run,NaN,NaN,-0.398,1.000
109.235,0.010,0.600,1.000,1.000,5.240,Run,NaN,NaN,1.598,1.000
109.245,0.010,0.600,-1.000,-1.000,5.230,Run,NaN,NaN,-0.398,1.000
109.255,0.010,0.600,1.000,1.000,5.240,Run,NaN,NaN,1.598,1.000
109.265,0.010,0.600,-1.000,-1.000,5.230,Run,NaN,NaN,-0.398,1.000
109.275,0.010,0.600,1.000,1.000,5.240,Run,NaN,NaN,1.598,1.000
109.285,0.010,0.600,-1.000,-1.000,5.230,Run,NaN,NaN,-0.398,1.000
109.295,0.010,0.600,1.000,1.000,5.240,Run,NaN,NaN,1.598,1.000
109.305,0.010,0.600,-1.000,-1.000,5.230,Run,NaN,NaN,-0.398,1.000
109.315,0.010,0.600,1.000,1.000,5.240,Run,NaN,NaN,1.598,1.000
109.325,0.010,0.600,-1.000,-1.000,5.230,Run,NaN,NaN,-0.398,1.000
109.335,0.010,0.600,1.000,1.000,5.240,Run,NaN,NaN,1.598,1.000
109.345,0.010,0.600,-1.000,-1.000,5.230,Run,NaN,NaN,-0.398,1.000
109.355,0.010,0.600,1.000,1.000,5.240,Run,NaN,NaN,1.598,1.000
109.365,0.010,0.600,-1.000,-1.000,5.230,Run,NaN,NaN,-0.398,1.000
109.375,0.010,0.600,1.000,1.000,5.240,Run,NaN,NaN,1.598,1.000
109.385,0.010,0.600,-1.000,-1.000,5.230,Run,NaN,NaN,-0.398,1.000
109.395,0.010,0.600,1.000,1.000,5.240,Run,NaN,NaN,1.598,1.000
109.405,0.010,0.600,-1.000,-1.000,5.230,Run,NaN,NaN,-0.398,1.000
109.415,0.010,0.600,1.000,1.000,5.240,Run,NaN,NaN,1.598,1.000
109.425,0.010,0.600,-1.000,-1.000,5.230,Run,NaN,NaN,-0.398,1.000
109.435,0.010,0.600,1.000,1.000,5.240,Run,NaN,NaN,1.598,1.000
109.445,0.010,0.600,-1.000,-1.000,5.230,Run,NaN,NaN,-0.398,1.000
109.455,0.010,0.600,1.000,1.000,5.240,Run,NaN,NaN,1.598,1.000
109.465,0.010,0.600,-1.000,-1.000,5.230,Run,NaN,NaN,-0.398,1.000
109.475,0.010,0.600,1.000,1.000,5.240,Run,NaN,NaN,1.598,1.000
109.485,0.010,0.600,-1.000,-1.000,5.230,Run,NaN,NaN,-0.398,1.000
109.495,0.010,0.600,1.000,1.000,5.240,Run,NaN,NaN,1.598,1.000
109.505,0.010,0.600,-1.000,-1.000,5.230,Run,NaN,NaN,-0.398,1.000
109.515,0.010,0.600,1.000,1.000,5.240,Run,NaN,NaN,1.598,1.000
109.525,0.010,0.600,-1.000,-1.000,5.230,Run,NaN,NaN,-0.398,1.000
109.535,0.010,0.600,1.000,1.000,5.240,Run,NaN,NaN,1.598,1.000
109.545,0.010,0.600,-1.000,-1.000,5.230,Run,NaN,NaN,-0.398,1.000
109.555,0.010,0.600,1.000,1.000,5.240,Run,NaN,NaN,1.598,1.000
109.565,0.010,0.600,-1.000,-1.000,5.230,Run,NaN,NaN,-0.398,1.000
109.575,0.010,0.600,1.000,1.000,5.240,Run,NaN,NaN,1.598,1.000
109.585,0.010,0.600,-1.000,-1.000,5.230,Run,NaN,NaN,-0.398,1.000
109.595,0.010,0.600,1.000,1.000,5.240,Run,NaN,NaN,1.598,1.000
109.605,0.010,0.600,-1.000,-1.000,5.230,Run,NaN,NaN,-0.398,1.000
109.615,0.010,0.600,1.000,1.000,5.240,Run,NaN,NaN,1.598,1.000
109.625,0.010,0.600,-1.000,-1.000,5.230,Run,NaN,NaN,-0.398,1.000
109.635,0.010,0.600,1.000,1.000,5.240,Run,NaN,NaN,1.598,1.000
109.645,0.010,0.600,-1.000,-1.000,5.230,Run,NaN,NaN,-0.398,1.000
109.655,0.010,0.600,1.000,1.000,5.240,Run,NaN,NaN,1.598,1.000
109.665,0.010,0.600,-1.000,-1.000,5.230,Run,NaN,NaN,-0.398,1.000
109.675,0.010,0.600,1.000,1.000,5.240,Run,NaN,NaN,1.598,1.000
109.685,0.010,0.600,-1.000,-1.000,5.230,Run,NaN,NaN,-0.398,1.000
109.695,0.010,0.600,1.000,1.000,5.240,Run,NaN,NaN,1.598,1.000
109.705,0.010,0.600,-1.000,-1.000,5.230,Run,NaN,NaN,-0.398,1.000
109.715,0.010,0.600,1.000,1.000,5.240,Run,NaN,NaN,1.598,1.000
109.725,0.010,0.600,-1.000,-1.000,5.230,Run,NaN,NaN,-0.398,1.000
109.735,0.010,0.600,1.000,1.000,5.240,Run,NaN,NaN,1.598,1.000
109.745,0.010,0.600,-1.000,-1.000,5.230,Run,NaN,NaN,-0.398,1.000
109.755,0.010,0.600,1.000,1.000,5.240,Run,NaN,NaN,1.598,1.000
109.765,0.010,0.600,-1.000,-1.000,5.230,Run,NaN,NaN,-0.398,1.000
109.775,0.010,0.600,1.000,1.000,5.240,Run,NaN,NaN,1.598,1.000
109.785,0.010,0.600,-1.000,-1.000,5.230,Run,NaN,NaN,-0.398,1.000
109.795,0.010,0.600,1.000,1.000,5.240,Run,NaN,NaN,1.598,1.000
109.805,0.010,0.600,-1.000,-1.000,5.230,Run,NaN,NaN,-0.398,1.000
109.815,0.010,0.600,1.000,1.000,5.240,Run,NaN,NaN,1.598,1.000
109.825,0.010,0.600,-1.000,-1.000,5.230,Run,NaN,NaN,-0.398,1.000
109.835,0.010,0.600,1.000,1.000,5.240,Run,NaN,NaN,1.598,1.000
109.845,0.010,0.600,-1.000,-1.000,5.230,Run,NaN,NaN,-0.398,1.000
109.855,0.010,0.600,1.000,1.000,5.240,Run,NaN,NaN,1.598,1.000
109.865,0.010,0.600,-1.000,-1.000,5.230,Run,NaN,NaN,-0.398,1.000
109.875,0.010,0.600,1.000,1.000,5.240,Run,NaN,NaN,1.598,1.000
109.885,0.010,0.600,-1.000,-1.000,5.230,Run,NaN,NaN,-0.398,1.000
109.895,0.010,0.600,1.000,1.000,5.240,Run,NaN,NaN,1.598,1.000
109.905,0.010,0.600,-1.000,-1.000,5.230,Run,NaN,NaN,-0.398,1.000
109.915,0.010,0.600,1.000,1.000,5.240,Run,NaN,NaN,1.598,1.000
109.925,0.010,0.600,-1.000,-1.000,5.230,Run,NaN,NaN,-0.398,1.000
109.935,0.010,0.600,1.000,1.000,5.240,Run,NaN,NaN,1.598,1.000
109.945,0.010,0.600,-1.000,-1.000,5.230,Run,NaN,NaN,-0.398,1.000
109.955,0.010,0.600,1.000,1.000,5.240,Run,NaN,NaN,1.598,1.000
109.965,0.010,0.600,-1.000,-1.000,5.230,Run,NaN,NaN,-0.398,1.000
109.975,0.010,0.600,1.000,1.000,5.240,Run,NaN,NaN,1.598,1.000
109.985,0.010,0.600,-1.000,-1.000,5.230,Run,NaN,NaN,-0.398,1.000
109.995,0.010,0.600,1.000,1.000,5.240,Run,NaN,NaN,1.598,1.000
110.005,0.010,0.600,-1.000,-1.000,5.230,Run,NaN,NaN,-0.398,1.000
110.015,0.010,0.600,1.000,1.000,5.240,Run,NaN,NaN,1.598,1.000
110.025,0.010,0.600,-1.000,-1.000,5.230,Run,NaN,NaN,-0.398,1.000
110.035,0.010,0.600,1.000,1.000,5.240,Run,NaN,NaN,1.598,1.000
110.045,0.010,0.600,-1.000,-1.000,5.230,Run,NaN,NaN,-0.398,1.000
110.055,0.010,0.600,1.000,1.000,5.240,Run,NaN,NaN,1.598,1.000
110.065,0.010,0.600,-1.000,-1.000,5.230,Run,NaN,NaN,-0.398,1.000
110.075,0.010,0.600,1.000,1.000,5.240,Run,NaN,NaN,1.598,1.000
110.085,0.010,0.600,-1.000,-1.000,5.230,Run,NaN,NaN,-0.398,1.000
110.095,0.010,0.600,1.000,1.000,5.240,Run,NaN,NaN,1.598,1.000
110.105,0.010,0.600,-1.000,-1.000,5.230,Run,NaN,NaN,-0.398,1.000
110.115,0.010,0.600,1.000,1.000,5.240,Run,NaN,NaN,1.598,1.000
110.125,0.010,0.600,-1.000,-1.000,5.230,Run,NaN,NaN,-0.398,1.000
110.135,0.010,0.600,1.000,1.000,5.240,Run,NaN,NaN,1.598,1.000
110.145,0.010,0.600,-1.000,-1.000,5.230,Run,NaN,NaN,-0.398,1.000
110.155,0.010,0.600,1.000,1.000,5.240,Run,NaN,NaN,1.598,1.000
110.165,0.010,0.600,-1.000,-1.000,5.230,Run,NaN,NaN,-0.398,1.000
110.175,0.010,0.600,1.000,1.000,5.240,Run,NaN,NaN,1.598,1.000
110.185,0.010,0.600,-1.000,-1.000,5.230,Run,NaN,NaN,-0.398,1.000
110.195,0.010,0.600,1.000,1.000,5.240,Run,NaN,NaN,1.598,1.000
110.205,0.010,0.600,-1.000,-1.000,5.230,Run,NaN,NaN,-0.398,1.000
110.215,0.010,0.600,1.000,1.000,5.240,Run,NaN,NaN,1.598,1.000
110.225,0.010,0.600,-1.000,-1.000,5.230,Run,NaN,NaN,-0.398,1.000
110.235,0.010,0.600,1.000,1.000,5.240,Run,NaN,NaN,1.598,1.000
110.245,0.010,0.600,-1.000,-1.000,5.230,Run,NaN,NaN,-0.398,1.000
110.255,0.010,0.600,1.000,1.000,5.240,Run,NaN,NaN,1.598,1.000
110.265,0.010,0.600,-1.000,-1.000,5.230,Run,NaN,NaN,-0.398,1.000
110.275,0.010,0.600,1.000,1.000,5.240,Run,NaN,NaN,1.598,1.000
110.285,0.010,0.600,-1.000,-1.000,5.230,Run,NaN,NaN,-0.398,1.000
110.295,0.010,0.600,1.000,1.000,5.240,Run,NaN,NaN,1.598,1.000
110.305,0.010,0.600,-1.000,-1.000,5.230,Run,NaN,NaN,-0.398,1.000
110.315,0.010,0.600,1.000,1.000,5.240,Run,NaN,NaN,1.598,1.000
110.325,0.010,0.600,-1.000,-1.000,5.230,Run,NaN,NaN,-0.398,1.000
110.335,0.010,0.600,1.000,1.000,5.240,Run,NaN,NaN,1.598,1.000
110.345,0.010,0.600,-1.000,-1.000,5.230,Run,NaN,NaN,-0.398,1.000
110.355,0.010,0.600,1.000,1.000,5.240,Run,NaN,NaN,1.598,1.000
110.365,0.010,0.600,-1.000,-1.000,5.230,Run,NaN,NaN,-0.398,1.000
110.375,0.010,0.600,1.000,1.000,5.240,Run,NaN,NaN,1.598,1.000
110.385,0.010,0.600,-1.000,-1.000,5.230,Run,NaN,NaN,-0.398,1.000
110.395,0.010,0.600,1.000,1.000,5.240,Run,NaN,NaN,1.598,1.000
110.405,0.010,0.600,-1.000,-1.000,5.230,Run,NaN,NaN,-0.398,1.000
110.415,0.010,0.600,1.000,1.000,5.240,Run,NaN,NaN,1.598,1.000
110.425,0.010,0.600,-1.000,-1.000,5.230,Run,NaN,NaN,-0.398,1.000
110.435,0.010,0.600,1.000,1.000,5.240,Run,NaN,NaN,1.598,1.000
110.445,0.010,0.600,-1.000,-1.000,5.230,Run,NaN,NaN,-0.398,1.000
110.455,0.010,0.600,1.000,1.000,5.240,Run,NaN,NaN,1.598,1.000
110.465,0.010,0.600,-1.000,-1.000,5.230,Run,NaN,NaN,-0.398,1.000
110.475,0.010,0.600,1.000,1.000,5.240,Run,NaN,NaN,1.598,1.000
110.485,0.010,0.600,-1.000,-1.000,5.230,Run,NaN,NaN,-0.398,1.000
110.495,0.010,0.600,1.000,1.000,5.240,Run,NaN,NaN,1.598,1.000
110.505,0.010,0.600,-1.000,-1.000,5.230,Run,NaN,NaN,-0.398,1.000
110.515,0.010,0.600,1.000,1.000,5.240,Run,NaN,NaN,1.598,1.000
110.525,0.010,0.600,-1.000,-1.000,5.230,Run,NaN,NaN,-0.398,1.000
110.535,0.010,0.600,1.000,1.000,5.240,Run,NaN,NaN,1.598,1.000
110.545,0.010,0.600,-1.000,-1.000,5.230,Run,NaN,NaN,-0.398,1.000
110.555,0.010,0.600,1.000,1.000,5.240,Run,NaN,NaN,1.598,1.000
110.565,0.010,0.600,-1.000,-1.000,5.230,Run,NaN,NaN,-0.398,1.000
110.575,0.010,0.600,1.000,1.000,5.240,Run,NaN,NaN,1.598,1.000
110.585,0.010,0.600,-1.000,-1.000,5.230,Run,NaN,NaN,-0.398,1.000
110.595,0.010,0.600,1.000,1.000,5.240,Run,NaN,NaN,1.598,1.000
110.605,0.010,0.600,-1.000,-1.000,5.230,Run,NaN,NaN,-0.398,1.000
110.615,0.010,0.600,1.000,1.000,5.240,Run,NaN,NaN,1.598,1.000
110.625,0.010,0.600,-1.000,-1.000,5.230,Run,NaN,NaN,-0.398,1.000
110.635,0.010,0.600,1.000,1.000,5.240,Run,NaN,NaN,1.598,1.000
110.645,0.010,0.600,-1.000,-1.000,5.230,Run,NaN,NaN,-0.398,1.000
110.655,0.010,0.600,1.000,1.000,5.240,Run,NaN,NaN,1.598,1.000
110.665,0.010,0.600,-1.000,-1.000,5.230,Run,NaN,NaN,-0.398,1.000
110.675,0.010,0.600,1.000,1.000,5.240,Run,NaN,NaN,1.598,1.000
110.685,0.010,0.600,-1.000,-1.000,5.230,Run,NaN,NaN,-0.398,1.000
110.695,0.010,0.600,1.000,1.000,5.240,Run,NaN,NaN,1.598,1.000
110.705,0.010,0.600,-1.000,-1.000,5.230,Run,NaN,NaN,-0.398,1.000
110.715,0.010,0.600,1.000,1.000,5.240,Run,NaN,NaN,1.598,1.000
110.725,0.010,0.600,-1.000,-1.000,5.230,Run,NaN,NaN,-0.398,1.000
110.735,0.010,0.600,1.000,1.000,5.240,Run,NaN,NaN,1.598,1.000
110.745,0.010,0.600,-1.000,-1.000,5.230,Run,NaN,NaN,-0.398,1.000
110.755,0.010,0.600,1.000,1.000,5.240,Run,NaN,NaN,1.598,1.000
110.765,0.010,0.600,-1.000,-1.000,5.230,Run,NaN,NaN,-0.398,1.000
110.775,0.010,0.600,1.000,1.000,5.240,Run,NaN,NaN,1.598,1.000
110.785,0.010,0.600,-1.000,-1.000,5.230,Run,NaN,NaN,-0.398,1.000
110.795,0.010,0.600,1.000,1.000,5.240,Run,NaN,NaN,1.598,1.000
110.805,0.010,0.600,-1.000,-1.000,5.230,Run,NaN,NaN,-0.398,1.000
110.815,0.010,0.600,1.000,1.000,5.240,Run,NaN,NaN,1.598,1.000
110.825,0.010,0.600,-1.000,-1.000,5.230,Run,NaN,NaN,-0.398,1.000
110.835,0.010,0.600,1.000,1.000,5.240,Run,NaN,NaN,1.598,1.000
110.845,0.010,0.600,-1.000,-1.000,5.230,Run,NaN,NaN,-0.398,1.000
110.855,0.010,0.600,1.000,1.000,5.240,Run,NaN,NaN,1.598,1.000
110.865,0.010,0.600,-1.000,-1.000,5.230,Run,NaN,NaN,-0.398,1.000
110.875,0.010,0.600,1.000,1.000,5.240,Run,NaN,NaN,1.598,1.000
110.885,0.010,0.600,-1.000,-1.000,5.230,Run,NaN,NaN,-0.398,1.000
110.895,0.010,0.600,1.000,1.000,5.240,Run,NaN,NaN,1.598,1.000
110.905,0.010,0.600,-1.000,-1.000,5.230,Run,NaN,NaN,-0.398,1.000
110.915,0.010,0.600,1.000,1.000,5.240,Run,NaN,NaN,1.598,1.000
110.925,0.010,0.600,-1.000,-1.000,5.230,Run,NaN,NaN,-0.398,1.000
110.935,0.010,0.600,1.000,1.000,5.240,Run,NaN,NaN,1.598,1.000
110.945,0.010,0.600,-1.000,-1.000,5.230,Run,NaN,NaN,-0.398,1.000
110.955,0.010,0.600,1.000,1.000,5.240,Run,NaN,NaN,1.598,1.000
110.965,0.010,0.600,-1.000,-1.000,5.230,Run,NaN,NaN,-0.398,1.000
110.975,0.010,0.600,1.000,1.000,5.240,Run,NaN,NaN,1.598,1.000
110.985,0.010,0.600,-1.000,-1.000,5.230,Run,NaN,NaN,-0.398,1.000
110.995,0.010,0.600,1.000,1.000,5.240,Run,NaN,NaN,1.598,1.000
111.005,0.010,0.600,-1.000,-1.000,5.230,Run,NaN,NaN,-0.398,1.000
111.015,0.010,0.600,1.000,1.000,5.240,Run,NaN,NaN,1.598,1.000
111.025,0.010,0.600,-1.000,-1.000,5.230,Run,NaN,NaN,-0.398,1.000
111.035,0.010,0.600,1.000,1.000,5.240,Run,NaN,NaN,1.598,1.000
111.045,0.010,0.600,-1.000,-1.000,5.230,Run,NaN,NaN,-0.398,1.000
111.055,0.010,0.600,1.000,1.000,5.240,Run,NaN,NaN,1.598,1.000
111.065,0.010,0.600,-1.000,-1.000,5.230,Run,NaN,NaN,-0.398,1.000
111.075,0.010,0.600,1.000,1.000,5.240,Run,NaN,NaN,1.598,1.000
111.085,0.010,0.600,-1.000,-1.000,5.230,Run,NaN,NaN,-0.398,1.000
111.095,0.010,0.600,1.000,1.000,5.240,Run,NaN,NaN,1.598,1.000
111.105,0.010,0.600,-1.000,-1.000,5.230,Run,NaN,NaN,-0.398,1.000
111.115,0.010,0.600,1.000,1.000,5.240,Run,NaN,NaN,1.598,1.000
111.125,0.010,0.600,-1.000,-1.000,5.230,Run,NaN,NaN,-0.398,1.000
111.135,0.010,0.600,1.000,1.000,5.240,Run,NaN,NaN,1.598,1.000
111.145,0.010,0.600,-1.000,-1.000,5.230,Run,NaN,NaN,-0.398,1.000
111.155,0.010,0.600,1.000,1.000,5.240,Run,NaN,NaN,1.598,1.000
111.165,0.010,0.600,-1.000,-1.000,5.230,Run,NaN,NaN,-0.398,1.000
111.175,0.010,0.600,1.000,1.000,5.240,Run,NaN,NaN,1.598,1.000
111.185,0.010,0.600,-1.000,-1.000,5.230,Run,NaN,NaN,-0.398,1.000
111.195,0.010,0.600,1.000,1.000,5.240,Run,NaN,NaN,1.598,1.000
111.205,0.010,0.600,-1.000,-1.000,5.230,Run,NaN,NaN,-0.398,1.000
111.215,0.010,0.600,1.000,1.000,5.240,Run,NaN,NaN,1.598,1.000
111.225,0.010,0.600,-1.000,-1.000,5.230,Run,NaN,NaN,-0.398,1.000
111.235,0.010,0.600,1.000,1.000,5.240,Run,NaN,NaN,1.598,1.000
111.245,0.010,0.600,-1.000,-1.000,5.230,Run,NaN,NaN,-0.398,1.000
111.255,0.010,0.600,1.000,1.000,5.240,Run,NaN,NaN,1.598,1.000
111.265,0.010,0.600,-1.000,-1.000,5.230,Run,NaN,NaN,-0.398,1.000
111.275,0.010,0.600,1.000,1.000,5.240,Run,NaN,NaN,1.598,1.000
111.285,0.010,0.600,-1.000,-1.000,5.230,Run,NaN,NaN,-0.398,1.000
111.295,0.010,0.600,1.000,1.000,5.240,Run,NaN,NaN,1.598,1.000
111.305,0.010,0.600,-1.000,-1.000,5.230,Run,NaN,NaN,-0.398,1.000
111.315,0.010,0.600,1.000,1.000,5.240,Run,NaN,NaN,1.598,1.000
111.325,0.010,0.600,-1.000,-1.000,5.230,Run,NaN,NaN,-0.398,1.000
111.335,0.010,0.600,1.000,1.000,5.240,Run,NaN,NaN,1.598,1.000
111.345,0.010,0.600,-1.000,-1.000,5.230,Run,NaN,NaN,-0.398,1.000
111.355,0.010,0.600,1.000,1.000,5.240,Run,NaN,NaN,1.598,1.000
111.365,0.010,0.600,-1.000,-1.000,5.230,Run,NaN,NaN,-0.398,1.000
111.375,0.010,0.600,1.000,1.000,5.240,Run,NaN,NaN,1.598,1.000
111.385,0.010,0.600,-1.000,-1.000,5.230,Run,NaN,NaN,-0.398,1.000
111.395,0.010,0.600,1.000,1.000,5.240,Run,NaN,NaN,1.598,1.000
111.405,0.010,0.600,-1.000,-1.000,5.230,Run,NaN,NaN,-0.398,1.000
111.415,0.010,0.600,1.000,1.000,5.240,Run,NaN,NaN,1.598,1.000
111.425,0.010,0.600,-1.000,-1.000,5.230,Run,NaN,NaN,-0.398,1.000
111.435,0.010,0.600,1.000,1.000,5.240,Run,NaN,NaN,1.598,1.000
111.445,0.010,0.600,-1.000,-1.000,5.230,Run,NaN,NaN,-0.398,1.000
111.455,0.010,0.600,1.000,1.000,5.240,Run,NaN,NaN,1.598,1.000
111.465,0.010,0.600,-1.000,-1.000,5.230,Run,NaN,NaN,-0.398,1.000
111.475,0.010,0.600,1.000,1.000,5.240,Run,NaN,NaN,1.598,1.000
111.485,0.010,0.600,-1.000,-1.000,5.230,Run,NaN,NaN,-0.398,1.000
111.495,0.010,0.600,1.000,1.000,5.240,Run,NaN,NaN,1.598,1.000
111.505,0.010,0.600,-1.000,-1.000,5.230,Run,NaN,NaN,-0.398,1.000
111.515,0.010,0.600,1.000,1.000,5.240,Run,NaN,NaN,1.598,1.000
111.525,0.010,0.600,-1.000,-1.000,5.230,Run,NaN,NaN,-0.398,1.000
111.535,0.010,0.600,1.000,1.000,5.240,Run,NaN,NaN,1.598,1.000
111.545,0.010,0.600,-1.000,-1.000,5.230,Run,NaN,NaN,-0.398,1.000
111.555,0.010,0.600,1.000,1.000,5.240,Run,NaN,NaN,1.598,1.000
111.565,0.010,0.600,-1.000,-1.000,5.230,Run,NaN,NaN,-0.398,1.000
111.575,0.010,0.600,1.000,1.000,5.240,Run,NaN,NaN,1.598,1.000
111.585,0.010,0.600,-1.000,-1.000,5.230,Run,NaN,NaN,-0.398,1.000
111.595,0.010,0.600,1.000,1.000,5.240,Run,NaN,NaN,1.598,1.000
111.605,0.010,0.600,-1.000,-1.000,5.230,Run,NaN,NaN,-0.398,1.000
111.615,0.010,0.600,1.000,1.000,5.240,Run,NaN,NaN,1.598,1.000
111.625,0.010,0.600,-1.000,-1.000,5.230,Run,NaN,NaN,-0.398,1.000
111.635,0.010,0.600,1.000,1.000,5.240,Run,NaN,NaN,1.598,1.000
111.645,0.010,0.600,-1.000,-1.000,5.230,Run,NaN,NaN,-0.398,1.000
111.655,0.010,0.600,1.000,1.000,5.240,Run,NaN,NaN,1.598,1.000
111.665,0.010,0.600,-1.000,-1.000,5.230,Run,NaN,NaN,-0.398,1.000
111.675,0.010,0.600,1.000,1.000,5.240,Run,NaN,NaN,1.598,1.000
111.685,0.010,0.600,-1.000,-1.000,5.230,Run,NaN,NaN,-0.398,1.000
111.695,0.010,0.600,1.000,1.000,5.240,Run,NaN,NaN,1.598,1.000
111.705,0.010,0.600,-1.000,-1.000,5.230,Run,NaN,NaN,-0.398,1.000
111.715,0.010,0.600,1.000,1.000,5.240,Run,NaN,NaN,1.598,1.000
111.725,0.010,0.600,-1.000,-1.000,5.230,Run,NaN,NaN,-0.398,1.000
111.735,0.010,0.600,1.000,1.000,5.240,Run,NaN,NaN,1.598,1.000
111.745,0.010,0.600,-1.000,-1.000,5.230,Run,NaN,NaN,-0.398,1.000
111.755,0.010,0.600,1.000,1.000,5.240,Run,NaN,NaN,1.598,1.000
111.765,0.010,0.600,-1.000,-1.000,5.230,Run,NaN,NaN,-0.398,1.000
111.775,0.010,0.600,1.000,1.000,5.240,Run,NaN,NaN,1.598,1.000
111.785,0.010,0.600,-1.000,-1.000,5.230,Run,NaN,NaN,-0.398,1.000
111.795,0.010,0.600,1.000,1.000,5.240,Run,NaN,NaN,1.598,1.000
111.805,0.010,0.600,-1.000,-1.000,5.230,Run,NaN,NaN,-0.398,1.000
111.815,0.010,0.600,1.000,1.000,5.240,Run,NaN,NaN,1.598,1.000
111.825,0.010,0.600,-1.000,-1.000,5.230,Run,NaN,NaN,-0.398,1.000
111.835,0.010,0.600,1.000,1.000,5.240,Run,NaN,NaN,1.598,1.000
111.845,0.010,0.600,-1.000,-1.000,5.230,Run,NaN,NaN,-0.398,1.000
111.855,0.010,0.600,1.000,1.000,5.240,Run,NaN,NaN,1.598,1.000
111.865,0.010,0.600,-1.000,-1.000,5.230,Run,NaN,NaN,-0.398,1.000
111.875,0.010,0.600,1.000,1.000,5.240,Run,NaN,NaN,1.598,1.000
111.885,0.010,0.600,-1.000,-1.000,5.230,Run,NaN,NaN,-0.398,1.000
111.895,0.010,0.600,1.000,1.000,5.240,Run,NaN,NaN,1.598,1.000
111.905,0.010,0.600,-1.000,-1.000,5.230,Run,NaN,NaN,-0.398,1.000
111.915,0.010,0.600,1.000,1.000,5.240,Run,NaN,NaN,1.598,1.000
111.925,0.010,0.600,-1.000,-1.000,5.230,Run,NaN,NaN,-0.398,1.000
111.936,0.010,0.600,1.000,1.000,5.240,Run,NaN,NaN,1.598,1.000
111.946,0.010,0.600,-1.000,-1.000,5.230,Run,NaN,NaN,-0.398,1.000
111.956,0.010,0.600,1.000,1.000,5.240,Run,NaN,NaN,1.598,1.000
111.966,0.010,0.600,-1.000,-1.000,5.230,Run,NaN,NaN,-0.398,1.000
111.976,0.010,0.600,1.000,1.000,5.240,Run,NaN,NaN,1.598,1.000
111.986,0.010,0.600,-1.000,-1.000,5.230,Run,NaN,NaN,-0.398,1.000
111.996,0.010,0.600,1.000,1.000,5.240,Run,NaN,NaN,1.598,1.000
112.006,0.010,0.600,-1.000,-1.000,5.230,Run,NaN,NaN,-0.398,1.000
112.016,0.010,0.600,1.000,1.000,5.240,Run,NaN,NaN,1.598,1.000
112.026,0.010,0.600,-1.000,-1.000,5.230,Run,NaN,NaN,-0.398,1.000
112.036,0.010,0.600,1.000,1.000,5.240,Run,NaN,NaN,1.598,1.000
112.046,0.010,0.600,-1.000,-1.000,5.230,Run,NaN,NaN,-0.398,1.000
112.056,0.010,0.600,1.000,1.000,5.240,Run,NaN,NaN,1.598,1.000
112.066,0.010,0.600,-1.000,-1.000,5.230,Run,NaN,NaN,-0.398,1.000
112.076,0.010,0.600,1.000,1.000,5.240,Run,NaN,NaN,1.598,1.000
112.086,0.010,0.600,-1.000,-1.000,5.230,Run,NaN,NaN,-0.398,1.000
112.096,0.010,0.600,1.000,1.000,5.240,Run,NaN,NaN,1.598,1.000
112.106,0.010,0.600,-1.000,-1.000,5.230,Run,NaN,NaN,-0.398,1.000
112.116,0.010,0.600,1.000,1.000,5.240,Run,NaN,NaN,1.598,1.000
112.126,0.010,0.600,-1.000,-1.000,5.230,Run,NaN,NaN,-0.398,1.000
112.136,0.010,0.600,1.000,1.000,5.240,Run,NaN,NaN,1.598,1.000
112.146,0.010,0.600,-1.000,-1.000,5.230,Run,NaN,NaN,-0.398,1.000
112.156,0.010,0.600,1.000,1.000,5.240,Run,NaN,NaN,1.598,1.000
112.166,0.010,0.600,-1.000,-1.000,5.230,Run,NaN,NaN,-0.398,1.000
112.176,0.010,0.600,1.000,1.000,5.240,Run,NaN,NaN,1.598,1.000
112.186,0.010,0.600,-1.000,-1.000,5.230,Run,NaN,NaN,-0.398,1.000
112.196,0.010,0.600,1.000,1.000,5.240,Run,NaN,NaN,1.598,1.000
112.206,0.010,0.600,-1.000,-1.000,5.230,Run,NaN,NaN,-0.398,1.000
112.216,0.010,0.600,1.000,1.000,5.240,Run,NaN,NaN,1.598,1.000
112.226,0.010,0.600,-1.000,-1.000,5.230,Run,NaN,NaN,-0.398,1.000
112.236,0.010,0.600,1.000,1.000,5.240,Run,NaN,NaN,1.598,1.000
112.246,0.010,0.600,-1.000,-1.000,5.230,Run,NaN,NaN,-0.398,1.000
112.256,0.010,0.600,1.000,1.000,5.240,Run,NaN,NaN,1.598,1.000
112.266,0.010,0.600,-1.000,-1.000,5.230,Run,NaN,NaN,-0.398,1.000
112.276,0.010,0.600,1.000,1.000,5.240,Run,NaN,NaN,1.598,1.000
112.286,0.010,0.600,-1.000,-1.000,5.230,Run,NaN,NaN,-0.398,1.000
112.296,0.010,0.600,1.000,1.000,5.240,Run,NaN,NaN,1.598,1.000
112.306,0.010,0.600,-1.000,-1.000,5.230,Run,NaN,NaN,-0.398,1.000
112.316,0.010,0.600,1.000,1.000,5.240,Run,NaN,NaN,1.598,1.000
112.326,0.010,0.600,-1.000,-1.000,5.230,Run,NaN,NaN,-0.398,1.000
112.336,0.010,0.600,1.000,1.000,5.240,Run,NaN,NaN,1.598,1.000
112.346,0.010,0.600,-1.000,-1.000,5.230,Run,NaN,NaN,-0.398,1.000
112.356,0.010,0.600,1.000,1.000,5.240,Run,NaN,NaN,1.598,1.000
112.366,0.010,0.600,-1.000,-1.000,5.230,Run,NaN,NaN,-0.398,1.000
112.376,0.010,0.600,1.000,1.000,5.240,Run,NaN,NaN,1.598,1.000
112.386,0.010,0.600,-1.000,-1.000,5.230,Run,NaN,NaN,-0.398,1.000
112.396,0.010,0.600,1.000,1.000,5.240,Run,NaN,NaN,1.598,1.000
112.406,0.010,0.600,-1.000,-1.000,5.230,Run,NaN,NaN,-0.398,1.000
112.416,0.010,0.600,1.000,1.000,5.240,Run,NaN,NaN,1.598,1.000
112.426,0.010,0.600,-1.000,-1.000,5.230,Run,NaN,NaN,-0.398,1.000
112.436,0.010,0.600,1.000,1.000,5.240,Run,NaN,NaN,1.598,1.000
112.446,0.010,0.600,-1.000,-1.000,5.230,Run,NaN,NaN,-0.398,1.000
112.456,0.010,0.600,1.000,1.000,5.240,Run,NaN,NaN,1.598,1.000
112.466,0.010,0.600,-1.000,-1.000,5.230,Run,NaN,NaN,-0.398,1.000
112.476,0.010,0.600,1.000,1.000,5.240,Run,NaN,NaN,1.598,1.000
112.486,0.010,0.600,-1.000,-1.000,5.230,Run,NaN,NaN,-0.398,1.000
112.496,0.010,0.600,1.000,1.000,5.240,Run,NaN,NaN,1.598,1.000
112.506,0.010,0.600,-1.000,-1.000,5.230,Run,NaN,NaN,-0.398,1.000
112.516,0.010,0.600,1.000,1.000,5.240,Run,NaN,NaN,1.598,1.000
112.526,0.010,0.600,-1.000,-1.000,5.230,Run,NaN,NaN,-0.398,1.000
112.536,0.010,0.600,1.000,1.000,5.240,Run,NaN,NaN,1.598,1.000
112.546,0.010,0.600,-1.000,-1.000,5.230,Run,NaN,NaN,-0.398,1.000
112.556,0.010,0.600,1.000,1.000,5.240,Run,NaN,NaN,1.598,1.000
112.566,0.010,0.600,-1.000,-1.000,5.230,Run,NaN,NaN,-0.398,1.000
112.576,0.010,0.600,1.000,1.000,5.240,Run,NaN,NaN,1.598,1.000
112.586,0.010,0.600,-1.000,-1.000,5.230,Run,NaN,NaN,-0.398,1.000
112.596,0.010,0.600,1.000,1.000,5.240,Run,NaN,NaN,1.598,1.000
112.606,0.010,0.600,-1.000,-1.000,5.230,Run,NaN,NaN,-0.398,1.000
112.616,0.010,0.600,1.000,1.000,5.240,Run,NaN,NaN,1.598,1.000
112.626,0.010,0.600,-1.000,-1.000,5.230,Run,NaN,NaN,-0.398,1.000
112.636,0.010,0.600,1.000,1.000,5.240,Run,NaN,NaN,1.598,1.000
112.646,0.010,0.600,-1.000,-1.000,5.230,Run,NaN,NaN,-0.398,1.000
112.656,0.010,0.600,1.000,1.000,5.240,Run,NaN,NaN,1.598,1.000
112.666,0.010,0.600,-1.000,-1.000,5.230,Run,NaN,NaN,-0.398,1.000
112.676,0.010,0.600,1.000,1.000,5.240,Run,NaN,NaN,1.598,1.000
112.686,0.010,0.600,-1.000,-1.000,5.230,Run,NaN,NaN,-0.398,1.000
112.696,0.010,0.600,1.000,1.000,5.240,Run,NaN,NaN,1.598,1.000
112.706,0.010,0.600,-1.000,-1.000,5.230,Run,NaN,NaN,-0.398,1.000
112.716,0.010,0.600,1.000,1.000,5.240,Run,NaN,NaN,1.598,1.000
112.726,0.010,0.600,-1.000,-1.000,5.230,Run,NaN,NaN,-0.398,1.000
112.736,0.010,0.600,1.000,1.000,5.240,Run,NaN,NaN,1.598,1.000
112.746,0.010,0.600,-1.000,-1.000,5.230,Run,NaN,NaN,-0.398,1.000
112.756,0.010,0.600,1.000,1.000,5.240,Run,NaN,NaN,1.598,1.000
112.766,0.010,0.600,-1.000,-1.000,5.230,Run,NaN,NaN,-0.398,1.000
112.776,0.010,0.600,1.000,1.000,5.240,Run,NaN,NaN,1.598,1.000
112.786,0.010,0.600,-1.000,-1.000,5.230,Run,NaN,NaN,-0.398,1.000
112.796,0.010,0.600,1.000,1.000,5.240,Run,NaN,NaN,1.598,1.000
112.806,0.010,0.600,-1.000,-1.000,5.230,Run,NaN,NaN,-0.398,1.000
112.816,0.010,0.600,1.000,1.000,5.240,Run,NaN,NaN,1.598,1.000
112.826,0.010,0.600,-1.000,-1.000,5.230,Run,NaN,NaN,-0.398,1.000
112.836,0.010,0.600,1.000,1.000,5.240,Run,NaN,NaN,1.598,1.000
112.846,0.010,0.600,-1.000,-1.000,5.230,Run,NaN,NaN,-0.398,1.000
112.856,0.010,0.600,1.000,1.000,5.240,Run,NaN,NaN,1.598,1.000
112.866,0.010,0.600,-1.000,-1.000,5.230,Run,NaN,NaN,-0.398,1.000
112.876,0.010,0.600,1.000,1.000,5.240,Run,NaN,NaN,1.598,1.000
112.886,0.010,0.600,-1.000,-1.000,5.230,Run,NaN,NaN,-0.398,1.000
112.896,0.010,0.600,1.000,1.000,5.240,Run,NaN,NaN,1.598,1.000
112.906,0.010,0.600,-1.000,-1.000,5.230,Run,NaN,NaN,-0.398,1.000
112.916,0.010,0.600,1.000,1.000,5.240,Run,NaN,NaN,1.598,1.000
112.926,0.010,0.600,-1.000,-1.000,5.230,Run,NaN,NaN,-0.398,1.000
112.936,0.010,0.600,1.000,1.000,5.240,Run,NaN,NaN,1.598,1.000
112.946,0.010,0.600,-1.000,-1.000,5.230,Run,NaN,NaN,-0.398,1.000
112.956,0.010,0.600,1.000,1.000,5.240,Run,NaN,NaN,1.598,1.000
112.966,0.010,0.600,-1.000,-1.000,5.230,Run,NaN,NaN,-0.398,1.000
112.976,0.010,0.600,1.000,1.000,5.240,Run,NaN,NaN,1.598,1.000
112.986,0.010,0.600,-1.000,-1.000,5.230,Run,NaN,NaN,-0.398,1.000
112.996,0.010,0.600,1.000,1.000,5.240,Run,NaN,NaN,1.598,1.000
113.006,0.010,0.600,-1.000,-1.000,5.230,Run,NaN,NaN,-0.398,1.000
113.016,0.010,0.600,1.000,1.000,5.240,Run,NaN,NaN,1.598,1.000
113.026,0.010,0.600,-1.000,-1.000,5.230,Run,NaN,NaN,-0.398,1.000
113.036,0.010,0.600,1.000,1.000,5.240,Run,NaN,NaN,1.598,1.000
113.046,0.010,0.600,-1.000,-1.000,5.230,Run,NaN,NaN,-0.398,1.000
113.056,0.010,0.600,1.000,1.000,5.240,Run,NaN,NaN,1.598,1.000
113.066,0.010,0.600,-1.000,-1.000,5.230,Run,NaN,NaN,-0.398,1.000
113.076,0.010,0.600,1.000,1.000,5.240,Run,NaN,NaN,1.598,1.000
113.086,0.010,0.600,-1.000,-1.000,5.230,Run,NaN,NaN,-0.398,1.000
113.096,0.010,0.600,1.000,1.000,5.240,Run,NaN,NaN,1.598,1.000
113.106,0.010,0.600,-1.000,-1.000,5.230,Run,NaN,NaN,-0.398,1.000
113.116,0.010,0.600,1.000,1.000,5.240,Run,NaN,NaN,1.598,1.000
113.126,0.010,0.600,-1.000,-1.000,5.230,Run,NaN,NaN,-0.398,1.000
113.136,0.010,0.600,1.000,1.000,5.240,Run,NaN,NaN,1.598,1.000
113.146,0.010,0.600,-1.000,-1.000,5.230,Run,NaN,NaN,-0.398,1.000
113.156,0.010,0.600,1.000,1.000,5.240,Run,NaN,NaN,1.598,1.000
113.166,0.010,0.600,-1.000,-1.000,5.230,Run,NaN,NaN,-0.398,1.000
113.176,0.010,0.600,1.000,1.000,5.240,Run,NaN,NaN,1.598,1.000
113.186,0.010,0.600,-1.000,-1.000,5.230,Run,NaN,NaN,-0.398,1.000
113.196,0.010,0.600,1.000,1.000,5.240,Run,NaN,NaN,1.598,1.000
113.206,0.010,0.600,-1.000,-1.000,5.230,Run,NaN,NaN,-0.398,1.000
113.216,0.010,0.600,1.000,1.000,5.240,Run,NaN,NaN,1.598,1.000
113.226,0.010,0.600,-1.000,-1.000,5.230,Run,NaN,NaN,-0.398,1.000
113.236,0.010,0.600,1.000,1.000,5.240,Run,NaN,NaN,1.598,1.000
113.246,0.010,0.600,-1.000,-1.000,5.230,Run,NaN,NaN,-0.398,1.000
113.256,0.010,0.600,1.000,1.000,5.240,Run,NaN,NaN,1.598,1.000
113.266,0.010,0.600,-1.000,-1.000,5.230,Run,NaN,NaN,-0.398,1.000
113.276,0.010,0.600,1.000,1.000,5.240,Run,NaN,NaN,1.598,1.000
113.286,0.010,0.600,-1.000,-1.000,5.230,Run,NaN,NaN,-0.398,1.000
113.296,0.010,0.600,1.000,1.000,5.240,Run,NaN,NaN,1.598,1.000
113.306,0.010,0.600,-1.000,-1.000,5.230,Run,NaN,NaN,-0.398,1.000
113.316,0.010,0.600,1.000,1.000,5.240,Run,NaN,NaN,1.598,1.000
113.326,0.010,0.600,-1.000,-1.000,5.230,Run,NaN,NaN,-0.398,1.000
113.336,0.010,0.600,1.000,1.000,5.240,Run,NaN,NaN,1.598,1.000
113.346,0.010,0.600,-1.000,-1.000,5.230,Run,NaN,NaN,-0.398,1.000
113.356,0.010,0.600,1.000,1.000,5.240,Run,NaN,NaN,1.598,1.000
113.366,0.010,0.600,-1.000,-1.000,5.230,Run,NaN,NaN,-0.398,1.000
113.376,0.010,0.600,1.000,1.000,5.240,Run,NaN,NaN,1.598,1.000
113.386,0.010,0.600,-1.000,-1.000,5.230,Run,NaN,NaN,-0.398,1.000
113.396,0.010,0.600,1.000,1.000,5.240,Run,NaN,NaN,1.598,1.000
113.406,0.010,0.600,-1.000,-1.000,5.230,Run,NaN,NaN,-0.398,1.000
113.416,0.010,0.600,1.000,1.000,5.240,Run,NaN,NaN,1.598,1.000
113.426,0.010,0.600,-1.000,-1.000,5.230,Run,NaN,NaN,-0.398,1.000
113.436,0.010,0.600,1.000,1.000,5.240,Run,NaN,NaN,1.598,1.000
113.446,0.010,0.600,-1.000,-1.000,5.230,Run,NaN,NaN,-0.398,1.000
113.456,0.010,0.600,1.000,1.000,5.240,Run,NaN,NaN,1.598,1.000
113.466,0.010,0.600,-1.000,-1.000,5.230,Run,NaN,NaN,-0.398,1.000
113.476,0.010,0.600,1.000,1.000,5.240,Run,NaN,NaN,1.598,1.000
113.486,0.010,0.600,-1.000,-1.000,5.230,Run,NaN,NaN,-0.398,1.000
113.496,0.010,0.600,1.000,1.000,5.240,Run,NaN,NaN,1.598,1.000
113.506,0.010,0.600,-1.000,-1.000,5.230,Run,NaN,NaN,-0.398,1.000
113.516,0.010,0.600,1.000,1.000,5.240,Run,NaN,NaN,1.598,1.000
113.526,0.010,0.600,-1.000,-1.000,5.230,Run,NaN,NaN,-0.398,1.000
113.536,0.010,0.600,1.000,1.000,5.240,Run,NaN,NaN,1.598,1.000
113.546,0.010,0.600,-1.000,-1.000,5.230,Run,NaN,NaN,-0.398,1.000
113.556,0.010,0.600,1.000,1.000,5.240,Run,NaN,NaN,1.598,1.000
113.566,0.010,0.600,-1.000,-1.000,5.230,Run,NaN,NaN,-0.398,1.000
113.576,0.010,0.600,1.000,1.000,5.240,Run,NaN,NaN,1.598,1.000
113.586,0.010,0.600,-1.000,-1.000,5.230,Run,NaN,NaN,-0.398,1.000
113.596,0.010,0.600,1.000,1.000,5.240,Run,NaN,NaN,1.598,1.000
113.606,0.010,0.600,-1.000,-1.000,5.230,Run,NaN,NaN,-0.398,1.000
113.616,0.010,0.600,1.000,1.000,5.240,Run,NaN,NaN,1.598,1.000
113.626,0.010,0.600,-1.000,-1.000,5.230,Run,NaN,NaN,-0.398,1.000
113.636,0.010,0.600,1.000,1.000,5.240,Run,NaN,NaN,1.598,1.000
113.646,0.010,0.600,-1.000,-1.000,5.230,Run,NaN,NaN,-0.398,1.000
113.656,0.010,0.600,1.000,1.000,5.240,Run,NaN,NaN,1.598,1.000
113.666,0.010,0.600,-1.000,-1.000,5.230,Run,NaN,NaN,-0.398,1.000
113.676,0.010,0.600,1.000,1.000,5.240,Run,NaN,NaN,1.598,1.000
113.686,0.010,0.600,-1.000,-1.000,5.230,Run,NaN,NaN,-0.398,1.000
113.696,0.010,0.600,1.000,1.000,5.240,Run,NaN,NaN,1.598,1.000
113.706,0.010,0.600,-1.000,-1.000,5.230,Run,NaN,NaN,-0.398,1.000
113.716,0.010,0.600,1.000,1.000,5.240,Run,NaN,NaN,1.598,1.000
113.726,0.010,0.600,-1.000,-1.000,5.230,Run,NaN,NaN,-0.398,1.000
113.736,0.010,0.600,1.000,1.000,5.240,Run,NaN,NaN,1.598,1.000
113.746,0.010,0.600,-1.000,-1.000,5.230,Run,NaN,NaN,-0.398,1.000
113.756,0.010,0.600,1.000,1.000,5.240,Run,NaN,NaN,1.598,1.000
113.766,0.010,0.600,-1.000,-1.000,5.230,Run,NaN,NaN,-0.398,1.000
113.776,0.010,0.600,1.000,1.000,5.240,Run,NaN,NaN,1.598,1.000
113.786,0.010,0.600,-1.000,-1.000,5.230,Run,NaN,NaN,-0.398,1.000
113.796,0.010,0.600,1.000,1.000,5.240,Run,NaN,NaN,1.598,1.000
113.806,0.010,0.600,-1.000,-1.000,5.230,Run,NaN,NaN,-0.398,1.000
113.816,0.010,0.600,1.000,1.000,5.240,Run,NaN,NaN,1.598,1.000
113.826,0.010,0.600,-1.000,-1.000,5.230,Run,NaN,NaN,-0.398,1.000
113.836,0.010,0.600,1.000,1.000,5.240,Run,NaN,NaN,1.598,1.000
113.846,0.010,0.600,-1.000,-1.000,5.230,Run,NaN,NaN,-0.398,1.000
113.856,0.010,0.600,1.000,1.000,5.240,Run,NaN,NaN,1.598,1.000
113.866,0.010,0.600,-1.000,-1.000,5.230,Run,NaN,NaN,-0.398,1.000
113.876,0.010,0.600,1.000,1.000,5.240,Run,NaN,NaN,1.598,1.000
113.886,0.010,0.600,-1.000,-1.000,5.230,Run,NaN,NaN,-0.398,1.000
113.896,0.010,0.600,1.000,1.000,5.240,Run,NaN,NaN,1.598,1.000
113.906,0.010,0.600,-1.000,-1.000,5.230,Run,NaN,NaN,-0.398,1.000
113.916,0.010,0.600,1.000,1.000,5.240,Run,NaN,NaN,1.598,1.000
113.926,0.010,0.600,-1.000,-1.000,5.230,Run,NaN,NaN,-0.398,1.000
113.936,0.010,0.600,1.000,1.000,5.240,Run,NaN,NaN,1.598,1.000
113.946,0.010,0.600,-1.000,-1.000,5.230,Run,NaN,NaN,-0.398,1.000
113.956,0.010,0.600,1.000,1.000,5.240,Run,NaN,NaN,1.598,1.000
113.966,0.010,0.600,-1.000,-1.000,5.230,Run,NaN,NaN,-0.398,1.000
113.976,0.010,0.600,1.000,1.000,5.240,Run,NaN,NaN,1.598,1.000
113.986,0.010,0.600,-1.000,-1.000,5.230,Run,NaN,NaN,-0.398,1.000
113.996,0.010,0.600,1.000,1.000,5.240,Run,NaN,NaN,1.598,1.000
114.006,0.010,0.600,-1.000,-1.000,5.230,Run,NaN,NaN,-0.398,1.000
114.016,0.010,0.600,1.000,1.000,5.240,Run,NaN,NaN,1.598,1.000
114.026,0.010,0.600,-1.000,-1.000,5.230,Run,NaN,NaN,-0.398,1.000
114.036,0.010,0.600,1.000,1.000,5.240,Run,NaN,NaN,1.598,1.000
114.046,0.010,0.600,-1.000,-1.000,5.230,Run,NaN,NaN,-0.398,1.000
114.056,0.010,0.600,1.000,1.000,5.240,Run,NaN,NaN,1.598,1.000
114.066,0.010,0.600,-1.000,-1.000,5.230,Run,NaN,NaN,-0.398,1.000
114.076,0.010,0.600,1.000,1.000,5.240,Run,NaN,NaN,1.598,1.000
114.086,0.010,0.600,-1.000,-1.000,5.230,Run,NaN,NaN,-0.398,1.000
114.096,0.010,0.600,1.000,1.000,5.240,Run,NaN,NaN,1.598,1.000
114.106,0.010,0.600,-1.000,-1.000,5.230,Run,NaN,NaN,-0.398,1.000
114.116,0.010,0.600,1.000,1.000,5.240,Run,NaN,NaN,1.598,1.000
114.126,0.010,0.600,-1.000,-1.000,5.230,Run,NaN,NaN,-0.398,1.000
114.136,0.010,0.600,1.000,1.000,5.240,Run,NaN,NaN,1.598,1.000
114.146,0.010,0.600,-1.000,-1.000,5.230,Run,NaN,NaN,-0.398,1.000
114.156,0.010,0.600,1.000,1.000,5.240,Run,NaN,NaN,1.598,1.000
114.166,0.010,0.600,-1.000,-1.000,5.230,Run,NaN,NaN,-0.398,1.000
114.176,0.010,0.600,1.000,1.000,5.240,Run,NaN,NaN,1.598,1.000
114.186,0.010,0.600,-1.000,-1.000,5.230,Run,NaN,NaN,-0.398,1.000
114.196,0.010,0.600,1.000,1.000,5.240,Run,NaN,NaN,1.598,1.000
114.206,0.010,0.600,-1.000,-1.000,5.230,Run,NaN,NaN,-0.398,1.000
114.216,0.010,0.600,1.000,1.000,5.240,Run,NaN,NaN,1.598,1.000
114.226,0.010,0.600,-1.000,-1.000,5.230,Run,NaN,NaN,-0.398,1.000
114.236,0.010,0.600,1.000,1.000,5.240,Run,NaN,NaN,1.598,1.000
114.246,0.010,0.600,-1.000,-1.000,5.230,Run,NaN,NaN,-0.398,1.000
114.256,0.010,0.600,1.000,1.000,5.240,Run,NaN,NaN,1.598,1.000
114.266,0.010,0.600,-1.000,-1.000,5.230,Run,NaN,NaN,-0.398,1.000
114.276,0.010,0.600,1.000,1.000,5.240,Run,NaN,NaN,1.598,1.000
114.286,0.010,0.600,-1.000,-1.000,5.230,Run,NaN,NaN,-0.398,1.000
114.296,0.010,0.600,1.000,1.000,5.240,Run,NaN,NaN,1.598,1.000
114.306,0.010,0.600,-1.000,-1.000,5.230,Run,NaN,NaN,-0.398,1.000
114.316,0.010,0.600,1.000,1.000,5.240,Run,NaN,NaN,1.598,1.000
114.326,0.010,0.600,-1.000,-1.000,5.230,Run,NaN,NaN,-0.398,1.000
114.336,0.010,0.600,1.000,1.000,5.240,Run,NaN,NaN,1.598,1.000
114.346,0.010,0.600,-1.000,-1.000,5.230,Run,NaN,NaN,-0.398,1.000
114.356,0.010,0.600,1.000,1.000,5.240,Run,NaN,NaN,1.598,1.000
114.366,0.010,0.600,-1.000,-1.000,5.230,Run,NaN,NaN,-0.398,1.000
114.376,0.010,0.600,1.000,1.000,5.240,Run,NaN,NaN,1.598,1.000
114.386,0.010,0.600,-1.000,-1.000,5.230,Run,NaN,NaN,-0.398,1.000
114.396,0.010,0.600,1.000,1.000,5.240,Run,NaN,NaN,1.598,1.000
114.406,0.010,0.600,-1.000,-1.000,5.230,Run,NaN,NaN,-0.398,1.000
114.416,0.010,0.600,1.000,1.000,5.240,Run,NaN,NaN,1.598,1.000
114.426,0.010,0.600,-1.000,-1.000,5.230,Run,NaN,NaN,-0.398,1.000
114.436,0.010,0.600,1.000,1.000,5.240,Run,NaN,NaN,1.598,1.000
114.446,0.010,0.600,-1.000,-1.000,5.230,Run,NaN,NaN,-0.398,1.000
114.456,0.010,0.600,1.000,1.000,5.240,Run,NaN,NaN,1.598,1.000
114.466,0.010,0.600,-1.000,-1.000,5.230,Run,NaN,NaN,-0.398,1.000
114.476,0.010,0.600,1.000,1.000,5.240,Run,NaN,NaN,1.598,1.000
114.486,0.010,0.600,-1.000,-1.000,5.230,Run,NaN,NaN,-0.398,1.000
114.496,0.010,0.600,1.000,1.000,5.240,Run,NaN,NaN,1.598,1.000
114.506,0.010,0.600,-1.000,-1.000,5.230,Run,NaN,NaN,-0.398,1.000
114.516,0.010,0.600,1.000,1.000,5.240,Run,NaN,NaN,1.598,1.000
114.526,0.010,0.600,-1.000,-1.000,5.230,Run,NaN,NaN,-0.398,1.000
114.536,0.010,0.600,1.000,1.000,5.240,Run,NaN,NaN,1.598,1.000
114.546,0.010,0.600,-1.000,-1.000,5.230,Run,NaN,NaN,-0.398,1.000
114.556,0.010,0.600,1.000,1.000,5.240,Run,NaN,NaN,1.598,1.000
114.566,0.010,0.600,-1.000,-1.000,5.230,Run,NaN,NaN,-0.398,1.000
114.576,0.010,0.600,1.000,1.000,5.240,Run,NaN,NaN,1.598,1.000
114.586,0.010,0.600,-1.000,-1.000,5.230,Run,NaN,NaN,-0.398,1.000
114.596,0.010,0.600,1.000,1.000,5.240,Run,NaN,NaN,1.598,1.000
114.606,0.010,0.600,-1.000,-1.000,5.230,Run,NaN,NaN,-0.398,1.000
114.616,0.010,0.600,1.000,1.000,5.240,Run,NaN,NaN,1.598,1.000
114.626,0.010,0.600,-1.000,-1.000,5.230,Run,NaN,NaN,-0.398,1.000
114.636,0.010,0.600,1.000,1.000,5.240,Run,NaN,NaN,1.598,1.000
114.646,0.010,0.600,-1.000,-1.000,5.230,Run,NaN,NaN,-0.398,1.000
114.656,0.010,0.600,1.000,1.000,5.240,Run,NaN,NaN,1.598,1.000
114.666,0.010,0.600,-1.000,-1.000,5.230,Run,NaN,NaN,-0.398,1.000
114.676,0.010,0.600,1.000,1.000,5.240,Run,NaN,NaN,1.598,1.000
114.686,0.010,0.600,-1.000,-1.000,5.230,Run,NaN,NaN,-0.398,1.000
114.696,0.010,0.600,1.000,1.000,5.240,Run,NaN,NaN,1.598,1.000
114.706,0.010,0.600,-1.000,-1.000,5.230,Run,NaN,NaN,-0.398,1.000
114.716,0.010,0.600,1.000,1.000,5.240,Run,NaN,NaN,1.598,1.000
114.726,0.010,0.600,-1.000,-1.000,5.230,Run,NaN,NaN,-0.398,1.000
